date,time_start,time_end,source_family,summary_recovery_type,source_mode,data_visibility,confidence_cap,proxy_vs_raw_verdict,proxy_raw_agreement_state,source_quality_score,source_quality_state,b6_memory_candidate_score,b6_memory_candidate_state,raw_texture_role,raw_delta_pips,raw_range_pips,raw_tick_count,moment_type,label_fr,memory_candidate_reason,technical_limits
2026-05-05,2026-05-05T14:13:00+00:00,2026-05-05T14:14:00+00:00,FORCE_SNAPSHOT_DERIVED,FORCE_SNAPSHOT_DERIVED,M1_BAR_PROXY,RECONSTRUCTED_FORCE_SNAPSHOT_DERIVED,0.35,CONFIRMED_BY_RAW,CONFIRMED_BY_RAW,0.760,SOURCE_QUALITY_USABLE,0.880,B6_KEEP_CANDIDATE,RAW_PROGRESS_CONFIRMED,-3.3,5.5,165,FLOW_BALANCED_AUCTION,Auction équilibrée proxy,"KEEP prioritaire: scene confirmee raw, texture RAW_PROGRESS_CONFIRMED, provenance FORCE_SNAPSHOT_DERIVED, score memoire 0.880.",FORCE_SNAPSHOT_DERIVED: reconstruction force_snapshots_v2; not recovered existing summary; proxy/reconstructed reading; not full footprint claim; CONFIRMED_BY_RAW: raw supports proxy reading; source_quality_raw=PARTIAL_PROXY_COVERAGE; confidence_cap=0.35; read-only; no DB write; no dashboard; no Telegram; no BUY/SELL
2026-05-05,2026-05-05T23:06:00+00:00,2026-05-06T00:00:00+00:00,FORCE_SNAPSHOT_DERIVED,FORCE_SNAPSHOT_DERIVED,M1_BAR_PROXY,RECONSTRUCTED_FORCE_SNAPSHOT_DERIVED,0.35,NUANCED_BY_RAW,NUANCED_BY_RAW,0.680,SOURCE_QUALITY_USABLE,0.770,B6_KEEP_CANDIDATE,RAW_FRICTION_CONFIRMED,0.0,0.0,1,FLOW_DIRECTIONAL_DISPLACEMENT,Déplacement directionnel proxy,KEEP nuance: raw nuance la scene mais qualite/texture suffisantes pour comparaison B6; provenance FORCE_SNAPSHOT_DERIVED; score memoire 0.770.,FORCE_SNAPSHOT_DERIVED: reconstruction force_snapshots_v2; not recovered existing summary; proxy/reconstructed reading; not full footprint claim; NUANCED_BY_RAW: useful but not hard-confirmed raw; source_quality_raw=PARTIAL_PROXY_COVERAGE; confidence_cap=0.35; read-only; no DB write; no dashboard; no Telegram; no BUY/SELL
2026-05-06,2026-05-06T00:01:00+00:00,2026-05-06T00:03:00+00:00,RECOVERED_EXISTING_B9_SUMMARY,RECOVERED_EXISTING_B9_SUMMARY,M1_BAR_PROXY,RECONSTRUCTED,0.35,NUANCED_BY_RAW,NUANCED_BY_RAW,0.860,SOURCE_QUALITY_STRONG,0.950,B6_KEEP_CANDIDATE,RAW_FRICTION_CONFIRMED,-0.1,3.7,218,RECOVERED_FRICTION_ABSORPTION_LIKE,Friction type absorption: effort visible sans résultat directionnel propre.,KEEP nuance: raw nuance la scene mais qualite/texture suffisantes pour comparaison B6; provenance RECOVERED_EXISTING_B9_SUMMARY; score memoire 0.950.,RECOVERED_EXISTING_B9_SUMMARY: recovered explicit B9 moments; shift0 raw alignment; proxy/reconstructed reading; not full footprint claim; NUANCED_BY_RAW: useful but not hard-confirmed raw; source_quality_raw=RECOVERED_EXISTING_B9_SUMMARY_SHIFT0_FULL_RAW_ALIGNMENT; confidence_cap=0.35; read-only; no DB write; no dashboard; no Telegram; no BUY/SELL
2026-05-06,2026-05-06T00:03:00+00:00,2026-05-06T00:04:00+00:00,RECOVERED_EXISTING_B9_SUMMARY,RECOVERED_EXISTING_B9_SUMMARY,M1_BAR_PROXY,RECONSTRUCTED,0.35,NUANCED_BY_RAW,NUANCED_BY_RAW,0.860,SOURCE_QUALITY_STRONG,0.950,B6_KEEP_CANDIDATE,RAW_FRICTION_CONFIRMED,0.7,1.7,108,RECOVERED_FRICTION_ABSORPTION_LIKE,"Flux mixte: conserver comme lecture de contexte, pas comme décision.",KEEP nuance: raw nuance la scene mais qualite/texture suffisantes pour comparaison B6; provenance RECOVERED_EXISTING_B9_SUMMARY; score memoire 0.950.,RECOVERED_EXISTING_B9_SUMMARY: recovered explicit B9 moments; shift0 raw alignment; proxy/reconstructed reading; not full footprint claim; NUANCED_BY_RAW: useful but not hard-confirmed raw; source_quality_raw=RECOVERED_EXISTING_B9_SUMMARY_SHIFT0_FULL_RAW_ALIGNMENT; confidence_cap=0.35; read-only; no DB write; no dashboard; no Telegram; no BUY/SELL
2026-05-06,2026-05-06T00:04:00+00:00,2026-05-06T00:05:00+00:00,RECOVERED_EXISTING_B9_SUMMARY,RECOVERED_EXISTING_B9_SUMMARY,M1_BAR_PROXY,RECONSTRUCTED,0.35,NUANCED_BY_RAW,NUANCED_BY_RAW,0.860,SOURCE_QUALITY_STRONG,0.950,B6_KEEP_CANDIDATE,RAW_FRICTION_CONFIRMED,-0.1,2.5,98,RECOVERED_FRICTION_ABSORPTION_LIKE,Friction type absorption: effort visible sans résultat directionnel propre.,KEEP nuance: raw nuance la scene mais qualite/texture suffisantes pour comparaison B6; provenance RECOVERED_EXISTING_B9_SUMMARY; score memoire 0.950.,RECOVERED_EXISTING_B9_SUMMARY: recovered explicit B9 moments; shift0 raw alignment; proxy/reconstructed reading; not full footprint claim; NUANCED_BY_RAW: useful but not hard-confirmed raw; source_quality_raw=RECOVERED_EXISTING_B9_SUMMARY_SHIFT0_FULL_RAW_ALIGNMENT; confidence_cap=0.35; read-only; no DB write; no dashboard; no Telegram; no BUY/SELL
2026-05-06,2026-05-06T00:05:00+00:00,2026-05-06T00:06:00+00:00,RECOVERED_EXISTING_B9_SUMMARY,RECOVERED_EXISTING_B9_SUMMARY,M1_BAR_PROXY,RECONSTRUCTED,0.35,NUANCED_BY_RAW,NUANCED_BY_RAW,0.860,SOURCE_QUALITY_STRONG,0.950,B6_KEEP_CANDIDATE,RAW_FRICTION_CONFIRMED,-0.6,3.0,88,RECOVERED_FRICTION_ABSORPTION_LIKE,Friction type absorption: effort visible sans résultat directionnel propre.,KEEP nuance: raw nuance la scene mais qualite/texture suffisantes pour comparaison B6; provenance RECOVERED_EXISTING_B9_SUMMARY; score memoire 0.950.,RECOVERED_EXISTING_B9_SUMMARY: recovered explicit B9 moments; shift0 raw alignment; proxy/reconstructed reading; not full footprint claim; NUANCED_BY_RAW: useful but not hard-confirmed raw; source_quality_raw=RECOVERED_EXISTING_B9_SUMMARY_SHIFT0_FULL_RAW_ALIGNMENT; confidence_cap=0.35; read-only; no DB write; no dashboard; no Telegram; no BUY/SELL
2026-05-06,2026-05-06T00:06:00+00:00,2026-05-06T00:07:00+00:00,RECOVERED_EXISTING_B9_SUMMARY,RECOVERED_EXISTING_B9_SUMMARY,M1_BAR_PROXY,RECONSTRUCTED,0.35,NUANCED_BY_RAW,NUANCED_BY_RAW,0.860,SOURCE_QUALITY_STRONG,0.950,B6_KEEP_CANDIDATE,RAW_FRICTION_CONFIRMED,2.9,3.4,94,RECOVERED_FRICTION_ABSORPTION_LIKE,"Flux mixte: conserver comme lecture de contexte, pas comme décision.",KEEP nuance: raw nuance la scene mais qualite/texture suffisantes pour comparaison B6; provenance RECOVERED_EXISTING_B9_SUMMARY; score memoire 0.950.,RECOVERED_EXISTING_B9_SUMMARY: recovered explicit B9 moments; shift0 raw alignment; proxy/reconstructed reading; not full footprint claim; NUANCED_BY_RAW: useful but not hard-confirmed raw; source_quality_raw=RECOVERED_EXISTING_B9_SUMMARY_SHIFT0_FULL_RAW_ALIGNMENT; confidence_cap=0.35; read-only; no DB write; no dashboard; no Telegram; no BUY/SELL
2026-05-06,2026-05-06T00:07:00+00:00,2026-05-06T00:08:00+00:00,RECOVERED_EXISTING_B9_SUMMARY,RECOVERED_EXISTING_B9_SUMMARY,M1_BAR_PROXY,RECONSTRUCTED,0.35,NUANCED_BY_RAW,NUANCED_BY_RAW,0.860,SOURCE_QUALITY_STRONG,0.950,B6_KEEP_CANDIDATE,RAW_FRICTION_CONFIRMED,-2.0,2.4,79,RECOVERED_FRICTION_ABSORPTION_LIKE,"Flux mixte: conserver comme lecture de contexte, pas comme décision.",KEEP nuance: raw nuance la scene mais qualite/texture suffisantes pour comparaison B6; provenance RECOVERED_EXISTING_B9_SUMMARY; score memoire 0.950.,RECOVERED_EXISTING_B9_SUMMARY: recovered explicit B9 moments; shift0 raw alignment; proxy/reconstructed reading; not full footprint claim; NUANCED_BY_RAW: useful but not hard-confirmed raw; source_quality_raw=RECOVERED_EXISTING_B9_SUMMARY_SHIFT0_FULL_RAW_ALIGNMENT; confidence_cap=0.35; read-only; no DB write; no dashboard; no Telegram; no BUY/SELL
2026-05-06,2026-05-06T00:08:00+00:00,2026-05-06T00:09:00+00:00,RECOVERED_EXISTING_B9_SUMMARY,RECOVERED_EXISTING_B9_SUMMARY,M1_BAR_PROXY,RECONSTRUCTED,0.35,NUANCED_BY_RAW,NUANCED_BY_RAW,0.860,SOURCE_QUALITY_STRONG,0.950,B6_KEEP_CANDIDATE,RAW_FRICTION_CONFIRMED,-0.8,1.7,66,RECOVERED_FRICTION_ABSORPTION_LIKE,"Flux mixte: conserver comme lecture de contexte, pas comme décision.",KEEP nuance: raw nuance la scene mais qualite/texture suffisantes pour comparaison B6; provenance RECOVERED_EXISTING_B9_SUMMARY; score memoire 0.950.,RECOVERED_EXISTING_B9_SUMMARY: recovered explicit B9 moments; shift0 raw alignment; proxy/reconstructed reading; not full footprint claim; NUANCED_BY_RAW: useful but not hard-confirmed raw; source_quality_raw=RECOVERED_EXISTING_B9_SUMMARY_SHIFT0_FULL_RAW_ALIGNMENT; confidence_cap=0.35; read-only; no DB write; no dashboard; no Telegram; no BUY/SELL
2026-05-06,2026-05-06T00:09:00+00:00,2026-05-06T00:10:00+00:00,RECOVERED_EXISTING_B9_SUMMARY,RECOVERED_EXISTING_B9_SUMMARY,M1_BAR_PROXY,RECONSTRUCTED,0.35,NUANCED_BY_RAW,NUANCED_BY_RAW,0.860,SOURCE_QUALITY_STRONG,0.950,B6_KEEP_CANDIDATE,RAW_FRICTION_CONFIRMED,1.2,1.3,71,RECOVERED_FRICTION_ABSORPTION_LIKE,"Flux mixte: conserver comme lecture de contexte, pas comme décision.",KEEP nuance: raw nuance la scene mais qualite/texture suffisantes pour comparaison B6; provenance RECOVERED_EXISTING_B9_SUMMARY; score memoire 0.950.,RECOVERED_EXISTING_B9_SUMMARY: recovered explicit B9 moments; shift0 raw alignment; proxy/reconstructed reading; not full footprint claim; NUANCED_BY_RAW: useful but not hard-confirmed raw; source_quality_raw=RECOVERED_EXISTING_B9_SUMMARY_SHIFT0_FULL_RAW_ALIGNMENT; confidence_cap=0.35; read-only; no DB write; no dashboard; no Telegram; no BUY/SELL
2026-05-06,2026-05-06T00:10:00+00:00,2026-05-06T00:11:00+00:00,RECOVERED_EXISTING_B9_SUMMARY,RECOVERED_EXISTING_B9_SUMMARY,M1_BAR_PROXY,RECONSTRUCTED,0.35,NUANCED_BY_RAW,NUANCED_BY_RAW,0.860,SOURCE_QUALITY_STRONG,0.950,B6_KEEP_CANDIDATE,RAW_FRICTION_CONFIRMED,-2.4,3.0,81,RECOVERED_FRICTION_ABSORPTION_LIKE,"Flux mixte: conserver comme lecture de contexte, pas comme décision.",KEEP nuance: raw nuance la scene mais qualite/texture suffisantes pour comparaison B6; provenance RECOVERED_EXISTING_B9_SUMMARY; score memoire 0.950.,RECOVERED_EXISTING_B9_SUMMARY: recovered explicit B9 moments; shift0 raw alignment; proxy/reconstructed reading; not full footprint claim; NUANCED_BY_RAW: useful but not hard-confirmed raw; source_quality_raw=RECOVERED_EXISTING_B9_SUMMARY_SHIFT0_FULL_RAW_ALIGNMENT; confidence_cap=0.35; read-only; no DB write; no dashboard; no Telegram; no BUY/SELL
2026-05-06,2026-05-06T00:11:00+00:00,2026-05-06T00:12:00+00:00,RECOVERED_EXISTING_B9_SUMMARY,RECOVERED_EXISTING_B9_SUMMARY,M1_BAR_PROXY,RECONSTRUCTED,0.35,NUANCED_BY_RAW,NUANCED_BY_RAW,0.860,SOURCE_QUALITY_STRONG,0.950,B6_KEEP_CANDIDATE,RAW_FRICTION_CONFIRMED,-0.7,1.0,62,RECOVERED_FRICTION_ABSORPTION_LIKE,"Flux mixte: conserver comme lecture de contexte, pas comme décision.",KEEP nuance: raw nuance la scene mais qualite/texture suffisantes pour comparaison B6; provenance RECOVERED_EXISTING_B9_SUMMARY; score memoire 0.950.,RECOVERED_EXISTING_B9_SUMMARY: recovered explicit B9 moments; shift0 raw alignment; proxy/reconstructed reading; not full footprint claim; NUANCED_BY_RAW: useful but not hard-confirmed raw; source_quality_raw=RECOVERED_EXISTING_B9_SUMMARY_SHIFT0_FULL_RAW_ALIGNMENT; confidence_cap=0.35; read-only; no DB write; no dashboard; no Telegram; no BUY/SELL
2026-05-06,2026-05-06T00:12:00+00:00,2026-05-06T00:13:00+00:00,RECOVERED_EXISTING_B9_SUMMARY,RECOVERED_EXISTING_B9_SUMMARY,M1_BAR_PROXY,RECONSTRUCTED,0.35,NUANCED_BY_RAW,NUANCED_BY_RAW,0.860,SOURCE_QUALITY_STRONG,0.950,B6_KEEP_CANDIDATE,RAW_FRICTION_CONFIRMED,1.8,1.8,49,RECOVERED_FRICTION_ABSORPTION_LIKE,"Flux mixte: conserver comme lecture de contexte, pas comme décision.",KEEP nuance: raw nuance la scene mais qualite/texture suffisantes pour comparaison B6; provenance RECOVERED_EXISTING_B9_SUMMARY; score memoire 0.950.,RECOVERED_EXISTING_B9_SUMMARY: recovered explicit B9 moments; shift0 raw alignment; proxy/reconstructed reading; not full footprint claim; NUANCED_BY_RAW: useful but not hard-confirmed raw; source_quality_raw=RECOVERED_EXISTING_B9_SUMMARY_SHIFT0_FULL_RAW_ALIGNMENT; confidence_cap=0.35; read-only; no DB write; no dashboard; no Telegram; no BUY/SELL
2026-05-06,2026-05-06T00:13:00+00:00,2026-05-06T00:14:00+00:00,RECOVERED_EXISTING_B9_SUMMARY,RECOVERED_EXISTING_B9_SUMMARY,M1_BAR_PROXY,RECONSTRUCTED,0.35,NUANCED_BY_RAW,NUANCED_BY_RAW,0.860,SOURCE_QUALITY_STRONG,0.950,B6_KEEP_CANDIDATE,RAW_FRICTION_CONFIRMED,-3.2,3.2,81,RECOVERED_FRICTION_ABSORPTION_LIKE,"Flux mixte: conserver comme lecture de contexte, pas comme décision.",KEEP nuance: raw nuance la scene mais qualite/texture suffisantes pour comparaison B6; provenance RECOVERED_EXISTING_B9_SUMMARY; score memoire 0.950.,RECOVERED_EXISTING_B9_SUMMARY: recovered explicit B9 moments; shift0 raw alignment; proxy/reconstructed reading; not full footprint claim; NUANCED_BY_RAW: useful but not hard-confirmed raw; source_quality_raw=RECOVERED_EXISTING_B9_SUMMARY_SHIFT0_FULL_RAW_ALIGNMENT; confidence_cap=0.35; read-only; no DB write; no dashboard; no Telegram; no BUY/SELL
2026-05-06,2026-05-06T00:14:00+00:00,2026-05-06T00:15:00+00:00,RECOVERED_EXISTING_B9_SUMMARY,RECOVERED_EXISTING_B9_SUMMARY,M1_BAR_PROXY,RECONSTRUCTED,0.35,NUANCED_BY_RAW,NUANCED_BY_RAW,0.860,SOURCE_QUALITY_STRONG,0.950,B6_KEEP_CANDIDATE,RAW_FRICTION_CONFIRMED,1.0,1.7,57,RECOVERED_FRICTION_ABSORPTION_LIKE,"Flux mixte: conserver comme lecture de contexte, pas comme décision.",KEEP nuance: raw nuance la scene mais qualite/texture suffisantes pour comparaison B6; provenance RECOVERED_EXISTING_B9_SUMMARY; score memoire 0.950.,RECOVERED_EXISTING_B9_SUMMARY: recovered explicit B9 moments; shift0 raw alignment; proxy/reconstructed reading; not full footprint claim; NUANCED_BY_RAW: useful but not hard-confirmed raw; source_quality_raw=RECOVERED_EXISTING_B9_SUMMARY_SHIFT0_FULL_RAW_ALIGNMENT; confidence_cap=0.35; read-only; no DB write; no dashboard; no Telegram; no BUY/SELL
2026-05-06,2026-05-06T00:15:00+00:00,2026-05-06T00:16:00+00:00,RECOVERED_EXISTING_B9_SUMMARY,RECOVERED_EXISTING_B9_SUMMARY,M1_BAR_PROXY,RECONSTRUCTED,0.35,NUANCED_BY_RAW,NUANCED_BY_RAW,0.860,SOURCE_QUALITY_STRONG,0.950,B6_KEEP_CANDIDATE,RAW_FRICTION_CONFIRMED,0.1,1.6,61,RECOVERED_FRICTION_ABSORPTION_LIKE,Lecture limitée: spread instable.,KEEP nuance: raw nuance la scene mais qualite/texture suffisantes pour comparaison B6; provenance RECOVERED_EXISTING_B9_SUMMARY; score memoire 0.950.,RECOVERED_EXISTING_B9_SUMMARY: recovered explicit B9 moments; shift0 raw alignment; proxy/reconstructed reading; not full footprint claim; NUANCED_BY_RAW: useful but not hard-confirmed raw; source_quality_raw=RECOVERED_EXISTING_B9_SUMMARY_SHIFT0_FULL_RAW_ALIGNMENT; confidence_cap=0.35; read-only; no DB write; no dashboard; no Telegram; no BUY/SELL
2026-05-06,2026-05-06T00:16:00+00:00,2026-05-06T00:17:00+00:00,RECOVERED_EXISTING_B9_SUMMARY,RECOVERED_EXISTING_B9_SUMMARY,M1_BAR_PROXY,RECONSTRUCTED,0.35,NUANCED_BY_RAW,NUANCED_BY_RAW,0.860,SOURCE_QUALITY_STRONG,0.950,B6_KEEP_CANDIDATE,RAW_FRICTION_CONFIRMED,1.1,1.1,54,RECOVERED_FRICTION_ABSORPTION_LIKE,"Flux mixte: conserver comme lecture de contexte, pas comme décision.",KEEP nuance: raw nuance la scene mais qualite/texture suffisantes pour comparaison B6; provenance RECOVERED_EXISTING_B9_SUMMARY; score memoire 0.950.,RECOVERED_EXISTING_B9_SUMMARY: recovered explicit B9 moments; shift0 raw alignment; proxy/reconstructed reading; not full footprint claim; NUANCED_BY_RAW: useful but not hard-confirmed raw; source_quality_raw=RECOVERED_EXISTING_B9_SUMMARY_SHIFT0_FULL_RAW_ALIGNMENT; confidence_cap=0.35; read-only; no DB write; no dashboard; no Telegram; no BUY/SELL
2026-05-06,2026-05-06T00:17:00+00:00,2026-05-06T00:18:00+00:00,RECOVERED_EXISTING_B9_SUMMARY,RECOVERED_EXISTING_B9_SUMMARY,M1_BAR_PROXY,RECONSTRUCTED,0.35,NUANCED_BY_RAW,NUANCED_BY_RAW,0.860,SOURCE_QUALITY_STRONG,0.950,B6_KEEP_CANDIDATE,RAW_FRICTION_CONFIRMED,2.3,2.9,70,RECOVERED_FRICTION_ABSORPTION_LIKE,"Flux mixte: conserver comme lecture de contexte, pas comme décision.",KEEP nuance: raw nuance la scene mais qualite/texture suffisantes pour comparaison B6; provenance RECOVERED_EXISTING_B9_SUMMARY; score memoire 0.950.,RECOVERED_EXISTING_B9_SUMMARY: recovered explicit B9 moments; shift0 raw alignment; proxy/reconstructed reading; not full footprint claim; NUANCED_BY_RAW: useful but not hard-confirmed raw; source_quality_raw=RECOVERED_EXISTING_B9_SUMMARY_SHIFT0_FULL_RAW_ALIGNMENT; confidence_cap=0.35; read-only; no DB write; no dashboard; no Telegram; no BUY/SELL
2026-05-06,2026-05-06T00:18:00+00:00,2026-05-06T00:19:00+00:00,RECOVERED_EXISTING_B9_SUMMARY,RECOVERED_EXISTING_B9_SUMMARY,M1_BAR_PROXY,RECONSTRUCTED,0.35,NUANCED_BY_RAW,NUANCED_BY_RAW,0.860,SOURCE_QUALITY_STRONG,0.950,B6_KEEP_CANDIDATE,RAW_FRICTION_CONFIRMED,0.2,1.2,49,RECOVERED_FRICTION_ABSORPTION_LIKE,"Flux mixte: conserver comme lecture de contexte, pas comme décision.",KEEP nuance: raw nuance la scene mais qualite/texture suffisantes pour comparaison B6; provenance RECOVERED_EXISTING_B9_SUMMARY; score memoire 0.950.,RECOVERED_EXISTING_B9_SUMMARY: recovered explicit B9 moments; shift0 raw alignment; proxy/reconstructed reading; not full footprint claim; NUANCED_BY_RAW: useful but not hard-confirmed raw; source_quality_raw=RECOVERED_EXISTING_B9_SUMMARY_SHIFT0_FULL_RAW_ALIGNMENT; confidence_cap=0.35; read-only; no DB write; no dashboard; no Telegram; no BUY/SELL
2026-05-06,2026-05-06T00:19:00+00:00,2026-05-06T00:20:00+00:00,RECOVERED_EXISTING_B9_SUMMARY,RECOVERED_EXISTING_B9_SUMMARY,M1_BAR_PROXY,RECONSTRUCTED,0.35,NUANCED_BY_RAW,NUANCED_BY_RAW,0.860,SOURCE_QUALITY_STRONG,0.950,B6_KEEP_CANDIDATE,RAW_FRICTION_CONFIRMED,1.7,4.0,82,RECOVERED_FRICTION_ABSORPTION_LIKE,Friction type absorption: effort visible sans résultat directionnel propre.,KEEP nuance: raw nuance la scene mais qualite/texture suffisantes pour comparaison B6; provenance RECOVERED_EXISTING_B9_SUMMARY; score memoire 0.950.,RECOVERED_EXISTING_B9_SUMMARY: recovered explicit B9 moments; shift0 raw alignment; proxy/reconstructed reading; not full footprint claim; NUANCED_BY_RAW: useful but not hard-confirmed raw; source_quality_raw=RECOVERED_EXISTING_B9_SUMMARY_SHIFT0_FULL_RAW_ALIGNMENT; confidence_cap=0.35; read-only; no DB write; no dashboard; no Telegram; no BUY/SELL
2026-05-06,2026-05-06T00:20:00+00:00,2026-05-06T00:21:00+00:00,RECOVERED_EXISTING_B9_SUMMARY,RECOVERED_EXISTING_B9_SUMMARY,M1_BAR_PROXY,RECONSTRUCTED,0.35,NUANCED_BY_RAW,NUANCED_BY_RAW,0.860,SOURCE_QUALITY_STRONG,0.950,B6_KEEP_CANDIDATE,RAW_FRICTION_CONFIRMED,-2.1,2.2,81,RECOVERED_FRICTION_ABSORPTION_LIKE,"Flux mixte: conserver comme lecture de contexte, pas comme décision.",KEEP nuance: raw nuance la scene mais qualite/texture suffisantes pour comparaison B6; provenance RECOVERED_EXISTING_B9_SUMMARY; score memoire 0.950.,RECOVERED_EXISTING_B9_SUMMARY: recovered explicit B9 moments; shift0 raw alignment; proxy/reconstructed reading; not full footprint claim; NUANCED_BY_RAW: useful but not hard-confirmed raw; source_quality_raw=RECOVERED_EXISTING_B9_SUMMARY_SHIFT0_FULL_RAW_ALIGNMENT; confidence_cap=0.35; read-only; no DB write; no dashboard; no Telegram; no BUY/SELL
2026-05-06,2026-05-06T00:21:00+00:00,2026-05-06T00:22:00+00:00,RECOVERED_EXISTING_B9_SUMMARY,RECOVERED_EXISTING_B9_SUMMARY,M1_BAR_PROXY,RECONSTRUCTED,0.35,NUANCED_BY_RAW,NUANCED_BY_RAW,0.860,SOURCE_QUALITY_STRONG,0.950,B6_KEEP_CANDIDATE,RAW_FRICTION_CONFIRMED,2.1,3.5,69,RECOVERED_FRICTION_ABSORPTION_LIKE,"Flux mixte: conserver comme lecture de contexte, pas comme décision.",KEEP nuance: raw nuance la scene mais qualite/texture suffisantes pour comparaison B6; provenance RECOVERED_EXISTING_B9_SUMMARY; score memoire 0.950.,RECOVERED_EXISTING_B9_SUMMARY: recovered explicit B9 moments; shift0 raw alignment; proxy/reconstructed reading; not full footprint claim; NUANCED_BY_RAW: useful but not hard-confirmed raw; source_quality_raw=RECOVERED_EXISTING_B9_SUMMARY_SHIFT0_FULL_RAW_ALIGNMENT; confidence_cap=0.35; read-only; no DB write; no dashboard; no Telegram; no BUY/SELL
2026-05-06,2026-05-06T00:22:00+00:00,2026-05-06T00:23:00+00:00,RECOVERED_EXISTING_B9_SUMMARY,RECOVERED_EXISTING_B9_SUMMARY,M1_BAR_PROXY,RECONSTRUCTED,0.35,NUANCED_BY_RAW,NUANCED_BY_RAW,0.860,SOURCE_QUALITY_STRONG,0.950,B6_KEEP_CANDIDATE,RAW_FRICTION_CONFIRMED,-0.3,0.9,61,RECOVERED_FRICTION_ABSORPTION_LIKE,"Flux mixte: conserver comme lecture de contexte, pas comme décision.",KEEP nuance: raw nuance la scene mais qualite/texture suffisantes pour comparaison B6; provenance RECOVERED_EXISTING_B9_SUMMARY; score memoire 0.950.,RECOVERED_EXISTING_B9_SUMMARY: recovered explicit B9 moments; shift0 raw alignment; proxy/reconstructed reading; not full footprint claim; NUANCED_BY_RAW: useful but not hard-confirmed raw; source_quality_raw=RECOVERED_EXISTING_B9_SUMMARY_SHIFT0_FULL_RAW_ALIGNMENT; confidence_cap=0.35; read-only; no DB write; no dashboard; no Telegram; no BUY/SELL
2026-05-06,2026-05-06T00:23:00+00:00,2026-05-06T00:24:00+00:00,RECOVERED_EXISTING_B9_SUMMARY,RECOVERED_EXISTING_B9_SUMMARY,M1_BAR_PROXY,RECONSTRUCTED,0.35,NUANCED_BY_RAW,NUANCED_BY_RAW,0.860,SOURCE_QUALITY_STRONG,0.950,B6_KEEP_CANDIDATE,RAW_FRICTION_CONFIRMED,0.2,0.7,38,RECOVERED_FRICTION_ABSORPTION_LIKE,"Flux mixte: conserver comme lecture de contexte, pas comme décision.",KEEP nuance: raw nuance la scene mais qualite/texture suffisantes pour comparaison B6; provenance RECOVERED_EXISTING_B9_SUMMARY; score memoire 0.950.,RECOVERED_EXISTING_B9_SUMMARY: recovered explicit B9 moments; shift0 raw alignment; proxy/reconstructed reading; not full footprint claim; NUANCED_BY_RAW: useful but not hard-confirmed raw; source_quality_raw=RECOVERED_EXISTING_B9_SUMMARY_SHIFT0_FULL_RAW_ALIGNMENT; confidence_cap=0.35; read-only; no DB write; no dashboard; no Telegram; no BUY/SELL
2026-05-06,2026-05-06T00:24:00+00:00,2026-05-06T00:25:00+00:00,RECOVERED_EXISTING_B9_SUMMARY,RECOVERED_EXISTING_B9_SUMMARY,M1_BAR_PROXY,RECONSTRUCTED,0.35,NUANCED_BY_RAW,NUANCED_BY_RAW,0.860,SOURCE_QUALITY_STRONG,0.950,B6_KEEP_CANDIDATE,RAW_FRICTION_CONFIRMED,2.0,2.1,69,RECOVERED_FRICTION_ABSORPTION_LIKE,"Flux mixte: conserver comme lecture de contexte, pas comme décision.",KEEP nuance: raw nuance la scene mais qualite/texture suffisantes pour comparaison B6; provenance RECOVERED_EXISTING_B9_SUMMARY; score memoire 0.950.,RECOVERED_EXISTING_B9_SUMMARY: recovered explicit B9 moments; shift0 raw alignment; proxy/reconstructed reading; not full footprint claim; NUANCED_BY_RAW: useful but not hard-confirmed raw; source_quality_raw=RECOVERED_EXISTING_B9_SUMMARY_SHIFT0_FULL_RAW_ALIGNMENT; confidence_cap=0.35; read-only; no DB write; no dashboard; no Telegram; no BUY/SELL
2026-05-06,2026-05-06T00:25:00+00:00,2026-05-06T00:26:00+00:00,RECOVERED_EXISTING_B9_SUMMARY,RECOVERED_EXISTING_B9_SUMMARY,M1_BAR_PROXY,RECONSTRUCTED,0.35,NUANCED_BY_RAW,NUANCED_BY_RAW,0.860,SOURCE_QUALITY_STRONG,0.950,B6_KEEP_CANDIDATE,RAW_FRICTION_CONFIRMED,-1.8,2.7,71,RECOVERED_FRICTION_ABSORPTION_LIKE,"Flux mixte: conserver comme lecture de contexte, pas comme décision.",KEEP nuance: raw nuance la scene mais qualite/texture suffisantes pour comparaison B6; provenance RECOVERED_EXISTING_B9_SUMMARY; score memoire 0.950.,RECOVERED_EXISTING_B9_SUMMARY: recovered explicit B9 moments; shift0 raw alignment; proxy/reconstructed reading; not full footprint claim; NUANCED_BY_RAW: useful but not hard-confirmed raw; source_quality_raw=RECOVERED_EXISTING_B9_SUMMARY_SHIFT0_FULL_RAW_ALIGNMENT; confidence_cap=0.35; read-only; no DB write; no dashboard; no Telegram; no BUY/SELL
2026-05-06,2026-05-06T00:26:00+00:00,2026-05-06T00:27:00+00:00,RECOVERED_EXISTING_B9_SUMMARY,RECOVERED_EXISTING_B9_SUMMARY,M1_BAR_PROXY,RECONSTRUCTED,0.35,NUANCED_BY_RAW,NUANCED_BY_RAW,0.860,SOURCE_QUALITY_STRONG,0.950,B6_KEEP_CANDIDATE,RAW_FRICTION_CONFIRMED,-2.1,3.3,76,RECOVERED_FRICTION_ABSORPTION_LIKE,"Flux mixte: conserver comme lecture de contexte, pas comme décision.",KEEP nuance: raw nuance la scene mais qualite/texture suffisantes pour comparaison B6; provenance RECOVERED_EXISTING_B9_SUMMARY; score memoire 0.950.,RECOVERED_EXISTING_B9_SUMMARY: recovered explicit B9 moments; shift0 raw alignment; proxy/reconstructed reading; not full footprint claim; NUANCED_BY_RAW: useful but not hard-confirmed raw; source_quality_raw=RECOVERED_EXISTING_B9_SUMMARY_SHIFT0_FULL_RAW_ALIGNMENT; confidence_cap=0.35; read-only; no DB write; no dashboard; no Telegram; no BUY/SELL
2026-05-06,2026-05-06T00:27:00+00:00,2026-05-06T00:28:00+00:00,RECOVERED_EXISTING_B9_SUMMARY,RECOVERED_EXISTING_B9_SUMMARY,M1_BAR_PROXY,RECONSTRUCTED,0.35,NUANCED_BY_RAW,NUANCED_BY_RAW,0.860,SOURCE_QUALITY_STRONG,0.950,B6_KEEP_CANDIDATE,RAW_FRICTION_CONFIRMED,0.4,1.3,63,RECOVERED_FRICTION_ABSORPTION_LIKE,"Flux mixte: conserver comme lecture de contexte, pas comme décision.",KEEP nuance: raw nuance la scene mais qualite/texture suffisantes pour comparaison B6; provenance RECOVERED_EXISTING_B9_SUMMARY; score memoire 0.950.,RECOVERED_EXISTING_B9_SUMMARY: recovered explicit B9 moments; shift0 raw alignment; proxy/reconstructed reading; not full footprint claim; NUANCED_BY_RAW: useful but not hard-confirmed raw; source_quality_raw=RECOVERED_EXISTING_B9_SUMMARY_SHIFT0_FULL_RAW_ALIGNMENT; confidence_cap=0.35; read-only; no DB write; no dashboard; no Telegram; no BUY/SELL
2026-05-06,2026-05-06T00:28:00+00:00,2026-05-06T00:29:00+00:00,RECOVERED_EXISTING_B9_SUMMARY,RECOVERED_EXISTING_B9_SUMMARY,M1_BAR_PROXY,RECONSTRUCTED,0.35,NUANCED_BY_RAW,NUANCED_BY_RAW,0.860,SOURCE_QUALITY_STRONG,0.950,B6_KEEP_CANDIDATE,RAW_FRICTION_CONFIRMED,-1.5,1.5,81,RECOVERED_FRICTION_ABSORPTION_LIKE,"Flux mixte: conserver comme lecture de contexte, pas comme décision.",KEEP nuance: raw nuance la scene mais qualite/texture suffisantes pour comparaison B6; provenance RECOVERED_EXISTING_B9_SUMMARY; score memoire 0.950.,RECOVERED_EXISTING_B9_SUMMARY: recovered explicit B9 moments; shift0 raw alignment; proxy/reconstructed reading; not full footprint claim; NUANCED_BY_RAW: useful but not hard-confirmed raw; source_quality_raw=RECOVERED_EXISTING_B9_SUMMARY_SHIFT0_FULL_RAW_ALIGNMENT; confidence_cap=0.35; read-only; no DB write; no dashboard; no Telegram; no BUY/SELL
2026-05-06,2026-05-06T00:29:00+00:00,2026-05-06T00:30:00+00:00,RECOVERED_EXISTING_B9_SUMMARY,RECOVERED_EXISTING_B9_SUMMARY,M1_BAR_PROXY,RECONSTRUCTED,0.35,NUANCED_BY_RAW,NUANCED_BY_RAW,0.860,SOURCE_QUALITY_STRONG,0.950,B6_KEEP_CANDIDATE,RAW_FRICTION_CONFIRMED,0.7,1.2,60,RECOVERED_FRICTION_ABSORPTION_LIKE,"Flux mixte: conserver comme lecture de contexte, pas comme décision.",KEEP nuance: raw nuance la scene mais qualite/texture suffisantes pour comparaison B6; provenance RECOVERED_EXISTING_B9_SUMMARY; score memoire 0.950.,RECOVERED_EXISTING_B9_SUMMARY: recovered explicit B9 moments; shift0 raw alignment; proxy/reconstructed reading; not full footprint claim; NUANCED_BY_RAW: useful but not hard-confirmed raw; source_quality_raw=RECOVERED_EXISTING_B9_SUMMARY_SHIFT0_FULL_RAW_ALIGNMENT; confidence_cap=0.35; read-only; no DB write; no dashboard; no Telegram; no BUY/SELL
2026-05-06,2026-05-06T00:30:00+00:00,2026-05-06T00:31:00+00:00,RECOVERED_EXISTING_B9_SUMMARY,RECOVERED_EXISTING_B9_SUMMARY,M1_BAR_PROXY,RECONSTRUCTED,0.35,NUANCED_BY_RAW,NUANCED_BY_RAW,0.860,SOURCE_QUALITY_STRONG,0.950,B6_KEEP_CANDIDATE,RAW_FRICTION_CONFIRMED,2.1,2.8,75,RECOVERED_FRICTION_ABSORPTION_LIKE,"Flux mixte: conserver comme lecture de contexte, pas comme décision.",KEEP nuance: raw nuance la scene mais qualite/texture suffisantes pour comparaison B6; provenance RECOVERED_EXISTING_B9_SUMMARY; score memoire 0.950.,RECOVERED_EXISTING_B9_SUMMARY: recovered explicit B9 moments; shift0 raw alignment; proxy/reconstructed reading; not full footprint claim; NUANCED_BY_RAW: useful but not hard-confirmed raw; source_quality_raw=RECOVERED_EXISTING_B9_SUMMARY_SHIFT0_FULL_RAW_ALIGNMENT; confidence_cap=0.35; read-only; no DB write; no dashboard; no Telegram; no BUY/SELL
2026-05-06,2026-05-06T00:31:00+00:00,2026-05-06T00:32:00+00:00,RECOVERED_EXISTING_B9_SUMMARY,RECOVERED_EXISTING_B9_SUMMARY,M1_BAR_PROXY,RECONSTRUCTED,0.35,NUANCED_BY_RAW,NUANCED_BY_RAW,0.860,SOURCE_QUALITY_STRONG,0.950,B6_KEEP_CANDIDATE,RAW_FRICTION_CONFIRMED,2.2,2.6,85,RECOVERED_FRICTION_ABSORPTION_LIKE,"Flux mixte: conserver comme lecture de contexte, pas comme décision.",KEEP nuance: raw nuance la scene mais qualite/texture suffisantes pour comparaison B6; provenance RECOVERED_EXISTING_B9_SUMMARY; score memoire 0.950.,RECOVERED_EXISTING_B9_SUMMARY: recovered explicit B9 moments; shift0 raw alignment; proxy/reconstructed reading; not full footprint claim; NUANCED_BY_RAW: useful but not hard-confirmed raw; source_quality_raw=RECOVERED_EXISTING_B9_SUMMARY_SHIFT0_FULL_RAW_ALIGNMENT; confidence_cap=0.35; read-only; no DB write; no dashboard; no Telegram; no BUY/SELL
2026-05-06,2026-05-06T00:32:00+00:00,2026-05-06T00:33:00+00:00,RECOVERED_EXISTING_B9_SUMMARY,RECOVERED_EXISTING_B9_SUMMARY,M1_BAR_PROXY,RECONSTRUCTED,0.35,NUANCED_BY_RAW,NUANCED_BY_RAW,0.860,SOURCE_QUALITY_STRONG,0.950,B6_KEEP_CANDIDATE,RAW_FRICTION_CONFIRMED,1.1,2.1,69,RECOVERED_FRICTION_ABSORPTION_LIKE,"Flux mixte: conserver comme lecture de contexte, pas comme décision.",KEEP nuance: raw nuance la scene mais qualite/texture suffisantes pour comparaison B6; provenance RECOVERED_EXISTING_B9_SUMMARY; score memoire 0.950.,RECOVERED_EXISTING_B9_SUMMARY: recovered explicit B9 moments; shift0 raw alignment; proxy/reconstructed reading; not full footprint claim; NUANCED_BY_RAW: useful but not hard-confirmed raw; source_quality_raw=RECOVERED_EXISTING_B9_SUMMARY_SHIFT0_FULL_RAW_ALIGNMENT; confidence_cap=0.35; read-only; no DB write; no dashboard; no Telegram; no BUY/SELL
2026-05-06,2026-05-06T00:33:00+00:00,2026-05-06T00:34:00+00:00,RECOVERED_EXISTING_B9_SUMMARY,RECOVERED_EXISTING_B9_SUMMARY,M1_BAR_PROXY,RECONSTRUCTED,0.35,NUANCED_BY_RAW,NUANCED_BY_RAW,0.860,SOURCE_QUALITY_STRONG,0.950,B6_KEEP_CANDIDATE,RAW_FRICTION_CONFIRMED,0.5,1.1,48,RECOVERED_FRICTION_ABSORPTION_LIKE,"Flux mixte: conserver comme lecture de contexte, pas comme décision.",KEEP nuance: raw nuance la scene mais qualite/texture suffisantes pour comparaison B6; provenance RECOVERED_EXISTING_B9_SUMMARY; score memoire 0.950.,RECOVERED_EXISTING_B9_SUMMARY: recovered explicit B9 moments; shift0 raw alignment; proxy/reconstructed reading; not full footprint claim; NUANCED_BY_RAW: useful but not hard-confirmed raw; source_quality_raw=RECOVERED_EXISTING_B9_SUMMARY_SHIFT0_FULL_RAW_ALIGNMENT; confidence_cap=0.35; read-only; no DB write; no dashboard; no Telegram; no BUY/SELL
2026-05-06,2026-05-06T00:34:00+00:00,2026-05-06T00:35:00+00:00,RECOVERED_EXISTING_B9_SUMMARY,RECOVERED_EXISTING_B9_SUMMARY,M1_BAR_PROXY,RECONSTRUCTED,0.35,NUANCED_BY_RAW,NUANCED_BY_RAW,0.860,SOURCE_QUALITY_STRONG,0.950,B6_KEEP_CANDIDATE,RAW_FRICTION_CONFIRMED,0.2,2.0,73,RECOVERED_FRICTION_ABSORPTION_LIKE,Friction type absorption: effort visible sans résultat directionnel propre.,KEEP nuance: raw nuance la scene mais qualite/texture suffisantes pour comparaison B6; provenance RECOVERED_EXISTING_B9_SUMMARY; score memoire 0.950.,RECOVERED_EXISTING_B9_SUMMARY: recovered explicit B9 moments; shift0 raw alignment; proxy/reconstructed reading; not full footprint claim; NUANCED_BY_RAW: useful but not hard-confirmed raw; source_quality_raw=RECOVERED_EXISTING_B9_SUMMARY_SHIFT0_FULL_RAW_ALIGNMENT; confidence_cap=0.35; read-only; no DB write; no dashboard; no Telegram; no BUY/SELL
2026-05-06,2026-05-06T00:35:00+00:00,2026-05-06T00:36:00+00:00,RECOVERED_EXISTING_B9_SUMMARY,RECOVERED_EXISTING_B9_SUMMARY,M1_BAR_PROXY,RECONSTRUCTED,0.35,NUANCED_BY_RAW,NUANCED_BY_RAW,0.860,SOURCE_QUALITY_STRONG,0.950,B6_KEEP_CANDIDATE,RAW_FRICTION_CONFIRMED,-0.1,1.1,81,RECOVERED_FRICTION_ABSORPTION_LIKE,"Flux mixte: conserver comme lecture de contexte, pas comme décision.",KEEP nuance: raw nuance la scene mais qualite/texture suffisantes pour comparaison B6; provenance RECOVERED_EXISTING_B9_SUMMARY; score memoire 0.950.,RECOVERED_EXISTING_B9_SUMMARY: recovered explicit B9 moments; shift0 raw alignment; proxy/reconstructed reading; not full footprint claim; NUANCED_BY_RAW: useful but not hard-confirmed raw; source_quality_raw=RECOVERED_EXISTING_B9_SUMMARY_SHIFT0_FULL_RAW_ALIGNMENT; confidence_cap=0.35; read-only; no DB write; no dashboard; no Telegram; no BUY/SELL
2026-05-06,2026-05-06T00:36:00+00:00,2026-05-06T00:37:00+00:00,RECOVERED_EXISTING_B9_SUMMARY,RECOVERED_EXISTING_B9_SUMMARY,M1_BAR_PROXY,RECONSTRUCTED,0.35,NUANCED_BY_RAW,NUANCED_BY_RAW,0.860,SOURCE_QUALITY_STRONG,0.950,B6_KEEP_CANDIDATE,RAW_FRICTION_CONFIRMED,-0.9,1.2,55,RECOVERED_FRICTION_ABSORPTION_LIKE,"Flux mixte: conserver comme lecture de contexte, pas comme décision.",KEEP nuance: raw nuance la scene mais qualite/texture suffisantes pour comparaison B6; provenance RECOVERED_EXISTING_B9_SUMMARY; score memoire 0.950.,RECOVERED_EXISTING_B9_SUMMARY: recovered explicit B9 moments; shift0 raw alignment; proxy/reconstructed reading; not full footprint claim; NUANCED_BY_RAW: useful but not hard-confirmed raw; source_quality_raw=RECOVERED_EXISTING_B9_SUMMARY_SHIFT0_FULL_RAW_ALIGNMENT; confidence_cap=0.35; read-only; no DB write; no dashboard; no Telegram; no BUY/SELL
2026-05-06,2026-05-06T00:37:00+00:00,2026-05-06T00:38:00+00:00,RECOVERED_EXISTING_B9_SUMMARY,RECOVERED_EXISTING_B9_SUMMARY,M1_BAR_PROXY,RECONSTRUCTED,0.35,NUANCED_BY_RAW,NUANCED_BY_RAW,0.860,SOURCE_QUALITY_STRONG,0.950,B6_KEEP_CANDIDATE,RAW_FRICTION_CONFIRMED,0.7,0.9,53,RECOVERED_FRICTION_ABSORPTION_LIKE,"Flux mixte: conserver comme lecture de contexte, pas comme décision.",KEEP nuance: raw nuance la scene mais qualite/texture suffisantes pour comparaison B6; provenance RECOVERED_EXISTING_B9_SUMMARY; score memoire 0.950.,RECOVERED_EXISTING_B9_SUMMARY: recovered explicit B9 moments; shift0 raw alignment; proxy/reconstructed reading; not full footprint claim; NUANCED_BY_RAW: useful but not hard-confirmed raw; source_quality_raw=RECOVERED_EXISTING_B9_SUMMARY_SHIFT0_FULL_RAW_ALIGNMENT; confidence_cap=0.35; read-only; no DB write; no dashboard; no Telegram; no BUY/SELL
2026-05-06,2026-05-06T00:38:00+00:00,2026-05-06T00:39:00+00:00,RECOVERED_EXISTING_B9_SUMMARY,RECOVERED_EXISTING_B9_SUMMARY,M1_BAR_PROXY,RECONSTRUCTED,0.35,NUANCED_BY_RAW,NUANCED_BY_RAW,0.860,SOURCE_QUALITY_STRONG,0.950,B6_KEEP_CANDIDATE,RAW_FRICTION_CONFIRMED,-0.9,2.0,54,RECOVERED_FRICTION_ABSORPTION_LIKE,"Flux mixte: conserver comme lecture de contexte, pas comme décision.",KEEP nuance: raw nuance la scene mais qualite/texture suffisantes pour comparaison B6; provenance RECOVERED_EXISTING_B9_SUMMARY; score memoire 0.950.,RECOVERED_EXISTING_B9_SUMMARY: recovered explicit B9 moments; shift0 raw alignment; proxy/reconstructed reading; not full footprint claim; NUANCED_BY_RAW: useful but not hard-confirmed raw; source_quality_raw=RECOVERED_EXISTING_B9_SUMMARY_SHIFT0_FULL_RAW_ALIGNMENT; confidence_cap=0.35; read-only; no DB write; no dashboard; no Telegram; no BUY/SELL
2026-05-06,2026-05-06T00:39:00+00:00,2026-05-06T00:40:00+00:00,RECOVERED_EXISTING_B9_SUMMARY,RECOVERED_EXISTING_B9_SUMMARY,M1_BAR_PROXY,RECONSTRUCTED,0.35,NUANCED_BY_RAW,NUANCED_BY_RAW,0.860,SOURCE_QUALITY_STRONG,0.950,B6_KEEP_CANDIDATE,RAW_FRICTION_CONFIRMED,0.5,1.2,65,RECOVERED_FRICTION_ABSORPTION_LIKE,"Flux mixte: conserver comme lecture de contexte, pas comme décision.",KEEP nuance: raw nuance la scene mais qualite/texture suffisantes pour comparaison B6; provenance RECOVERED_EXISTING_B9_SUMMARY; score memoire 0.950.,RECOVERED_EXISTING_B9_SUMMARY: recovered explicit B9 moments; shift0 raw alignment; proxy/reconstructed reading; not full footprint claim; NUANCED_BY_RAW: useful but not hard-confirmed raw; source_quality_raw=RECOVERED_EXISTING_B9_SUMMARY_SHIFT0_FULL_RAW_ALIGNMENT; confidence_cap=0.35; read-only; no DB write; no dashboard; no Telegram; no BUY/SELL
2026-05-06,2026-05-06T00:40:00+00:00,2026-05-06T00:41:00+00:00,RECOVERED_EXISTING_B9_SUMMARY,RECOVERED_EXISTING_B9_SUMMARY,M1_BAR_PROXY,RECONSTRUCTED,0.35,NUANCED_BY_RAW,NUANCED_BY_RAW,0.860,SOURCE_QUALITY_STRONG,0.950,B6_KEEP_CANDIDATE,RAW_FRICTION_CONFIRMED,1.2,2.0,60,RECOVERED_FRICTION_ABSORPTION_LIKE,"Flux mixte: conserver comme lecture de contexte, pas comme décision.",KEEP nuance: raw nuance la scene mais qualite/texture suffisantes pour comparaison B6; provenance RECOVERED_EXISTING_B9_SUMMARY; score memoire 0.950.,RECOVERED_EXISTING_B9_SUMMARY: recovered explicit B9 moments; shift0 raw alignment; proxy/reconstructed reading; not full footprint claim; NUANCED_BY_RAW: useful but not hard-confirmed raw; source_quality_raw=RECOVERED_EXISTING_B9_SUMMARY_SHIFT0_FULL_RAW_ALIGNMENT; confidence_cap=0.35; read-only; no DB write; no dashboard; no Telegram; no BUY/SELL
2026-05-06,2026-05-06T00:41:00+00:00,2026-05-06T00:42:00+00:00,RECOVERED_EXISTING_B9_SUMMARY,RECOVERED_EXISTING_B9_SUMMARY,M1_BAR_PROXY,RECONSTRUCTED,0.35,NUANCED_BY_RAW,NUANCED_BY_RAW,0.860,SOURCE_QUALITY_STRONG,0.950,B6_KEEP_CANDIDATE,RAW_FRICTION_CONFIRMED,0.8,2.4,55,RECOVERED_FRICTION_ABSORPTION_LIKE,Friction type absorption: effort visible sans résultat directionnel propre.,KEEP nuance: raw nuance la scene mais qualite/texture suffisantes pour comparaison B6; provenance RECOVERED_EXISTING_B9_SUMMARY; score memoire 0.950.,RECOVERED_EXISTING_B9_SUMMARY: recovered explicit B9 moments; shift0 raw alignment; proxy/reconstructed reading; not full footprint claim; NUANCED_BY_RAW: useful but not hard-confirmed raw; source_quality_raw=RECOVERED_EXISTING_B9_SUMMARY_SHIFT0_FULL_RAW_ALIGNMENT; confidence_cap=0.35; read-only; no DB write; no dashboard; no Telegram; no BUY/SELL
2026-05-06,2026-05-06T00:42:00+00:00,2026-05-06T00:43:00+00:00,RECOVERED_EXISTING_B9_SUMMARY,RECOVERED_EXISTING_B9_SUMMARY,M1_BAR_PROXY,RECONSTRUCTED,0.35,NUANCED_BY_RAW,NUANCED_BY_RAW,0.860,SOURCE_QUALITY_STRONG,0.950,B6_KEEP_CANDIDATE,RAW_FRICTION_CONFIRMED,-0.4,1.1,60,RECOVERED_FRICTION_ABSORPTION_LIKE,"Flux mixte: conserver comme lecture de contexte, pas comme décision.",KEEP nuance: raw nuance la scene mais qualite/texture suffisantes pour comparaison B6; provenance RECOVERED_EXISTING_B9_SUMMARY; score memoire 0.950.,RECOVERED_EXISTING_B9_SUMMARY: recovered explicit B9 moments; shift0 raw alignment; proxy/reconstructed reading; not full footprint claim; NUANCED_BY_RAW: useful but not hard-confirmed raw; source_quality_raw=RECOVERED_EXISTING_B9_SUMMARY_SHIFT0_FULL_RAW_ALIGNMENT; confidence_cap=0.35; read-only; no DB write; no dashboard; no Telegram; no BUY/SELL
2026-05-06,2026-05-06T00:43:00+00:00,2026-05-06T00:44:00+00:00,RECOVERED_EXISTING_B9_SUMMARY,RECOVERED_EXISTING_B9_SUMMARY,M1_BAR_PROXY,RECONSTRUCTED,0.35,NUANCED_BY_RAW,NUANCED_BY_RAW,0.860,SOURCE_QUALITY_STRONG,0.950,B6_KEEP_CANDIDATE,RAW_FRICTION_CONFIRMED,-1.1,1.8,44,RECOVERED_FRICTION_ABSORPTION_LIKE,"Flux mixte: conserver comme lecture de contexte, pas comme décision.",KEEP nuance: raw nuance la scene mais qualite/texture suffisantes pour comparaison B6; provenance RECOVERED_EXISTING_B9_SUMMARY; score memoire 0.950.,RECOVERED_EXISTING_B9_SUMMARY: recovered explicit B9 moments; shift0 raw alignment; proxy/reconstructed reading; not full footprint claim; NUANCED_BY_RAW: useful but not hard-confirmed raw; source_quality_raw=RECOVERED_EXISTING_B9_SUMMARY_SHIFT0_FULL_RAW_ALIGNMENT; confidence_cap=0.35; read-only; no DB write; no dashboard; no Telegram; no BUY/SELL
2026-05-06,2026-05-06T00:44:00+00:00,2026-05-06T00:45:00+00:00,RECOVERED_EXISTING_B9_SUMMARY,RECOVERED_EXISTING_B9_SUMMARY,M1_BAR_PROXY,RECONSTRUCTED,0.35,NUANCED_BY_RAW,NUANCED_BY_RAW,0.860,SOURCE_QUALITY_STRONG,0.950,B6_KEEP_CANDIDATE,RAW_FRICTION_CONFIRMED,0.1,0.7,56,RECOVERED_FRICTION_ABSORPTION_LIKE,"Flux mixte: conserver comme lecture de contexte, pas comme décision.",KEEP nuance: raw nuance la scene mais qualite/texture suffisantes pour comparaison B6; provenance RECOVERED_EXISTING_B9_SUMMARY; score memoire 0.950.,RECOVERED_EXISTING_B9_SUMMARY: recovered explicit B9 moments; shift0 raw alignment; proxy/reconstructed reading; not full footprint claim; NUANCED_BY_RAW: useful but not hard-confirmed raw; source_quality_raw=RECOVERED_EXISTING_B9_SUMMARY_SHIFT0_FULL_RAW_ALIGNMENT; confidence_cap=0.35; read-only; no DB write; no dashboard; no Telegram; no BUY/SELL
2026-05-06,2026-05-06T00:45:00+00:00,2026-05-06T00:46:00+00:00,RECOVERED_EXISTING_B9_SUMMARY,RECOVERED_EXISTING_B9_SUMMARY,M1_BAR_PROXY,RECONSTRUCTED,0.35,NUANCED_BY_RAW,NUANCED_BY_RAW,0.860,SOURCE_QUALITY_STRONG,0.950,B6_KEEP_CANDIDATE,RAW_FRICTION_CONFIRMED,0.0,1.3,59,RECOVERED_FRICTION_ABSORPTION_LIKE,"Flux mixte: conserver comme lecture de contexte, pas comme décision.",KEEP nuance: raw nuance la scene mais qualite/texture suffisantes pour comparaison B6; provenance RECOVERED_EXISTING_B9_SUMMARY; score memoire 0.950.,RECOVERED_EXISTING_B9_SUMMARY: recovered explicit B9 moments; shift0 raw alignment; proxy/reconstructed reading; not full footprint claim; NUANCED_BY_RAW: useful but not hard-confirmed raw; source_quality_raw=RECOVERED_EXISTING_B9_SUMMARY_SHIFT0_FULL_RAW_ALIGNMENT; confidence_cap=0.35; read-only; no DB write; no dashboard; no Telegram; no BUY/SELL
2026-05-06,2026-05-06T00:46:00+00:00,2026-05-06T00:48:00+00:00,RECOVERED_EXISTING_B9_SUMMARY,RECOVERED_EXISTING_B9_SUMMARY,M1_BAR_PROXY,RECONSTRUCTED,0.35,NUANCED_BY_RAW,NUANCED_BY_RAW,0.860,SOURCE_QUALITY_STRONG,0.950,B6_KEEP_CANDIDATE,RAW_FRICTION_CONFIRMED,-1.1,2.1,118,RECOVERED_FRICTION_ABSORPTION_LIKE,"Flux mixte: conserver comme lecture de contexte, pas comme décision.",KEEP nuance: raw nuance la scene mais qualite/texture suffisantes pour comparaison B6; provenance RECOVERED_EXISTING_B9_SUMMARY; score memoire 0.950.,RECOVERED_EXISTING_B9_SUMMARY: recovered explicit B9 moments; shift0 raw alignment; proxy/reconstructed reading; not full footprint claim; NUANCED_BY_RAW: useful but not hard-confirmed raw; source_quality_raw=RECOVERED_EXISTING_B9_SUMMARY_SHIFT0_FULL_RAW_ALIGNMENT; confidence_cap=0.35; read-only; no DB write; no dashboard; no Telegram; no BUY/SELL
2026-05-06,2026-05-06T00:48:00+00:00,2026-05-06T00:49:00+00:00,RECOVERED_EXISTING_B9_SUMMARY,RECOVERED_EXISTING_B9_SUMMARY,M1_BAR_PROXY,RECONSTRUCTED,0.35,NUANCED_BY_RAW,NUANCED_BY_RAW,0.860,SOURCE_QUALITY_STRONG,0.950,B6_KEEP_CANDIDATE,RAW_FRICTION_CONFIRMED,0.8,1.9,63,RECOVERED_FRICTION_ABSORPTION_LIKE,"Flux mixte: conserver comme lecture de contexte, pas comme décision.",KEEP nuance: raw nuance la scene mais qualite/texture suffisantes pour comparaison B6; provenance RECOVERED_EXISTING_B9_SUMMARY; score memoire 0.950.,RECOVERED_EXISTING_B9_SUMMARY: recovered explicit B9 moments; shift0 raw alignment; proxy/reconstructed reading; not full footprint claim; NUANCED_BY_RAW: useful but not hard-confirmed raw; source_quality_raw=RECOVERED_EXISTING_B9_SUMMARY_SHIFT0_FULL_RAW_ALIGNMENT; confidence_cap=0.35; read-only; no DB write; no dashboard; no Telegram; no BUY/SELL
2026-05-06,2026-05-06T00:49:00+00:00,2026-05-06T00:50:00+00:00,RECOVERED_EXISTING_B9_SUMMARY,RECOVERED_EXISTING_B9_SUMMARY,M1_BAR_PROXY,RECONSTRUCTED,0.35,NUANCED_BY_RAW,NUANCED_BY_RAW,0.860,SOURCE_QUALITY_STRONG,0.950,B6_KEEP_CANDIDATE,RAW_FRICTION_CONFIRMED,0.4,1.3,63,RECOVERED_FRICTION_ABSORPTION_LIKE,"Flux mixte: conserver comme lecture de contexte, pas comme décision.",KEEP nuance: raw nuance la scene mais qualite/texture suffisantes pour comparaison B6; provenance RECOVERED_EXISTING_B9_SUMMARY; score memoire 0.950.,RECOVERED_EXISTING_B9_SUMMARY: recovered explicit B9 moments; shift0 raw alignment; proxy/reconstructed reading; not full footprint claim; NUANCED_BY_RAW: useful but not hard-confirmed raw; source_quality_raw=RECOVERED_EXISTING_B9_SUMMARY_SHIFT0_FULL_RAW_ALIGNMENT; confidence_cap=0.35; read-only; no DB write; no dashboard; no Telegram; no BUY/SELL
2026-05-06,2026-05-06T00:50:00+00:00,2026-05-06T00:51:00+00:00,RECOVERED_EXISTING_B9_SUMMARY,RECOVERED_EXISTING_B9_SUMMARY,M1_BAR_PROXY,RECONSTRUCTED,0.35,NUANCED_BY_RAW,NUANCED_BY_RAW,0.860,SOURCE_QUALITY_STRONG,0.950,B6_KEEP_CANDIDATE,RAW_FRICTION_CONFIRMED,0.0,1.6,47,RECOVERED_FRICTION_ABSORPTION_LIKE,"Flux mixte: conserver comme lecture de contexte, pas comme décision.",KEEP nuance: raw nuance la scene mais qualite/texture suffisantes pour comparaison B6; provenance RECOVERED_EXISTING_B9_SUMMARY; score memoire 0.950.,RECOVERED_EXISTING_B9_SUMMARY: recovered explicit B9 moments; shift0 raw alignment; proxy/reconstructed reading; not full footprint claim; NUANCED_BY_RAW: useful but not hard-confirmed raw; source_quality_raw=RECOVERED_EXISTING_B9_SUMMARY_SHIFT0_FULL_RAW_ALIGNMENT; confidence_cap=0.35; read-only; no DB write; no dashboard; no Telegram; no BUY/SELL
2026-05-06,2026-05-06T00:51:00+00:00,2026-05-06T00:52:00+00:00,RECOVERED_EXISTING_B9_SUMMARY,RECOVERED_EXISTING_B9_SUMMARY,M1_BAR_PROXY,RECONSTRUCTED,0.35,NUANCED_BY_RAW,NUANCED_BY_RAW,0.860,SOURCE_QUALITY_STRONG,0.950,B6_KEEP_CANDIDATE,RAW_FRICTION_CONFIRMED,0.7,1.2,47,RECOVERED_FRICTION_ABSORPTION_LIKE,"Flux mixte: conserver comme lecture de contexte, pas comme décision.",KEEP nuance: raw nuance la scene mais qualite/texture suffisantes pour comparaison B6; provenance RECOVERED_EXISTING_B9_SUMMARY; score memoire 0.950.,RECOVERED_EXISTING_B9_SUMMARY: recovered explicit B9 moments; shift0 raw alignment; proxy/reconstructed reading; not full footprint claim; NUANCED_BY_RAW: useful but not hard-confirmed raw; source_quality_raw=RECOVERED_EXISTING_B9_SUMMARY_SHIFT0_FULL_RAW_ALIGNMENT; confidence_cap=0.35; read-only; no DB write; no dashboard; no Telegram; no BUY/SELL
2026-05-06,2026-05-06T00:52:00+00:00,2026-05-06T00:53:00+00:00,RECOVERED_EXISTING_B9_SUMMARY,RECOVERED_EXISTING_B9_SUMMARY,M1_BAR_PROXY,RECONSTRUCTED,0.35,NUANCED_BY_RAW,NUANCED_BY_RAW,0.860,SOURCE_QUALITY_STRONG,0.950,B6_KEEP_CANDIDATE,RAW_FRICTION_CONFIRMED,-0.2,1.3,60,RECOVERED_FRICTION_ABSORPTION_LIKE,"Flux mixte: conserver comme lecture de contexte, pas comme décision.",KEEP nuance: raw nuance la scene mais qualite/texture suffisantes pour comparaison B6; provenance RECOVERED_EXISTING_B9_SUMMARY; score memoire 0.950.,RECOVERED_EXISTING_B9_SUMMARY: recovered explicit B9 moments; shift0 raw alignment; proxy/reconstructed reading; not full footprint claim; NUANCED_BY_RAW: useful but not hard-confirmed raw; source_quality_raw=RECOVERED_EXISTING_B9_SUMMARY_SHIFT0_FULL_RAW_ALIGNMENT; confidence_cap=0.35; read-only; no DB write; no dashboard; no Telegram; no BUY/SELL
2026-05-06,2026-05-06T00:53:00+00:00,2026-05-06T00:54:00+00:00,RECOVERED_EXISTING_B9_SUMMARY,RECOVERED_EXISTING_B9_SUMMARY,M1_BAR_PROXY,RECONSTRUCTED,0.35,NUANCED_BY_RAW,NUANCED_BY_RAW,0.860,SOURCE_QUALITY_STRONG,0.950,B6_KEEP_CANDIDATE,RAW_FRICTION_CONFIRMED,0.9,1.8,67,RECOVERED_FRICTION_ABSORPTION_LIKE,"Flux mixte: conserver comme lecture de contexte, pas comme décision.",KEEP nuance: raw nuance la scene mais qualite/texture suffisantes pour comparaison B6; provenance RECOVERED_EXISTING_B9_SUMMARY; score memoire 0.950.,RECOVERED_EXISTING_B9_SUMMARY: recovered explicit B9 moments; shift0 raw alignment; proxy/reconstructed reading; not full footprint claim; NUANCED_BY_RAW: useful but not hard-confirmed raw; source_quality_raw=RECOVERED_EXISTING_B9_SUMMARY_SHIFT0_FULL_RAW_ALIGNMENT; confidence_cap=0.35; read-only; no DB write; no dashboard; no Telegram; no BUY/SELL
2026-05-06,2026-05-06T00:54:00+00:00,2026-05-06T00:55:00+00:00,RECOVERED_EXISTING_B9_SUMMARY,RECOVERED_EXISTING_B9_SUMMARY,M1_BAR_PROXY,RECONSTRUCTED,0.35,NUANCED_BY_RAW,NUANCED_BY_RAW,0.860,SOURCE_QUALITY_STRONG,0.950,B6_KEEP_CANDIDATE,RAW_FRICTION_CONFIRMED,0.6,1.3,50,RECOVERED_FRICTION_ABSORPTION_LIKE,"Flux mixte: conserver comme lecture de contexte, pas comme décision.",KEEP nuance: raw nuance la scene mais qualite/texture suffisantes pour comparaison B6; provenance RECOVERED_EXISTING_B9_SUMMARY; score memoire 0.950.,RECOVERED_EXISTING_B9_SUMMARY: recovered explicit B9 moments; shift0 raw alignment; proxy/reconstructed reading; not full footprint claim; NUANCED_BY_RAW: useful but not hard-confirmed raw; source_quality_raw=RECOVERED_EXISTING_B9_SUMMARY_SHIFT0_FULL_RAW_ALIGNMENT; confidence_cap=0.35; read-only; no DB write; no dashboard; no Telegram; no BUY/SELL
2026-05-07,2026-05-07T00:01:00+00:00,2026-05-07T01:01:00+00:00,FORCE_SNAPSHOT_DERIVED,FORCE_SNAPSHOT_DERIVED,M1_BAR_PROXY,RECONSTRUCTED_FORCE_SNAPSHOT_DERIVED,0.35,NUANCED_BY_RAW,NUANCED_BY_RAW,0.880,SOURCE_QUALITY_STRONG,0.950,B6_KEEP_CANDIDATE,RAW_ROTATION_CONFIRMED,-4.1,9.2,3757,FLOW_DIRECTIONAL_DISPLACEMENT,Déplacement directionnel proxy,KEEP nuance: raw nuance la scene mais qualite/texture suffisantes pour comparaison B6; provenance FORCE_SNAPSHOT_DERIVED; score memoire 0.950.,FORCE_SNAPSHOT_DERIVED: reconstruction force_snapshots_v2; not recovered existing summary; proxy/reconstructed reading; not full footprint claim; NUANCED_BY_RAW: useful but not hard-confirmed raw; source_quality_raw=FULL_DAY_M1_PROXY; confidence_cap=0.35; read-only; no DB write; no dashboard; no Telegram; no BUY/SELL
2026-05-07,2026-05-07T01:01:00+00:00,2026-05-07T02:01:00+00:00,FORCE_SNAPSHOT_DERIVED,FORCE_SNAPSHOT_DERIVED,M1_BAR_PROXY,RECONSTRUCTED_FORCE_SNAPSHOT_DERIVED,0.35,CONFIRMED_BY_RAW,CONFIRMED_BY_RAW,0.880,SOURCE_QUALITY_STRONG,0.950,B6_KEEP_CANDIDATE,RAW_PROGRESS_CONFIRMED,17.0,17.5,3543,FLOW_FRICTION_ABSORPTION_LIKE,Friction / absorption-like proxy,"KEEP prioritaire: scene confirmee raw, texture RAW_PROGRESS_CONFIRMED, provenance FORCE_SNAPSHOT_DERIVED, score memoire 0.950.",FORCE_SNAPSHOT_DERIVED: reconstruction force_snapshots_v2; not recovered existing summary; proxy/reconstructed reading; not full footprint claim; CONFIRMED_BY_RAW: raw supports proxy reading; source_quality_raw=FULL_DAY_M1_PROXY; confidence_cap=0.35; read-only; no DB write; no dashboard; no Telegram; no BUY/SELL
2026-05-07,2026-05-07T02:01:00+00:00,2026-05-07T03:01:00+00:00,FORCE_SNAPSHOT_DERIVED,FORCE_SNAPSHOT_DERIVED,M1_BAR_PROXY,RECONSTRUCTED_FORCE_SNAPSHOT_DERIVED,0.35,CONFIRMED_BY_RAW,CONFIRMED_BY_RAW,0.880,SOURCE_QUALITY_STRONG,0.950,B6_KEEP_CANDIDATE,RAW_PROGRESS_CONFIRMED,-5.6,7.3,2754,FLOW_FRICTION_ABSORPTION_LIKE,Friction / absorption-like proxy,"KEEP prioritaire: scene confirmee raw, texture RAW_PROGRESS_CONFIRMED, provenance FORCE_SNAPSHOT_DERIVED, score memoire 0.950.",FORCE_SNAPSHOT_DERIVED: reconstruction force_snapshots_v2; not recovered existing summary; proxy/reconstructed reading; not full footprint claim; CONFIRMED_BY_RAW: raw supports proxy reading; source_quality_raw=FULL_DAY_M1_PROXY; confidence_cap=0.35; read-only; no DB write; no dashboard; no Telegram; no BUY/SELL
2026-05-07,2026-05-07T03:01:00+00:00,2026-05-07T04:01:00+00:00,FORCE_SNAPSHOT_DERIVED,FORCE_SNAPSHOT_DERIVED,M1_BAR_PROXY,RECONSTRUCTED_FORCE_SNAPSHOT_DERIVED,0.35,CONFIRMED_BY_RAW,CONFIRMED_BY_RAW,0.880,SOURCE_QUALITY_STRONG,0.950,B6_KEEP_CANDIDATE,RAW_PROGRESS_CONFIRMED,-8.1,11.1,2336,FLOW_ROTATIONAL,Rotation / respiration de zone,"KEEP prioritaire: scene confirmee raw, texture RAW_PROGRESS_CONFIRMED, provenance FORCE_SNAPSHOT_DERIVED, score memoire 0.950.",FORCE_SNAPSHOT_DERIVED: reconstruction force_snapshots_v2; not recovered existing summary; proxy/reconstructed reading; not full footprint claim; CONFIRMED_BY_RAW: raw supports proxy reading; source_quality_raw=FULL_DAY_M1_PROXY; confidence_cap=0.35; read-only; no DB write; no dashboard; no Telegram; no BUY/SELL
2026-05-07,2026-05-07T04:01:00+00:00,2026-05-07T05:01:00+00:00,FORCE_SNAPSHOT_DERIVED,FORCE_SNAPSHOT_DERIVED,M1_BAR_PROXY,RECONSTRUCTED_FORCE_SNAPSHOT_DERIVED,0.35,CONFIRMED_BY_RAW,CONFIRMED_BY_RAW,0.880,SOURCE_QUALITY_STRONG,0.950,B6_KEEP_CANDIDATE,RAW_PROGRESS_CONFIRMED,4.5,8.3,2137,FLOW_DIRECTIONAL_DISPLACEMENT,Déplacement directionnel proxy,"KEEP prioritaire: scene confirmee raw, texture RAW_PROGRESS_CONFIRMED, provenance FORCE_SNAPSHOT_DERIVED, score memoire 0.950.",FORCE_SNAPSHOT_DERIVED: reconstruction force_snapshots_v2; not recovered existing summary; proxy/reconstructed reading; not full footprint claim; CONFIRMED_BY_RAW: raw supports proxy reading; source_quality_raw=FULL_DAY_M1_PROXY; confidence_cap=0.35; read-only; no DB write; no dashboard; no Telegram; no BUY/SELL
2026-05-07,2026-05-07T05:01:00+00:00,2026-05-07T06:01:00+00:00,FORCE_SNAPSHOT_DERIVED,FORCE_SNAPSHOT_DERIVED,M1_BAR_PROXY,RECONSTRUCTED_FORCE_SNAPSHOT_DERIVED,0.35,CONFIRMED_BY_RAW,CONFIRMED_BY_RAW,0.880,SOURCE_QUALITY_STRONG,0.950,B6_KEEP_CANDIDATE,RAW_PROGRESS_CONFIRMED,-2.8,7.4,2342,FLOW_DIRECTIONAL_DISPLACEMENT,Déplacement directionnel proxy,"KEEP prioritaire: scene confirmee raw, texture RAW_PROGRESS_CONFIRMED, provenance FORCE_SNAPSHOT_DERIVED, score memoire 0.950.",FORCE_SNAPSHOT_DERIVED: reconstruction force_snapshots_v2; not recovered existing summary; proxy/reconstructed reading; not full footprint claim; CONFIRMED_BY_RAW: raw supports proxy reading; source_quality_raw=FULL_DAY_M1_PROXY; confidence_cap=0.35; read-only; no DB write; no dashboard; no Telegram; no BUY/SELL
2026-05-07,2026-05-07T06:01:00+00:00,2026-05-07T07:01:00+00:00,FORCE_SNAPSHOT_DERIVED,FORCE_SNAPSHOT_DERIVED,M1_BAR_PROXY,RECONSTRUCTED_FORCE_SNAPSHOT_DERIVED,0.35,NUANCED_BY_RAW,NUANCED_BY_RAW,0.880,SOURCE_QUALITY_STRONG,0.950,B6_KEEP_CANDIDATE,RAW_ROTATION_CONFIRMED,7.7,17.3,4411,FLOW_DIRECTIONAL_DISPLACEMENT,Déplacement directionnel proxy,KEEP nuance: raw nuance la scene mais qualite/texture suffisantes pour comparaison B6; provenance FORCE_SNAPSHOT_DERIVED; score memoire 0.950.,FORCE_SNAPSHOT_DERIVED: reconstruction force_snapshots_v2; not recovered existing summary; proxy/reconstructed reading; not full footprint claim; NUANCED_BY_RAW: useful but not hard-confirmed raw; source_quality_raw=FULL_DAY_M1_PROXY; confidence_cap=0.35; read-only; no DB write; no dashboard; no Telegram; no BUY/SELL
2026-05-07,2026-05-07T07:01:00+00:00,2026-05-07T08:01:00+00:00,FORCE_SNAPSHOT_DERIVED,FORCE_SNAPSHOT_DERIVED,M1_BAR_PROXY,RECONSTRUCTED_FORCE_SNAPSHOT_DERIVED,0.35,CONFIRMED_BY_RAW,CONFIRMED_BY_RAW,0.880,SOURCE_QUALITY_STRONG,0.950,B6_KEEP_CANDIDATE,RAW_PROGRESS_CONFIRMED,17.6,22.0,5358,FLOW_DIRECTIONAL_DISPLACEMENT,Déplacement directionnel proxy,"KEEP prioritaire: scene confirmee raw, texture RAW_PROGRESS_CONFIRMED, provenance FORCE_SNAPSHOT_DERIVED, score memoire 0.950.",FORCE_SNAPSHOT_DERIVED: reconstruction force_snapshots_v2; not recovered existing summary; proxy/reconstructed reading; not full footprint claim; CONFIRMED_BY_RAW: raw supports proxy reading; source_quality_raw=FULL_DAY_M1_PROXY; confidence_cap=0.35; read-only; no DB write; no dashboard; no Telegram; no BUY/SELL
2026-05-07,2026-05-07T08:01:00+00:00,2026-05-07T09:01:00+00:00,FORCE_SNAPSHOT_DERIVED,FORCE_SNAPSHOT_DERIVED,M1_BAR_PROXY,RECONSTRUCTED_FORCE_SNAPSHOT_DERIVED,0.35,NUANCED_BY_RAW,NUANCED_BY_RAW,0.880,SOURCE_QUALITY_STRONG,0.950,B6_KEEP_CANDIDATE,RAW_ROTATION_CONFIRMED,-1.0,9.6,3991,FLOW_DIRECTIONAL_DISPLACEMENT,Déplacement directionnel proxy,KEEP nuance: raw nuance la scene mais qualite/texture suffisantes pour comparaison B6; provenance FORCE_SNAPSHOT_DERIVED; score memoire 0.950.,FORCE_SNAPSHOT_DERIVED: reconstruction force_snapshots_v2; not recovered existing summary; proxy/reconstructed reading; not full footprint claim; NUANCED_BY_RAW: useful but not hard-confirmed raw; source_quality_raw=FULL_DAY_M1_PROXY; confidence_cap=0.35; read-only; no DB write; no dashboard; no Telegram; no BUY/SELL
2026-05-07,2026-05-07T09:01:00+00:00,2026-05-07T10:01:00+00:00,FORCE_SNAPSHOT_DERIVED,FORCE_SNAPSHOT_DERIVED,M1_BAR_PROXY,RECONSTRUCTED_FORCE_SNAPSHOT_DERIVED,0.35,NUANCED_BY_RAW,NUANCED_BY_RAW,0.880,SOURCE_QUALITY_STRONG,0.950,B6_KEEP_CANDIDATE,RAW_ROTATION_CONFIRMED,-0.4,7.2,3312,FLOW_WEAK_DIRECTIONAL,Flux faible / transition proxy,KEEP nuance: raw nuance la scene mais qualite/texture suffisantes pour comparaison B6; provenance FORCE_SNAPSHOT_DERIVED; score memoire 0.950.,FORCE_SNAPSHOT_DERIVED: reconstruction force_snapshots_v2; not recovered existing summary; proxy/reconstructed reading; not full footprint claim; NUANCED_BY_RAW: useful but not hard-confirmed raw; source_quality_raw=FULL_DAY_M1_PROXY; confidence_cap=0.35; read-only; no DB write; no dashboard; no Telegram; no BUY/SELL
2026-05-07,2026-05-07T10:01:00+00:00,2026-05-07T11:01:00+00:00,FORCE_SNAPSHOT_DERIVED,FORCE_SNAPSHOT_DERIVED,M1_BAR_PROXY,RECONSTRUCTED_FORCE_SNAPSHOT_DERIVED,0.35,CONFIRMED_BY_RAW,CONFIRMED_BY_RAW,0.880,SOURCE_QUALITY_STRONG,0.950,B6_KEEP_CANDIDATE,RAW_PROGRESS_CONFIRMED,2.1,11.9,3840,FLOW_DIRECTIONAL_DISPLACEMENT,Déplacement directionnel proxy,"KEEP prioritaire: scene confirmee raw, texture RAW_PROGRESS_CONFIRMED, provenance FORCE_SNAPSHOT_DERIVED, score memoire 0.950.",FORCE_SNAPSHOT_DERIVED: reconstruction force_snapshots_v2; not recovered existing summary; proxy/reconstructed reading; not full footprint claim; CONFIRMED_BY_RAW: raw supports proxy reading; source_quality_raw=FULL_DAY_M1_PROXY; confidence_cap=0.35; read-only; no DB write; no dashboard; no Telegram; no BUY/SELL
2026-05-07,2026-05-07T11:01:00+00:00,2026-05-07T12:01:00+00:00,FORCE_SNAPSHOT_DERIVED,FORCE_SNAPSHOT_DERIVED,M1_BAR_PROXY,RECONSTRUCTED_FORCE_SNAPSHOT_DERIVED,0.35,CONFIRMED_BY_RAW,CONFIRMED_BY_RAW,0.880,SOURCE_QUALITY_STRONG,0.950,B6_KEEP_CANDIDATE,RAW_PROGRESS_CONFIRMED,-2.8,14.7,3639,FLOW_ROTATIONAL,Rotation / respiration de zone,"KEEP prioritaire: scene confirmee raw, texture RAW_PROGRESS_CONFIRMED, provenance FORCE_SNAPSHOT_DERIVED, score memoire 0.950.",FORCE_SNAPSHOT_DERIVED: reconstruction force_snapshots_v2; not recovered existing summary; proxy/reconstructed reading; not full footprint claim; CONFIRMED_BY_RAW: raw supports proxy reading; source_quality_raw=FULL_DAY_M1_PROXY; confidence_cap=0.35; read-only; no DB write; no dashboard; no Telegram; no BUY/SELL
2026-05-07,2026-05-07T12:01:00+00:00,2026-05-07T13:01:00+00:00,FORCE_SNAPSHOT_DERIVED,FORCE_SNAPSHOT_DERIVED,M1_BAR_PROXY,RECONSTRUCTED_FORCE_SNAPSHOT_DERIVED,0.35,NUANCED_BY_RAW,NUANCED_BY_RAW,0.880,SOURCE_QUALITY_STRONG,0.950,B6_KEEP_CANDIDATE,RAW_ROTATION_CONFIRMED,1.2,11.7,4288,FLOW_DIRECTIONAL_DISPLACEMENT,Déplacement directionnel proxy,KEEP nuance: raw nuance la scene mais qualite/texture suffisantes pour comparaison B6; provenance FORCE_SNAPSHOT_DERIVED; score memoire 0.950.,FORCE_SNAPSHOT_DERIVED: reconstruction force_snapshots_v2; not recovered existing summary; proxy/reconstructed reading; not full footprint claim; NUANCED_BY_RAW: useful but not hard-confirmed raw; source_quality_raw=FULL_DAY_M1_PROXY; confidence_cap=0.35; read-only; no DB write; no dashboard; no Telegram; no BUY/SELL
2026-05-07,2026-05-07T13:01:00+00:00,2026-05-07T14:01:00+00:00,FORCE_SNAPSHOT_DERIVED,FORCE_SNAPSHOT_DERIVED,M1_BAR_PROXY,RECONSTRUCTED_FORCE_SNAPSHOT_DERIVED,0.35,NUANCED_BY_RAW,NUANCED_BY_RAW,0.880,SOURCE_QUALITY_STRONG,0.950,B6_KEEP_CANDIDATE,RAW_ROTATION_CONFIRMED,-2.5,13.2,5483,FLOW_WEAK_DIRECTIONAL,Flux faible / transition proxy,KEEP nuance: raw nuance la scene mais qualite/texture suffisantes pour comparaison B6; provenance FORCE_SNAPSHOT_DERIVED; score memoire 0.950.,FORCE_SNAPSHOT_DERIVED: reconstruction force_snapshots_v2; not recovered existing summary; proxy/reconstructed reading; not full footprint claim; NUANCED_BY_RAW: useful but not hard-confirmed raw; source_quality_raw=FULL_DAY_M1_PROXY; confidence_cap=0.35; read-only; no DB write; no dashboard; no Telegram; no BUY/SELL
2026-05-07,2026-05-07T14:01:00+00:00,2026-05-07T15:01:00+00:00,FORCE_SNAPSHOT_DERIVED,FORCE_SNAPSHOT_DERIVED,M1_BAR_PROXY,RECONSTRUCTED_FORCE_SNAPSHOT_DERIVED,0.35,NUANCED_BY_RAW,NUANCED_BY_RAW,0.880,SOURCE_QUALITY_STRONG,0.950,B6_KEEP_CANDIDATE,RAW_ROTATION_CONFIRMED,10.6,18.5,5296,FLOW_ROTATIONAL,Rotation / respiration de zone,KEEP nuance: raw nuance la scene mais qualite/texture suffisantes pour comparaison B6; provenance FORCE_SNAPSHOT_DERIVED; score memoire 0.950.,FORCE_SNAPSHOT_DERIVED: reconstruction force_snapshots_v2; not recovered existing summary; proxy/reconstructed reading; not full footprint claim; NUANCED_BY_RAW: useful but not hard-confirmed raw; source_quality_raw=FULL_DAY_M1_PROXY; confidence_cap=0.35; read-only; no DB write; no dashboard; no Telegram; no BUY/SELL
2026-05-07,2026-05-07T15:01:00+00:00,2026-05-07T16:01:00+00:00,FORCE_SNAPSHOT_DERIVED,FORCE_SNAPSHOT_DERIVED,M1_BAR_PROXY,RECONSTRUCTED_FORCE_SNAPSHOT_DERIVED,0.35,CONFIRMED_BY_RAW,CONFIRMED_BY_RAW,0.880,SOURCE_QUALITY_STRONG,0.950,B6_KEEP_CANDIDATE,RAW_PROGRESS_CONFIRMED,-21.4,26.0,5779,FLOW_ROTATIONAL,Rotation / respiration de zone,"KEEP prioritaire: scene confirmee raw, texture RAW_PROGRESS_CONFIRMED, provenance FORCE_SNAPSHOT_DERIVED, score memoire 0.950.",FORCE_SNAPSHOT_DERIVED: reconstruction force_snapshots_v2; not recovered existing summary; proxy/reconstructed reading; not full footprint claim; CONFIRMED_BY_RAW: raw supports proxy reading; source_quality_raw=FULL_DAY_M1_PROXY; confidence_cap=0.35; read-only; no DB write; no dashboard; no Telegram; no BUY/SELL
2026-05-07,2026-05-07T16:01:00+00:00,2026-05-07T17:01:00+00:00,FORCE_SNAPSHOT_DERIVED,FORCE_SNAPSHOT_DERIVED,M1_BAR_PROXY,RECONSTRUCTED_FORCE_SNAPSHOT_DERIVED,0.35,CONFIRMED_BY_RAW,CONFIRMED_BY_RAW,0.880,SOURCE_QUALITY_STRONG,0.950,B6_KEEP_CANDIDATE,RAW_PROGRESS_CONFIRMED,-16.2,19.9,5117,FLOW_ROTATIONAL,Rotation / respiration de zone,"KEEP prioritaire: scene confirmee raw, texture RAW_PROGRESS_CONFIRMED, provenance FORCE_SNAPSHOT_DERIVED, score memoire 0.950.",FORCE_SNAPSHOT_DERIVED: reconstruction force_snapshots_v2; not recovered existing summary; proxy/reconstructed reading; not full footprint claim; CONFIRMED_BY_RAW: raw supports proxy reading; source_quality_raw=FULL_DAY_M1_PROXY; confidence_cap=0.35; read-only; no DB write; no dashboard; no Telegram; no BUY/SELL
2026-05-07,2026-05-07T17:01:00+00:00,2026-05-07T18:01:00+00:00,FORCE_SNAPSHOT_DERIVED,FORCE_SNAPSHOT_DERIVED,M1_BAR_PROXY,RECONSTRUCTED_FORCE_SNAPSHOT_DERIVED,0.35,NUANCED_BY_RAW,NUANCED_BY_RAW,0.880,SOURCE_QUALITY_STRONG,0.950,B6_KEEP_CANDIDATE,RAW_ROTATION_CONFIRMED,-6.4,26.2,5185,FLOW_DIRECTIONAL_DISPLACEMENT,Déplacement directionnel proxy,KEEP nuance: raw nuance la scene mais qualite/texture suffisantes pour comparaison B6; provenance FORCE_SNAPSHOT_DERIVED; score memoire 0.950.,FORCE_SNAPSHOT_DERIVED: reconstruction force_snapshots_v2; not recovered existing summary; proxy/reconstructed reading; not full footprint claim; NUANCED_BY_RAW: useful but not hard-confirmed raw; source_quality_raw=FULL_DAY_M1_PROXY; confidence_cap=0.35; read-only; no DB write; no dashboard; no Telegram; no BUY/SELL
2026-05-07,2026-05-07T18:01:00+00:00,2026-05-07T19:01:00+00:00,FORCE_SNAPSHOT_DERIVED,FORCE_SNAPSHOT_DERIVED,M1_BAR_PROXY,RECONSTRUCTED_FORCE_SNAPSHOT_DERIVED,0.35,CONFIRMED_BY_RAW,CONFIRMED_BY_RAW,0.880,SOURCE_QUALITY_STRONG,0.950,B6_KEEP_CANDIDATE,RAW_PROGRESS_CONFIRMED,-8.2,14.6,4462,FLOW_DIRECTIONAL_DISPLACEMENT,Déplacement directionnel proxy,"KEEP prioritaire: scene confirmee raw, texture RAW_PROGRESS_CONFIRMED, provenance FORCE_SNAPSHOT_DERIVED, score memoire 0.950.",FORCE_SNAPSHOT_DERIVED: reconstruction force_snapshots_v2; not recovered existing summary; proxy/reconstructed reading; not full footprint claim; CONFIRMED_BY_RAW: raw supports proxy reading; source_quality_raw=FULL_DAY_M1_PROXY; confidence_cap=0.35; read-only; no DB write; no dashboard; no Telegram; no BUY/SELL
2026-05-07,2026-05-07T19:01:00+00:00,2026-05-07T20:01:00+00:00,FORCE_SNAPSHOT_DERIVED,FORCE_SNAPSHOT_DERIVED,M1_BAR_PROXY,RECONSTRUCTED_FORCE_SNAPSHOT_DERIVED,0.35,CONFIRMED_BY_RAW,CONFIRMED_BY_RAW,0.880,SOURCE_QUALITY_STRONG,0.950,B6_KEEP_CANDIDATE,RAW_PROGRESS_CONFIRMED,-14.5,23.6,4797,FLOW_DIRECTIONAL_DISPLACEMENT,Déplacement directionnel proxy,"KEEP prioritaire: scene confirmee raw, texture RAW_PROGRESS_CONFIRMED, provenance FORCE_SNAPSHOT_DERIVED, score memoire 0.950.",FORCE_SNAPSHOT_DERIVED: reconstruction force_snapshots_v2; not recovered existing summary; proxy/reconstructed reading; not full footprint claim; CONFIRMED_BY_RAW: raw supports proxy reading; source_quality_raw=FULL_DAY_M1_PROXY; confidence_cap=0.35; read-only; no DB write; no dashboard; no Telegram; no BUY/SELL
2026-05-07,2026-05-07T23:01:00+00:00,2026-05-08T00:00:00+00:00,FORCE_SNAPSHOT_DERIVED,FORCE_SNAPSHOT_DERIVED,M1_BAR_PROXY,RECONSTRUCTED_FORCE_SNAPSHOT_DERIVED,0.35,NUANCED_BY_RAW,NUANCED_BY_RAW,0.830,SOURCE_QUALITY_STRONG,0.920,B6_KEEP_CANDIDATE,RAW_FRICTION_CONFIRMED,0.1,0.1,2,FLOW_DIRECTIONAL_DISPLACEMENT,Déplacement directionnel proxy,KEEP nuance: raw nuance la scene mais qualite/texture suffisantes pour comparaison B6; provenance FORCE_SNAPSHOT_DERIVED; score memoire 0.920.,FORCE_SNAPSHOT_DERIVED: reconstruction force_snapshots_v2; not recovered existing summary; proxy/reconstructed reading; not full footprint claim; NUANCED_BY_RAW: useful but not hard-confirmed raw; source_quality_raw=FULL_DAY_M1_PROXY; confidence_cap=0.35; read-only; no DB write; no dashboard; no Telegram; no BUY/SELL
2026-05-08,2026-05-08T00:04:00+00:00,2026-05-08T01:04:00+00:00,FORCE_SNAPSHOT_DERIVED,FORCE_SNAPSHOT_DERIVED,M1_BAR_PROXY,RECONSTRUCTED_FORCE_SNAPSHOT_DERIVED,0.35,NUANCED_BY_RAW,NUANCED_BY_RAW,0.880,SOURCE_QUALITY_STRONG,0.950,B6_KEEP_CANDIDATE,RAW_ROTATION_CONFIRMED,-3.3,12.2,3732,FLOW_FRICTION_ABSORPTION_LIKE,Friction / absorption-like proxy,KEEP nuance: raw nuance la scene mais qualite/texture suffisantes pour comparaison B6; provenance FORCE_SNAPSHOT_DERIVED; score memoire 0.950.,FORCE_SNAPSHOT_DERIVED: reconstruction force_snapshots_v2; not recovered existing summary; proxy/reconstructed reading; not full footprint claim; NUANCED_BY_RAW: useful but not hard-confirmed raw; source_quality_raw=FULL_DAY_M1_PROXY; confidence_cap=0.35; read-only; no DB write; no dashboard; no Telegram; no BUY/SELL
2026-05-08,2026-05-08T01:04:00+00:00,2026-05-08T02:04:00+00:00,FORCE_SNAPSHOT_DERIVED,FORCE_SNAPSHOT_DERIVED,M1_BAR_PROXY,RECONSTRUCTED_FORCE_SNAPSHOT_DERIVED,0.35,NUANCED_BY_RAW,NUANCED_BY_RAW,0.880,SOURCE_QUALITY_STRONG,0.950,B6_KEEP_CANDIDATE,RAW_ROTATION_CONFIRMED,6.0,8.9,3004,FLOW_WEAK_DIRECTIONAL,Flux faible / transition proxy,KEEP nuance: raw nuance la scene mais qualite/texture suffisantes pour comparaison B6; provenance FORCE_SNAPSHOT_DERIVED; score memoire 0.950.,FORCE_SNAPSHOT_DERIVED: reconstruction force_snapshots_v2; not recovered existing summary; proxy/reconstructed reading; not full footprint claim; NUANCED_BY_RAW: useful but not hard-confirmed raw; source_quality_raw=FULL_DAY_M1_PROXY; confidence_cap=0.35; read-only; no DB write; no dashboard; no Telegram; no BUY/SELL
2026-05-08,2026-05-08T02:04:00+00:00,2026-05-08T03:04:00+00:00,FORCE_SNAPSHOT_DERIVED,FORCE_SNAPSHOT_DERIVED,M1_BAR_PROXY,RECONSTRUCTED_FORCE_SNAPSHOT_DERIVED,0.35,NUANCED_BY_RAW,NUANCED_BY_RAW,0.880,SOURCE_QUALITY_STRONG,0.950,B6_KEEP_CANDIDATE,RAW_ROTATION_CONFIRMED,-2.4,11.0,2958,FLOW_DIRECTIONAL_DISPLACEMENT,Déplacement directionnel proxy,KEEP nuance: raw nuance la scene mais qualite/texture suffisantes pour comparaison B6; provenance FORCE_SNAPSHOT_DERIVED; score memoire 0.950.,FORCE_SNAPSHOT_DERIVED: reconstruction force_snapshots_v2; not recovered existing summary; proxy/reconstructed reading; not full footprint claim; NUANCED_BY_RAW: useful but not hard-confirmed raw; source_quality_raw=FULL_DAY_M1_PROXY; confidence_cap=0.35; read-only; no DB write; no dashboard; no Telegram; no BUY/SELL
2026-05-08,2026-05-08T03:04:00+00:00,2026-05-08T04:04:00+00:00,FORCE_SNAPSHOT_DERIVED,FORCE_SNAPSHOT_DERIVED,M1_BAR_PROXY,RECONSTRUCTED_FORCE_SNAPSHOT_DERIVED,0.35,CONFIRMED_BY_RAW,CONFIRMED_BY_RAW,0.880,SOURCE_QUALITY_STRONG,0.950,B6_KEEP_CANDIDATE,RAW_PROGRESS_CONFIRMED,-3.1,7.4,2378,FLOW_ROTATIONAL,Rotation / respiration de zone,"KEEP prioritaire: scene confirmee raw, texture RAW_PROGRESS_CONFIRMED, provenance FORCE_SNAPSHOT_DERIVED, score memoire 0.950.",FORCE_SNAPSHOT_DERIVED: reconstruction force_snapshots_v2; not recovered existing summary; proxy/reconstructed reading; not full footprint claim; CONFIRMED_BY_RAW: raw supports proxy reading; source_quality_raw=FULL_DAY_M1_PROXY; confidence_cap=0.35; read-only; no DB write; no dashboard; no Telegram; no BUY/SELL
2026-05-08,2026-05-08T04:04:00+00:00,2026-05-08T05:04:00+00:00,FORCE_SNAPSHOT_DERIVED,FORCE_SNAPSHOT_DERIVED,M1_BAR_PROXY,RECONSTRUCTED_FORCE_SNAPSHOT_DERIVED,0.35,CONFIRMED_BY_RAW,CONFIRMED_BY_RAW,0.880,SOURCE_QUALITY_STRONG,0.950,B6_KEEP_CANDIDATE,RAW_PROGRESS_CONFIRMED,15.9,19.6,2515,FLOW_DIRECTIONAL_DISPLACEMENT,Déplacement directionnel proxy,"KEEP prioritaire: scene confirmee raw, texture RAW_PROGRESS_CONFIRMED, provenance FORCE_SNAPSHOT_DERIVED, score memoire 0.950.",FORCE_SNAPSHOT_DERIVED: reconstruction force_snapshots_v2; not recovered existing summary; proxy/reconstructed reading; not full footprint claim; CONFIRMED_BY_RAW: raw supports proxy reading; source_quality_raw=FULL_DAY_M1_PROXY; confidence_cap=0.35; read-only; no DB write; no dashboard; no Telegram; no BUY/SELL
2026-05-08,2026-05-08T05:04:00+00:00,2026-05-08T06:04:00+00:00,FORCE_SNAPSHOT_DERIVED,FORCE_SNAPSHOT_DERIVED,M1_BAR_PROXY,RECONSTRUCTED_FORCE_SNAPSHOT_DERIVED,0.35,NUANCED_BY_RAW,NUANCED_BY_RAW,0.880,SOURCE_QUALITY_STRONG,0.950,B6_KEEP_CANDIDATE,RAW_ROTATION_CONFIRMED,11.3,15.5,2823,FLOW_WEAK_DIRECTIONAL,Flux faible / transition proxy,KEEP nuance: raw nuance la scene mais qualite/texture suffisantes pour comparaison B6; provenance FORCE_SNAPSHOT_DERIVED; score memoire 0.950.,FORCE_SNAPSHOT_DERIVED: reconstruction force_snapshots_v2; not recovered existing summary; proxy/reconstructed reading; not full footprint claim; NUANCED_BY_RAW: useful but not hard-confirmed raw; source_quality_raw=FULL_DAY_M1_PROXY; confidence_cap=0.35; read-only; no DB write; no dashboard; no Telegram; no BUY/SELL
2026-05-08,2026-05-08T06:04:00+00:00,2026-05-08T07:04:00+00:00,FORCE_SNAPSHOT_DERIVED,FORCE_SNAPSHOT_DERIVED,M1_BAR_PROXY,RECONSTRUCTED_FORCE_SNAPSHOT_DERIVED,0.35,NUANCED_BY_RAW,NUANCED_BY_RAW,0.880,SOURCE_QUALITY_STRONG,0.950,B6_KEEP_CANDIDATE,RAW_ROTATION_CONFIRMED,7.4,12.1,4065,FLOW_ROTATIONAL,Rotation / respiration de zone,KEEP nuance: raw nuance la scene mais qualite/texture suffisantes pour comparaison B6; provenance FORCE_SNAPSHOT_DERIVED; score memoire 0.950.,FORCE_SNAPSHOT_DERIVED: reconstruction force_snapshots_v2; not recovered existing summary; proxy/reconstructed reading; not full footprint claim; NUANCED_BY_RAW: useful but not hard-confirmed raw; source_quality_raw=FULL_DAY_M1_PROXY; confidence_cap=0.35; read-only; no DB write; no dashboard; no Telegram; no BUY/SELL
2026-05-08,2026-05-08T07:04:00+00:00,2026-05-08T08:04:00+00:00,FORCE_SNAPSHOT_DERIVED,FORCE_SNAPSHOT_DERIVED,M1_BAR_PROXY,RECONSTRUCTED_FORCE_SNAPSHOT_DERIVED,0.35,NUANCED_BY_RAW,NUANCED_BY_RAW,0.880,SOURCE_QUALITY_STRONG,0.950,B6_KEEP_CANDIDATE,RAW_ROTATION_CONFIRMED,-4.7,11.3,4096,FLOW_DIRECTIONAL_DISPLACEMENT,Déplacement directionnel proxy,KEEP nuance: raw nuance la scene mais qualite/texture suffisantes pour comparaison B6; provenance FORCE_SNAPSHOT_DERIVED; score memoire 0.950.,FORCE_SNAPSHOT_DERIVED: reconstruction force_snapshots_v2; not recovered existing summary; proxy/reconstructed reading; not full footprint claim; NUANCED_BY_RAW: useful but not hard-confirmed raw; source_quality_raw=FULL_DAY_M1_PROXY; confidence_cap=0.35; read-only; no DB write; no dashboard; no Telegram; no BUY/SELL
2026-05-08,2026-05-08T08:04:00+00:00,2026-05-08T09:04:00+00:00,FORCE_SNAPSHOT_DERIVED,FORCE_SNAPSHOT_DERIVED,M1_BAR_PROXY,RECONSTRUCTED_FORCE_SNAPSHOT_DERIVED,0.35,CONFIRMED_BY_RAW,CONFIRMED_BY_RAW,0.880,SOURCE_QUALITY_STRONG,0.950,B6_KEEP_CANDIDATE,RAW_PROGRESS_CONFIRMED,33.5,40.3,3939,FLOW_DIRECTIONAL_DISPLACEMENT,Déplacement directionnel proxy,"KEEP prioritaire: scene confirmee raw, texture RAW_PROGRESS_CONFIRMED, provenance FORCE_SNAPSHOT_DERIVED, score memoire 0.950.",FORCE_SNAPSHOT_DERIVED: reconstruction force_snapshots_v2; not recovered existing summary; proxy/reconstructed reading; not full footprint claim; CONFIRMED_BY_RAW: raw supports proxy reading; source_quality_raw=FULL_DAY_M1_PROXY; confidence_cap=0.35; read-only; no DB write; no dashboard; no Telegram; no BUY/SELL
2026-05-08,2026-05-08T09:04:00+00:00,2026-05-08T10:04:00+00:00,FORCE_SNAPSHOT_DERIVED,FORCE_SNAPSHOT_DERIVED,M1_BAR_PROXY,RECONSTRUCTED_FORCE_SNAPSHOT_DERIVED,0.35,NUANCED_BY_RAW,NUANCED_BY_RAW,0.880,SOURCE_QUALITY_STRONG,0.950,B6_KEEP_CANDIDATE,RAW_ROTATION_CONFIRMED,1.5,10.5,3160,FLOW_DIRECTIONAL_DISPLACEMENT,Déplacement directionnel proxy,KEEP nuance: raw nuance la scene mais qualite/texture suffisantes pour comparaison B6; provenance FORCE_SNAPSHOT_DERIVED; score memoire 0.950.,FORCE_SNAPSHOT_DERIVED: reconstruction force_snapshots_v2; not recovered existing summary; proxy/reconstructed reading; not full footprint claim; NUANCED_BY_RAW: useful but not hard-confirmed raw; source_quality_raw=FULL_DAY_M1_PROXY; confidence_cap=0.35; read-only; no DB write; no dashboard; no Telegram; no BUY/SELL
2026-05-08,2026-05-08T10:04:00+00:00,2026-05-08T11:04:00+00:00,FORCE_SNAPSHOT_DERIVED,FORCE_SNAPSHOT_DERIVED,M1_BAR_PROXY,RECONSTRUCTED_FORCE_SNAPSHOT_DERIVED,0.35,CONFIRMED_BY_RAW,CONFIRMED_BY_RAW,0.880,SOURCE_QUALITY_STRONG,0.950,B6_KEEP_CANDIDATE,RAW_PROGRESS_CONFIRMED,-15.1,18.0,2584,FLOW_ROTATIONAL,Rotation / respiration de zone,"KEEP prioritaire: scene confirmee raw, texture RAW_PROGRESS_CONFIRMED, provenance FORCE_SNAPSHOT_DERIVED, score memoire 0.950.",FORCE_SNAPSHOT_DERIVED: reconstruction force_snapshots_v2; not recovered existing summary; proxy/reconstructed reading; not full footprint claim; CONFIRMED_BY_RAW: raw supports proxy reading; source_quality_raw=FULL_DAY_M1_PROXY; confidence_cap=0.35; read-only; no DB write; no dashboard; no Telegram; no BUY/SELL
2026-05-08,2026-05-08T11:04:00+00:00,2026-05-08T12:04:00+00:00,FORCE_SNAPSHOT_DERIVED,FORCE_SNAPSHOT_DERIVED,M1_BAR_PROXY,RECONSTRUCTED_FORCE_SNAPSHOT_DERIVED,0.35,CONFIRMED_BY_RAW,CONFIRMED_BY_RAW,0.880,SOURCE_QUALITY_STRONG,0.950,B6_KEEP_CANDIDATE,RAW_PROGRESS_CONFIRMED,8.1,13.5,3366,FLOW_DIRECTIONAL_DISPLACEMENT,Déplacement directionnel proxy,"KEEP prioritaire: scene confirmee raw, texture RAW_PROGRESS_CONFIRMED, provenance FORCE_SNAPSHOT_DERIVED, score memoire 0.950.",FORCE_SNAPSHOT_DERIVED: reconstruction force_snapshots_v2; not recovered existing summary; proxy/reconstructed reading; not full footprint claim; CONFIRMED_BY_RAW: raw supports proxy reading; source_quality_raw=FULL_DAY_M1_PROXY; confidence_cap=0.35; read-only; no DB write; no dashboard; no Telegram; no BUY/SELL
2026-05-08,2026-05-08T12:04:00+00:00,2026-05-08T13:04:00+00:00,FORCE_SNAPSHOT_DERIVED,FORCE_SNAPSHOT_DERIVED,M1_BAR_PROXY,RECONSTRUCTED_FORCE_SNAPSHOT_DERIVED,0.35,CONFIRMED_BY_RAW,CONFIRMED_BY_RAW,0.880,SOURCE_QUALITY_STRONG,0.950,B6_KEEP_CANDIDATE,RAW_PROGRESS_CONFIRMED,2.9,22.1,5310,FLOW_ROTATIONAL,Rotation / respiration de zone,"KEEP prioritaire: scene confirmee raw, texture RAW_PROGRESS_CONFIRMED, provenance FORCE_SNAPSHOT_DERIVED, score memoire 0.950.",FORCE_SNAPSHOT_DERIVED: reconstruction force_snapshots_v2; not recovered existing summary; proxy/reconstructed reading; not full footprint claim; CONFIRMED_BY_RAW: raw supports proxy reading; source_quality_raw=FULL_DAY_M1_PROXY; confidence_cap=0.35; read-only; no DB write; no dashboard; no Telegram; no BUY/SELL
2026-05-08,2026-05-08T13:04:00+00:00,2026-05-08T14:04:00+00:00,FORCE_SNAPSHOT_DERIVED,FORCE_SNAPSHOT_DERIVED,M1_BAR_PROXY,RECONSTRUCTED_FORCE_SNAPSHOT_DERIVED,0.35,NUANCED_BY_RAW,NUANCED_BY_RAW,0.880,SOURCE_QUALITY_STRONG,0.950,B6_KEEP_CANDIDATE,RAW_ROTATION_CONFIRMED,4.8,24.6,5381,FLOW_DIRECTIONAL_DISPLACEMENT,Déplacement directionnel proxy,KEEP nuance: raw nuance la scene mais qualite/texture suffisantes pour comparaison B6; provenance FORCE_SNAPSHOT_DERIVED; score memoire 0.950.,FORCE_SNAPSHOT_DERIVED: reconstruction force_snapshots_v2; not recovered existing summary; proxy/reconstructed reading; not full footprint claim; NUANCED_BY_RAW: useful but not hard-confirmed raw; source_quality_raw=FULL_DAY_M1_PROXY; confidence_cap=0.35; read-only; no DB write; no dashboard; no Telegram; no BUY/SELL
2026-05-08,2026-05-08T14:04:00+00:00,2026-05-08T15:04:00+00:00,FORCE_SNAPSHOT_DERIVED,FORCE_SNAPSHOT_DERIVED,M1_BAR_PROXY,RECONSTRUCTED_FORCE_SNAPSHOT_DERIVED,0.35,CONFIRMED_BY_RAW,CONFIRMED_BY_RAW,0.880,SOURCE_QUALITY_STRONG,0.950,B6_KEEP_CANDIDATE,RAW_PROGRESS_CONFIRMED,2.5,17.5,5826,FLOW_DIRECTIONAL_DISPLACEMENT,Déplacement directionnel proxy,"KEEP prioritaire: scene confirmee raw, texture RAW_PROGRESS_CONFIRMED, provenance FORCE_SNAPSHOT_DERIVED, score memoire 0.950.",FORCE_SNAPSHOT_DERIVED: reconstruction force_snapshots_v2; not recovered existing summary; proxy/reconstructed reading; not full footprint claim; CONFIRMED_BY_RAW: raw supports proxy reading; source_quality_raw=FULL_DAY_M1_PROXY; confidence_cap=0.35; read-only; no DB write; no dashboard; no Telegram; no BUY/SELL
2026-05-08,2026-05-08T15:04:00+00:00,2026-05-08T16:04:00+00:00,FORCE_SNAPSHOT_DERIVED,FORCE_SNAPSHOT_DERIVED,M1_BAR_PROXY,RECONSTRUCTED_FORCE_SNAPSHOT_DERIVED,0.35,CONFIRMED_BY_RAW,CONFIRMED_BY_RAW,0.880,SOURCE_QUALITY_STRONG,0.950,B6_KEEP_CANDIDATE,RAW_PROGRESS_CONFIRMED,6.8,12.1,5157,FLOW_ROTATIONAL,Rotation / respiration de zone,"KEEP prioritaire: scene confirmee raw, texture RAW_PROGRESS_CONFIRMED, provenance FORCE_SNAPSHOT_DERIVED, score memoire 0.950.",FORCE_SNAPSHOT_DERIVED: reconstruction force_snapshots_v2; not recovered existing summary; proxy/reconstructed reading; not full footprint claim; CONFIRMED_BY_RAW: raw supports proxy reading; source_quality_raw=FULL_DAY_M1_PROXY; confidence_cap=0.35; read-only; no DB write; no dashboard; no Telegram; no BUY/SELL
2026-05-08,2026-05-08T16:04:00+00:00,2026-05-08T17:04:00+00:00,FORCE_SNAPSHOT_DERIVED,FORCE_SNAPSHOT_DERIVED,M1_BAR_PROXY,RECONSTRUCTED_FORCE_SNAPSHOT_DERIVED,0.35,NUANCED_BY_RAW,NUANCED_BY_RAW,0.880,SOURCE_QUALITY_STRONG,0.950,B6_KEEP_CANDIDATE,RAW_ROTATION_CONFIRMED,-9.1,14.7,3175,FLOW_WEAK_DIRECTIONAL,Flux faible / transition proxy,KEEP nuance: raw nuance la scene mais qualite/texture suffisantes pour comparaison B6; provenance FORCE_SNAPSHOT_DERIVED; score memoire 0.950.,FORCE_SNAPSHOT_DERIVED: reconstruction force_snapshots_v2; not recovered existing summary; proxy/reconstructed reading; not full footprint claim; NUANCED_BY_RAW: useful but not hard-confirmed raw; source_quality_raw=FULL_DAY_M1_PROXY; confidence_cap=0.35; read-only; no DB write; no dashboard; no Telegram; no BUY/SELL
2026-05-08,2026-05-08T17:04:00+00:00,2026-05-08T18:04:00+00:00,FORCE_SNAPSHOT_DERIVED,FORCE_SNAPSHOT_DERIVED,M1_BAR_PROXY,RECONSTRUCTED_FORCE_SNAPSHOT_DERIVED,0.35,NUANCED_BY_RAW,NUANCED_BY_RAW,0.880,SOURCE_QUALITY_STRONG,0.950,B6_KEEP_CANDIDATE,RAW_ROTATION_CONFIRMED,9.9,10.9,2919,FLOW_ROTATIONAL,Rotation / respiration de zone,KEEP nuance: raw nuance la scene mais qualite/texture suffisantes pour comparaison B6; provenance FORCE_SNAPSHOT_DERIVED; score memoire 0.950.,FORCE_SNAPSHOT_DERIVED: reconstruction force_snapshots_v2; not recovered existing summary; proxy/reconstructed reading; not full footprint claim; NUANCED_BY_RAW: useful but not hard-confirmed raw; source_quality_raw=FULL_DAY_M1_PROXY; confidence_cap=0.35; read-only; no DB write; no dashboard; no Telegram; no BUY/SELL
2026-05-08,2026-05-08T18:04:00+00:00,2026-05-08T19:04:00+00:00,FORCE_SNAPSHOT_DERIVED,FORCE_SNAPSHOT_DERIVED,M1_BAR_PROXY,RECONSTRUCTED_FORCE_SNAPSHOT_DERIVED,0.35,NUANCED_BY_RAW,NUANCED_BY_RAW,0.880,SOURCE_QUALITY_STRONG,0.950,B6_KEEP_CANDIDATE,RAW_ROTATION_CONFIRMED,-2.9,11.7,3136,FLOW_WEAK_DIRECTIONAL,Flux faible / transition proxy,KEEP nuance: raw nuance la scene mais qualite/texture suffisantes pour comparaison B6; provenance FORCE_SNAPSHOT_DERIVED; score memoire 0.950.,FORCE_SNAPSHOT_DERIVED: reconstruction force_snapshots_v2; not recovered existing summary; proxy/reconstructed reading; not full footprint claim; NUANCED_BY_RAW: useful but not hard-confirmed raw; source_quality_raw=FULL_DAY_M1_PROXY; confidence_cap=0.35; read-only; no DB write; no dashboard; no Telegram; no BUY/SELL
2026-05-08,2026-05-08T19:04:00+00:00,2026-05-08T20:04:00+00:00,FORCE_SNAPSHOT_DERIVED,FORCE_SNAPSHOT_DERIVED,M1_BAR_PROXY,RECONSTRUCTED_FORCE_SNAPSHOT_DERIVED,0.35,NUANCED_BY_RAW,NUANCED_BY_RAW,0.880,SOURCE_QUALITY_STRONG,0.950,B6_KEEP_CANDIDATE,RAW_ROTATION_CONFIRMED,3.1,7.1,2956,FLOW_DIRECTIONAL_DISPLACEMENT,Déplacement directionnel proxy,KEEP nuance: raw nuance la scene mais qualite/texture suffisantes pour comparaison B6; provenance FORCE_SNAPSHOT_DERIVED; score memoire 0.950.,FORCE_SNAPSHOT_DERIVED: reconstruction force_snapshots_v2; not recovered existing summary; proxy/reconstructed reading; not full footprint claim; NUANCED_BY_RAW: useful but not hard-confirmed raw; source_quality_raw=FULL_DAY_M1_PROXY; confidence_cap=0.35; read-only; no DB write; no dashboard; no Telegram; no BUY/SELL
2026-05-11,2026-05-11T00:07:00+00:00,2026-05-11T00:09:00+00:00,FORCE_SNAPSHOT_DERIVED,FORCE_SNAPSHOT_DERIVED,M1_BAR_PROXY,RECONSTRUCTED_FORCE_SNAPSHOT_DERIVED,0.35,NUANCED_BY_RAW,NUANCED_BY_RAW,0.680,SOURCE_QUALITY_USABLE,0.800,B6_KEEP_CANDIDATE,RAW_FRICTION_CONFIRMED,-0.1,2.1,83,FLOW_DIRECTIONAL_DISPLACEMENT,Déplacement directionnel proxy,KEEP nuance: raw nuance la scene mais qualite/texture suffisantes pour comparaison B6; provenance FORCE_SNAPSHOT_DERIVED; score memoire 0.800.,FORCE_SNAPSHOT_DERIVED: reconstruction force_snapshots_v2; not recovered existing summary; proxy/reconstructed reading; not full footprint claim; NUANCED_BY_RAW: useful but not hard-confirmed raw; source_quality_raw=PARTIAL_PROXY_COVERAGE; confidence_cap=0.35; read-only; no DB write; no dashboard; no Telegram; no BUY/SELL
2026-05-11,2026-05-11T00:12:00+00:00,2026-05-11T00:13:00+00:00,FORCE_SNAPSHOT_DERIVED,FORCE_SNAPSHOT_DERIVED,M1_BAR_PROXY,RECONSTRUCTED_FORCE_SNAPSHOT_DERIVED,0.35,NUANCED_BY_RAW,NUANCED_BY_RAW,0.680,SOURCE_QUALITY_USABLE,0.770,B6_KEEP_CANDIDATE,RAW_FRICTION_CONFIRMED,0.0,0.8,44,FLOW_ROTATIONAL,Rotation / respiration de zone,KEEP nuance: raw nuance la scene mais qualite/texture suffisantes pour comparaison B6; provenance FORCE_SNAPSHOT_DERIVED; score memoire 0.770.,FORCE_SNAPSHOT_DERIVED: reconstruction force_snapshots_v2; not recovered existing summary; proxy/reconstructed reading; not full footprint claim; NUANCED_BY_RAW: useful but not hard-confirmed raw; source_quality_raw=PARTIAL_PROXY_COVERAGE; confidence_cap=0.35; read-only; no DB write; no dashboard; no Telegram; no BUY/SELL
2026-05-11,2026-05-11T00:15:00+00:00,2026-05-11T00:26:00+00:00,FORCE_SNAPSHOT_DERIVED,FORCE_SNAPSHOT_DERIVED,M1_BAR_PROXY,RECONSTRUCTED_FORCE_SNAPSHOT_DERIVED,0.35,CONFIRMED_BY_RAW,CONFIRMED_BY_RAW,0.760,SOURCE_QUALITY_USABLE,0.880,B6_KEEP_CANDIDATE,RAW_PROGRESS_CONFIRMED,3.1,5.5,373,FLOW_FRICTION_ABSORPTION_LIKE,Friction / absorption-like proxy,"KEEP prioritaire: scene confirmee raw, texture RAW_PROGRESS_CONFIRMED, provenance FORCE_SNAPSHOT_DERIVED, score memoire 0.880.",FORCE_SNAPSHOT_DERIVED: reconstruction force_snapshots_v2; not recovered existing summary; proxy/reconstructed reading; not full footprint claim; CONFIRMED_BY_RAW: raw supports proxy reading; source_quality_raw=PARTIAL_PROXY_COVERAGE; confidence_cap=0.35; read-only; no DB write; no dashboard; no Telegram; no BUY/SELL
2026-05-11,2026-05-11T01:24:00+00:00,2026-05-11T01:26:00+00:00,FORCE_SNAPSHOT_DERIVED,FORCE_SNAPSHOT_DERIVED,M1_BAR_PROXY,RECONSTRUCTED_FORCE_SNAPSHOT_DERIVED,0.35,NUANCED_BY_RAW,NUANCED_BY_RAW,0.680,SOURCE_QUALITY_USABLE,0.770,B6_KEEP_CANDIDATE,RAW_FRICTION_CONFIRMED,-1.2,1.9,44,FLOW_WEAK_DIRECTIONAL,Flux faible / transition proxy,KEEP nuance: raw nuance la scene mais qualite/texture suffisantes pour comparaison B6; provenance FORCE_SNAPSHOT_DERIVED; score memoire 0.770.,FORCE_SNAPSHOT_DERIVED: reconstruction force_snapshots_v2; not recovered existing summary; proxy/reconstructed reading; not full footprint claim; NUANCED_BY_RAW: useful but not hard-confirmed raw; source_quality_raw=PARTIAL_PROXY_COVERAGE; confidence_cap=0.35; read-only; no DB write; no dashboard; no Telegram; no BUY/SELL
2026-05-11,2026-05-11T11:41:00+00:00,2026-05-11T12:41:00+00:00,FORCE_SNAPSHOT_DERIVED,FORCE_SNAPSHOT_DERIVED,M1_BAR_PROXY,RECONSTRUCTED_FORCE_SNAPSHOT_DERIVED,0.35,NUANCED_BY_RAW,NUANCED_BY_RAW,0.760,SOURCE_QUALITY_USABLE,0.880,B6_KEEP_CANDIDATE,RAW_ROTATION_CONFIRMED,3.4,16.0,4651,FLOW_DIRECTIONAL_DISPLACEMENT,Déplacement directionnel proxy,KEEP nuance: raw nuance la scene mais qualite/texture suffisantes pour comparaison B6; provenance FORCE_SNAPSHOT_DERIVED; score memoire 0.880.,FORCE_SNAPSHOT_DERIVED: reconstruction force_snapshots_v2; not recovered existing summary; proxy/reconstructed reading; not full footprint claim; NUANCED_BY_RAW: useful but not hard-confirmed raw; source_quality_raw=PARTIAL_PROXY_COVERAGE; confidence_cap=0.35; read-only; no DB write; no dashboard; no Telegram; no BUY/SELL
2026-05-11,2026-05-11T12:41:00+00:00,2026-05-11T13:41:00+00:00,FORCE_SNAPSHOT_DERIVED,FORCE_SNAPSHOT_DERIVED,M1_BAR_PROXY,RECONSTRUCTED_FORCE_SNAPSHOT_DERIVED,0.35,NUANCED_BY_RAW,NUANCED_BY_RAW,0.760,SOURCE_QUALITY_USABLE,0.880,B6_KEEP_CANDIDATE,RAW_ROTATION_CONFIRMED,15.5,25.2,4863,FLOW_WEAK_DIRECTIONAL,Flux faible / transition proxy,KEEP nuance: raw nuance la scene mais qualite/texture suffisantes pour comparaison B6; provenance FORCE_SNAPSHOT_DERIVED; score memoire 0.880.,FORCE_SNAPSHOT_DERIVED: reconstruction force_snapshots_v2; not recovered existing summary; proxy/reconstructed reading; not full footprint claim; NUANCED_BY_RAW: useful but not hard-confirmed raw; source_quality_raw=PARTIAL_PROXY_COVERAGE; confidence_cap=0.35; read-only; no DB write; no dashboard; no Telegram; no BUY/SELL
2026-05-11,2026-05-11T13:41:00+00:00,2026-05-11T14:41:00+00:00,FORCE_SNAPSHOT_DERIVED,FORCE_SNAPSHOT_DERIVED,M1_BAR_PROXY,RECONSTRUCTED_FORCE_SNAPSHOT_DERIVED,0.35,CONFIRMED_BY_RAW,CONFIRMED_BY_RAW,0.760,SOURCE_QUALITY_USABLE,0.880,B6_KEEP_CANDIDATE,RAW_PROGRESS_CONFIRMED,2.1,13.0,5291,FLOW_WEAK_DIRECTIONAL,Flux faible / transition proxy,"KEEP prioritaire: scene confirmee raw, texture RAW_PROGRESS_CONFIRMED, provenance FORCE_SNAPSHOT_DERIVED, score memoire 0.880.",FORCE_SNAPSHOT_DERIVED: reconstruction force_snapshots_v2; not recovered existing summary; proxy/reconstructed reading; not full footprint claim; CONFIRMED_BY_RAW: raw supports proxy reading; source_quality_raw=PARTIAL_PROXY_COVERAGE; confidence_cap=0.35; read-only; no DB write; no dashboard; no Telegram; no BUY/SELL
2026-05-11,2026-05-11T14:41:00+00:00,2026-05-11T15:41:00+00:00,FORCE_SNAPSHOT_DERIVED,FORCE_SNAPSHOT_DERIVED,M1_BAR_PROXY,RECONSTRUCTED_FORCE_SNAPSHOT_DERIVED,0.35,CONFIRMED_BY_RAW,CONFIRMED_BY_RAW,0.760,SOURCE_QUALITY_USABLE,0.880,B6_KEEP_CANDIDATE,RAW_PROGRESS_CONFIRMED,22.1,31.6,5445,FLOW_ROTATIONAL,Rotation / respiration de zone,"KEEP prioritaire: scene confirmee raw, texture RAW_PROGRESS_CONFIRMED, provenance FORCE_SNAPSHOT_DERIVED, score memoire 0.880.",FORCE_SNAPSHOT_DERIVED: reconstruction force_snapshots_v2; not recovered existing summary; proxy/reconstructed reading; not full footprint claim; CONFIRMED_BY_RAW: raw supports proxy reading; source_quality_raw=PARTIAL_PROXY_COVERAGE; confidence_cap=0.35; read-only; no DB write; no dashboard; no Telegram; no BUY/SELL
2026-05-11,2026-05-11T15:41:00+00:00,2026-05-11T16:41:00+00:00,FORCE_SNAPSHOT_DERIVED,FORCE_SNAPSHOT_DERIVED,M1_BAR_PROXY,RECONSTRUCTED_FORCE_SNAPSHOT_DERIVED,0.35,NUANCED_BY_RAW,NUANCED_BY_RAW,0.760,SOURCE_QUALITY_USABLE,0.880,B6_KEEP_CANDIDATE,RAW_ROTATION_CONFIRMED,-10.4,12.7,4193,FLOW_DIRECTIONAL_DISPLACEMENT,Déplacement directionnel proxy,KEEP nuance: raw nuance la scene mais qualite/texture suffisantes pour comparaison B6; provenance FORCE_SNAPSHOT_DERIVED; score memoire 0.880.,FORCE_SNAPSHOT_DERIVED: reconstruction force_snapshots_v2; not recovered existing summary; proxy/reconstructed reading; not full footprint claim; NUANCED_BY_RAW: useful but not hard-confirmed raw; source_quality_raw=PARTIAL_PROXY_COVERAGE; confidence_cap=0.35; read-only; no DB write; no dashboard; no Telegram; no BUY/SELL
2026-05-11,2026-05-11T16:41:00+00:00,2026-05-11T17:41:00+00:00,FORCE_SNAPSHOT_DERIVED,FORCE_SNAPSHOT_DERIVED,M1_BAR_PROXY,RECONSTRUCTED_FORCE_SNAPSHOT_DERIVED,0.35,CONFIRMED_BY_RAW,CONFIRMED_BY_RAW,0.760,SOURCE_QUALITY_USABLE,0.880,B6_KEEP_CANDIDATE,RAW_PROGRESS_CONFIRMED,2.2,9.4,3880,FLOW_ROTATIONAL,Rotation / respiration de zone,"KEEP prioritaire: scene confirmee raw, texture RAW_PROGRESS_CONFIRMED, provenance FORCE_SNAPSHOT_DERIVED, score memoire 0.880.",FORCE_SNAPSHOT_DERIVED: reconstruction force_snapshots_v2; not recovered existing summary; proxy/reconstructed reading; not full footprint claim; CONFIRMED_BY_RAW: raw supports proxy reading; source_quality_raw=PARTIAL_PROXY_COVERAGE; confidence_cap=0.35; read-only; no DB write; no dashboard; no Telegram; no BUY/SELL
2026-05-11,2026-05-11T17:41:00+00:00,2026-05-11T18:41:00+00:00,FORCE_SNAPSHOT_DERIVED,FORCE_SNAPSHOT_DERIVED,M1_BAR_PROXY,RECONSTRUCTED_FORCE_SNAPSHOT_DERIVED,0.35,NUANCED_BY_RAW,NUANCED_BY_RAW,0.760,SOURCE_QUALITY_USABLE,0.880,B6_KEEP_CANDIDATE,RAW_ROTATION_CONFIRMED,-11.1,12.4,2922,FLOW_DIRECTIONAL_DISPLACEMENT,Déplacement directionnel proxy,KEEP nuance: raw nuance la scene mais qualite/texture suffisantes pour comparaison B6; provenance FORCE_SNAPSHOT_DERIVED; score memoire 0.880.,FORCE_SNAPSHOT_DERIVED: reconstruction force_snapshots_v2; not recovered existing summary; proxy/reconstructed reading; not full footprint claim; NUANCED_BY_RAW: useful but not hard-confirmed raw; source_quality_raw=PARTIAL_PROXY_COVERAGE; confidence_cap=0.35; read-only; no DB write; no dashboard; no Telegram; no BUY/SELL
2026-05-11,2026-05-11T18:41:00+00:00,2026-05-11T19:41:00+00:00,FORCE_SNAPSHOT_DERIVED,FORCE_SNAPSHOT_DERIVED,M1_BAR_PROXY,RECONSTRUCTED_FORCE_SNAPSHOT_DERIVED,0.35,CONFIRMED_BY_RAW,CONFIRMED_BY_RAW,0.760,SOURCE_QUALITY_USABLE,0.880,B6_KEEP_CANDIDATE,RAW_PROGRESS_CONFIRMED,-11.6,12.1,3328,FLOW_ROTATIONAL,Rotation / respiration de zone,"KEEP prioritaire: scene confirmee raw, texture RAW_PROGRESS_CONFIRMED, provenance FORCE_SNAPSHOT_DERIVED, score memoire 0.880.",FORCE_SNAPSHOT_DERIVED: reconstruction force_snapshots_v2; not recovered existing summary; proxy/reconstructed reading; not full footprint claim; CONFIRMED_BY_RAW: raw supports proxy reading; source_quality_raw=PARTIAL_PROXY_COVERAGE; confidence_cap=0.35; read-only; no DB write; no dashboard; no Telegram; no BUY/SELL
2026-05-11,2026-05-11T19:41:00+00:00,2026-05-11T20:41:00+00:00,FORCE_SNAPSHOT_DERIVED,FORCE_SNAPSHOT_DERIVED,M1_BAR_PROXY,RECONSTRUCTED_FORCE_SNAPSHOT_DERIVED,0.35,NUANCED_BY_RAW,NUANCED_BY_RAW,0.760,SOURCE_QUALITY_USABLE,0.880,B6_KEEP_CANDIDATE,RAW_ROTATION_CONFIRMED,-1.6,4.7,1018,FLOW_WEAK_DIRECTIONAL,Flux faible / transition proxy,KEEP nuance: raw nuance la scene mais qualite/texture suffisantes pour comparaison B6; provenance FORCE_SNAPSHOT_DERIVED; score memoire 0.880.,FORCE_SNAPSHOT_DERIVED: reconstruction force_snapshots_v2; not recovered existing summary; proxy/reconstructed reading; not full footprint claim; NUANCED_BY_RAW: useful but not hard-confirmed raw; source_quality_raw=PARTIAL_PROXY_COVERAGE; confidence_cap=0.35; read-only; no DB write; no dashboard; no Telegram; no BUY/SELL
2026-05-11,2026-05-11T23:41:00+00:00,2026-05-12T00:00:00+00:00,FORCE_SNAPSHOT_DERIVED,FORCE_SNAPSHOT_DERIVED,M1_BAR_PROXY,RECONSTRUCTED_FORCE_SNAPSHOT_DERIVED,0.35,NUANCED_BY_RAW,NUANCED_BY_RAW,0.680,SOURCE_QUALITY_USABLE,0.770,B6_KEEP_CANDIDATE,RAW_FRICTION_CONFIRMED,-0.1,0.1,2,FLOW_DIRECTIONAL_DISPLACEMENT,Déplacement directionnel proxy,KEEP nuance: raw nuance la scene mais qualite/texture suffisantes pour comparaison B6; provenance FORCE_SNAPSHOT_DERIVED; score memoire 0.770.,FORCE_SNAPSHOT_DERIVED: reconstruction force_snapshots_v2; not recovered existing summary; proxy/reconstructed reading; not full footprint claim; NUANCED_BY_RAW: useful but not hard-confirmed raw; source_quality_raw=PARTIAL_PROXY_COVERAGE; confidence_cap=0.35; read-only; no DB write; no dashboard; no Telegram; no BUY/SELL
2026-05-12,2026-05-12T00:01:00+00:00,2026-05-12T00:29:00+00:00,FORCE_SNAPSHOT_DERIVED,FORCE_SNAPSHOT_DERIVED,M1_BAR_PROXY,RECONSTRUCTED_FORCE_SNAPSHOT_DERIVED,0.35,NUANCED_BY_RAW,NUANCED_BY_RAW,0.750,SOURCE_QUALITY_USABLE,0.870,B6_KEEP_CANDIDATE,RAW_ROTATION_CONFIRMED,-1.4,5.8,997,FLOW_DIRECTIONAL_DISPLACEMENT,Déplacement directionnel proxy,KEEP nuance: raw nuance la scene mais qualite/texture suffisantes pour comparaison B6; provenance FORCE_SNAPSHOT_DERIVED; score memoire 0.870.,FORCE_SNAPSHOT_DERIVED: reconstruction force_snapshots_v2; not recovered existing summary; proxy/reconstructed reading; not full footprint claim; NUANCED_BY_RAW: useful but not hard-confirmed raw; source_quality_raw=PARTIAL_PROXY_COVERAGE; confidence_cap=0.35; read-only; no DB write; no dashboard; no Telegram; no BUY/SELL
2026-05-12,2026-05-12T00:31:00+00:00,2026-05-12T00:34:00+00:00,FORCE_SNAPSHOT_DERIVED,FORCE_SNAPSHOT_DERIVED,M1_BAR_PROXY,RECONSTRUCTED_FORCE_SNAPSHOT_DERIVED,0.35,NUANCED_BY_RAW,NUANCED_BY_RAW,0.680,SOURCE_QUALITY_USABLE,0.770,B6_KEEP_CANDIDATE,RAW_FRICTION_CONFIRMED,0.1,1.2,92,FLOW_WEAK_DIRECTIONAL,Flux faible / transition proxy,KEEP nuance: raw nuance la scene mais qualite/texture suffisantes pour comparaison B6; provenance FORCE_SNAPSHOT_DERIVED; score memoire 0.770.,FORCE_SNAPSHOT_DERIVED: reconstruction force_snapshots_v2; not recovered existing summary; proxy/reconstructed reading; not full footprint claim; NUANCED_BY_RAW: useful but not hard-confirmed raw; source_quality_raw=PARTIAL_PROXY_COVERAGE; confidence_cap=0.35; read-only; no DB write; no dashboard; no Telegram; no BUY/SELL
2026-05-12,2026-05-12T00:37:00+00:00,2026-05-12T01:37:00+00:00,FORCE_SNAPSHOT_DERIVED,FORCE_SNAPSHOT_DERIVED,M1_BAR_PROXY,RECONSTRUCTED_FORCE_SNAPSHOT_DERIVED,0.35,NUANCED_BY_RAW,NUANCED_BY_RAW,0.760,SOURCE_QUALITY_USABLE,0.880,B6_KEEP_CANDIDATE,RAW_ROTATION_CONFIRMED,-14.9,16.5,2995,FLOW_FRICTION_ABSORPTION_LIKE,Friction / absorption-like proxy,KEEP nuance: raw nuance la scene mais qualite/texture suffisantes pour comparaison B6; provenance FORCE_SNAPSHOT_DERIVED; score memoire 0.880.,FORCE_SNAPSHOT_DERIVED: reconstruction force_snapshots_v2; not recovered existing summary; proxy/reconstructed reading; not full footprint claim; NUANCED_BY_RAW: useful but not hard-confirmed raw; source_quality_raw=PARTIAL_PROXY_COVERAGE; confidence_cap=0.35; read-only; no DB write; no dashboard; no Telegram; no BUY/SELL
2026-05-12,2026-05-12T01:37:00+00:00,2026-05-12T02:37:00+00:00,FORCE_SNAPSHOT_DERIVED,FORCE_SNAPSHOT_DERIVED,M1_BAR_PROXY,RECONSTRUCTED_FORCE_SNAPSHOT_DERIVED,0.35,NUANCED_BY_RAW,NUANCED_BY_RAW,0.760,SOURCE_QUALITY_USABLE,0.880,B6_KEEP_CANDIDATE,RAW_ROTATION_CONFIRMED,0.4,11.1,2898,FLOW_WEAK_DIRECTIONAL,Flux faible / transition proxy,KEEP nuance: raw nuance la scene mais qualite/texture suffisantes pour comparaison B6; provenance FORCE_SNAPSHOT_DERIVED; score memoire 0.880.,FORCE_SNAPSHOT_DERIVED: reconstruction force_snapshots_v2; not recovered existing summary; proxy/reconstructed reading; not full footprint claim; NUANCED_BY_RAW: useful but not hard-confirmed raw; source_quality_raw=PARTIAL_PROXY_COVERAGE; confidence_cap=0.35; read-only; no DB write; no dashboard; no Telegram; no BUY/SELL
2026-05-12,2026-05-12T02:37:00+00:00,2026-05-12T03:37:00+00:00,FORCE_SNAPSHOT_DERIVED,FORCE_SNAPSHOT_DERIVED,M1_BAR_PROXY,RECONSTRUCTED_FORCE_SNAPSHOT_DERIVED,0.35,NUANCED_BY_RAW,NUANCED_BY_RAW,0.760,SOURCE_QUALITY_USABLE,0.880,B6_KEEP_CANDIDATE,RAW_ROTATION_CONFIRMED,-1.2,9.7,1776,FLOW_DIRECTIONAL_DISPLACEMENT,Déplacement directionnel proxy,KEEP nuance: raw nuance la scene mais qualite/texture suffisantes pour comparaison B6; provenance FORCE_SNAPSHOT_DERIVED; score memoire 0.880.,FORCE_SNAPSHOT_DERIVED: reconstruction force_snapshots_v2; not recovered existing summary; proxy/reconstructed reading; not full footprint claim; NUANCED_BY_RAW: useful but not hard-confirmed raw; source_quality_raw=PARTIAL_PROXY_COVERAGE; confidence_cap=0.35; read-only; no DB write; no dashboard; no Telegram; no BUY/SELL
2026-05-12,2026-05-12T03:37:00+00:00,2026-05-12T04:37:00+00:00,FORCE_SNAPSHOT_DERIVED,FORCE_SNAPSHOT_DERIVED,M1_BAR_PROXY,RECONSTRUCTED_FORCE_SNAPSHOT_DERIVED,0.35,NUANCED_BY_RAW,NUANCED_BY_RAW,0.760,SOURCE_QUALITY_USABLE,0.880,B6_KEEP_CANDIDATE,RAW_ROTATION_CONFIRMED,0.6,6.3,1634,FLOW_DIRECTIONAL_DISPLACEMENT,Déplacement directionnel proxy,KEEP nuance: raw nuance la scene mais qualite/texture suffisantes pour comparaison B6; provenance FORCE_SNAPSHOT_DERIVED; score memoire 0.880.,FORCE_SNAPSHOT_DERIVED: reconstruction force_snapshots_v2; not recovered existing summary; proxy/reconstructed reading; not full footprint claim; NUANCED_BY_RAW: useful but not hard-confirmed raw; source_quality_raw=PARTIAL_PROXY_COVERAGE; confidence_cap=0.35; read-only; no DB write; no dashboard; no Telegram; no BUY/SELL
2026-05-12,2026-05-12T04:37:00+00:00,2026-05-12T05:37:00+00:00,FORCE_SNAPSHOT_DERIVED,FORCE_SNAPSHOT_DERIVED,M1_BAR_PROXY,RECONSTRUCTED_FORCE_SNAPSHOT_DERIVED,0.35,NUANCED_BY_RAW,NUANCED_BY_RAW,0.760,SOURCE_QUALITY_USABLE,0.880,B6_KEEP_CANDIDATE,RAW_ROTATION_CONFIRMED,-12.3,14.3,2022,FLOW_WEAK_DIRECTIONAL,Flux faible / transition proxy,KEEP nuance: raw nuance la scene mais qualite/texture suffisantes pour comparaison B6; provenance FORCE_SNAPSHOT_DERIVED; score memoire 0.880.,FORCE_SNAPSHOT_DERIVED: reconstruction force_snapshots_v2; not recovered existing summary; proxy/reconstructed reading; not full footprint claim; NUANCED_BY_RAW: useful but not hard-confirmed raw; source_quality_raw=PARTIAL_PROXY_COVERAGE; confidence_cap=0.35; read-only; no DB write; no dashboard; no Telegram; no BUY/SELL
2026-05-12,2026-05-12T05:37:00+00:00,2026-05-12T06:37:00+00:00,FORCE_SNAPSHOT_DERIVED,FORCE_SNAPSHOT_DERIVED,M1_BAR_PROXY,RECONSTRUCTED_FORCE_SNAPSHOT_DERIVED,0.35,CONFIRMED_BY_RAW,CONFIRMED_BY_RAW,0.760,SOURCE_QUALITY_USABLE,0.880,B6_KEEP_CANDIDATE,RAW_PROGRESS_CONFIRMED,-13.9,22.8,4118,FLOW_WEAK_DIRECTIONAL,Flux faible / transition proxy,"KEEP prioritaire: scene confirmee raw, texture RAW_PROGRESS_CONFIRMED, provenance FORCE_SNAPSHOT_DERIVED, score memoire 0.880.",FORCE_SNAPSHOT_DERIVED: reconstruction force_snapshots_v2; not recovered existing summary; proxy/reconstructed reading; not full footprint claim; CONFIRMED_BY_RAW: raw supports proxy reading; source_quality_raw=PARTIAL_PROXY_COVERAGE; confidence_cap=0.35; read-only; no DB write; no dashboard; no Telegram; no BUY/SELL
2026-05-12,2026-05-12T06:37:00+00:00,2026-05-12T07:37:00+00:00,FORCE_SNAPSHOT_DERIVED,FORCE_SNAPSHOT_DERIVED,M1_BAR_PROXY,RECONSTRUCTED_FORCE_SNAPSHOT_DERIVED,0.35,NUANCED_BY_RAW,NUANCED_BY_RAW,0.760,SOURCE_QUALITY_USABLE,0.880,B6_KEEP_CANDIDATE,RAW_ROTATION_CONFIRMED,-27.5,28.6,4159,FLOW_ROTATIONAL,Rotation / respiration de zone,KEEP nuance: raw nuance la scene mais qualite/texture suffisantes pour comparaison B6; provenance FORCE_SNAPSHOT_DERIVED; score memoire 0.880.,FORCE_SNAPSHOT_DERIVED: reconstruction force_snapshots_v2; not recovered existing summary; proxy/reconstructed reading; not full footprint claim; NUANCED_BY_RAW: useful but not hard-confirmed raw; source_quality_raw=PARTIAL_PROXY_COVERAGE; confidence_cap=0.35; read-only; no DB write; no dashboard; no Telegram; no BUY/SELL
2026-05-12,2026-05-12T07:37:00+00:00,2026-05-12T08:37:00+00:00,FORCE_SNAPSHOT_DERIVED,FORCE_SNAPSHOT_DERIVED,M1_BAR_PROXY,RECONSTRUCTED_FORCE_SNAPSHOT_DERIVED,0.35,CONFIRMED_BY_RAW,CONFIRMED_BY_RAW,0.760,SOURCE_QUALITY_USABLE,0.880,B6_KEEP_CANDIDATE,RAW_PROGRESS_CONFIRMED,-23.1,33.6,4727,FLOW_DIRECTIONAL_DISPLACEMENT,Déplacement directionnel proxy,"KEEP prioritaire: scene confirmee raw, texture RAW_PROGRESS_CONFIRMED, provenance FORCE_SNAPSHOT_DERIVED, score memoire 0.880.",FORCE_SNAPSHOT_DERIVED: reconstruction force_snapshots_v2; not recovered existing summary; proxy/reconstructed reading; not full footprint claim; CONFIRMED_BY_RAW: raw supports proxy reading; source_quality_raw=PARTIAL_PROXY_COVERAGE; confidence_cap=0.35; read-only; no DB write; no dashboard; no Telegram; no BUY/SELL
2026-05-12,2026-05-12T08:37:00+00:00,2026-05-12T09:37:00+00:00,FORCE_SNAPSHOT_DERIVED,FORCE_SNAPSHOT_DERIVED,M1_BAR_PROXY,RECONSTRUCTED_FORCE_SNAPSHOT_DERIVED,0.35,NUANCED_BY_RAW,NUANCED_BY_RAW,0.760,SOURCE_QUALITY_USABLE,0.880,B6_KEEP_CANDIDATE,RAW_ROTATION_CONFIRMED,23.0,34.1,4783,FLOW_WEAK_DIRECTIONAL,Flux faible / transition proxy,KEEP nuance: raw nuance la scene mais qualite/texture suffisantes pour comparaison B6; provenance FORCE_SNAPSHOT_DERIVED; score memoire 0.880.,FORCE_SNAPSHOT_DERIVED: reconstruction force_snapshots_v2; not recovered existing summary; proxy/reconstructed reading; not full footprint claim; NUANCED_BY_RAW: useful but not hard-confirmed raw; source_quality_raw=PARTIAL_PROXY_COVERAGE; confidence_cap=0.35; read-only; no DB write; no dashboard; no Telegram; no BUY/SELL
2026-05-12,2026-05-12T09:37:00+00:00,2026-05-12T10:37:00+00:00,FORCE_SNAPSHOT_DERIVED,FORCE_SNAPSHOT_DERIVED,M1_BAR_PROXY,RECONSTRUCTED_FORCE_SNAPSHOT_DERIVED,0.35,NUANCED_BY_RAW,NUANCED_BY_RAW,0.760,SOURCE_QUALITY_USABLE,0.880,B6_KEEP_CANDIDATE,RAW_ROTATION_CONFIRMED,15.9,21.3,3660,FLOW_DIRECTIONAL_DISPLACEMENT,Déplacement directionnel proxy,KEEP nuance: raw nuance la scene mais qualite/texture suffisantes pour comparaison B6; provenance FORCE_SNAPSHOT_DERIVED; score memoire 0.880.,FORCE_SNAPSHOT_DERIVED: reconstruction force_snapshots_v2; not recovered existing summary; proxy/reconstructed reading; not full footprint claim; NUANCED_BY_RAW: useful but not hard-confirmed raw; source_quality_raw=PARTIAL_PROXY_COVERAGE; confidence_cap=0.35; read-only; no DB write; no dashboard; no Telegram; no BUY/SELL
2026-05-12,2026-05-12T10:37:00+00:00,2026-05-12T11:37:00+00:00,FORCE_SNAPSHOT_DERIVED,FORCE_SNAPSHOT_DERIVED,M1_BAR_PROXY,RECONSTRUCTED_FORCE_SNAPSHOT_DERIVED,0.35,CONFIRMED_BY_RAW,CONFIRMED_BY_RAW,0.760,SOURCE_QUALITY_USABLE,0.880,B6_KEEP_CANDIDATE,RAW_PROGRESS_CONFIRMED,-7.8,25.7,4170,FLOW_DIRECTIONAL_DISPLACEMENT,Déplacement directionnel proxy,"KEEP prioritaire: scene confirmee raw, texture RAW_PROGRESS_CONFIRMED, provenance FORCE_SNAPSHOT_DERIVED, score memoire 0.880.",FORCE_SNAPSHOT_DERIVED: reconstruction force_snapshots_v2; not recovered existing summary; proxy/reconstructed reading; not full footprint claim; CONFIRMED_BY_RAW: raw supports proxy reading; source_quality_raw=PARTIAL_PROXY_COVERAGE; confidence_cap=0.35; read-only; no DB write; no dashboard; no Telegram; no BUY/SELL
2026-05-12,2026-05-12T11:37:00+00:00,2026-05-12T12:37:00+00:00,FORCE_SNAPSHOT_DERIVED,FORCE_SNAPSHOT_DERIVED,M1_BAR_PROXY,RECONSTRUCTED_FORCE_SNAPSHOT_DERIVED,0.35,NUANCED_BY_RAW,NUANCED_BY_RAW,0.760,SOURCE_QUALITY_USABLE,0.880,B6_KEEP_CANDIDATE,RAW_ROTATION_CONFIRMED,-12.8,31.8,5207,FLOW_DIRECTIONAL_DISPLACEMENT,Déplacement directionnel proxy,KEEP nuance: raw nuance la scene mais qualite/texture suffisantes pour comparaison B6; provenance FORCE_SNAPSHOT_DERIVED; score memoire 0.880.,FORCE_SNAPSHOT_DERIVED: reconstruction force_snapshots_v2; not recovered existing summary; proxy/reconstructed reading; not full footprint claim; NUANCED_BY_RAW: useful but not hard-confirmed raw; source_quality_raw=PARTIAL_PROXY_COVERAGE; confidence_cap=0.35; read-only; no DB write; no dashboard; no Telegram; no BUY/SELL
2026-05-12,2026-05-12T12:37:00+00:00,2026-05-12T13:25:00+00:00,FORCE_SNAPSHOT_DERIVED,FORCE_SNAPSHOT_DERIVED,M1_BAR_PROXY,RECONSTRUCTED_FORCE_SNAPSHOT_DERIVED,0.35,NUANCED_BY_RAW,NUANCED_BY_RAW,0.760,SOURCE_QUALITY_USABLE,0.880,B6_KEEP_CANDIDATE,RAW_ROTATION_CONFIRMED,-4.0,25.5,4826,FLOW_DIRECTIONAL_DISPLACEMENT,Déplacement directionnel proxy,KEEP nuance: raw nuance la scene mais qualite/texture suffisantes pour comparaison B6; provenance FORCE_SNAPSHOT_DERIVED; score memoire 0.880.,FORCE_SNAPSHOT_DERIVED: reconstruction force_snapshots_v2; not recovered existing summary; proxy/reconstructed reading; not full footprint claim; NUANCED_BY_RAW: useful but not hard-confirmed raw; source_quality_raw=PARTIAL_PROXY_COVERAGE; confidence_cap=0.35; read-only; no DB write; no dashboard; no Telegram; no BUY/SELL
2026-05-12,2026-05-12T13:27:00+00:00,2026-05-12T13:52:00+00:00,FORCE_SNAPSHOT_DERIVED,FORCE_SNAPSHOT_DERIVED,M1_BAR_PROXY,RECONSTRUCTED_FORCE_SNAPSHOT_DERIVED,0.35,CONFIRMED_BY_RAW,CONFIRMED_BY_RAW,0.760,SOURCE_QUALITY_USABLE,0.880,B6_KEEP_CANDIDATE,RAW_PROGRESS_CONFIRMED,-10.7,21.7,2909,FLOW_FRICTION_ABSORPTION_LIKE,Friction / absorption-like proxy,"KEEP prioritaire: scene confirmee raw, texture RAW_PROGRESS_CONFIRMED, provenance FORCE_SNAPSHOT_DERIVED, score memoire 0.880.",FORCE_SNAPSHOT_DERIVED: reconstruction force_snapshots_v2; not recovered existing summary; proxy/reconstructed reading; not full footprint claim; CONFIRMED_BY_RAW: raw supports proxy reading; source_quality_raw=PARTIAL_PROXY_COVERAGE; confidence_cap=0.35; read-only; no DB write; no dashboard; no Telegram; no BUY/SELL
2026-05-12,2026-05-12T14:12:00+00:00,2026-05-12T14:58:00+00:00,FORCE_SNAPSHOT_DERIVED,FORCE_SNAPSHOT_DERIVED,M1_BAR_PROXY,RECONSTRUCTED_FORCE_SNAPSHOT_DERIVED,0.35,NUANCED_BY_RAW,NUANCED_BY_RAW,0.760,SOURCE_QUALITY_USABLE,0.880,B6_KEEP_CANDIDATE,RAW_ROTATION_CONFIRMED,-9.7,23.5,5057,FLOW_ROTATIONAL,Rotation / respiration de zone,KEEP nuance: raw nuance la scene mais qualite/texture suffisantes pour comparaison B6; provenance FORCE_SNAPSHOT_DERIVED; score memoire 0.880.,FORCE_SNAPSHOT_DERIVED: reconstruction force_snapshots_v2; not recovered existing summary; proxy/reconstructed reading; not full footprint claim; NUANCED_BY_RAW: useful but not hard-confirmed raw; source_quality_raw=PARTIAL_PROXY_COVERAGE; confidence_cap=0.35; read-only; no DB write; no dashboard; no Telegram; no BUY/SELL
2026-05-13,2026-05-13T01:00:00+00:00,2026-05-13T02:00:00+00:00,FORCE_SNAPSHOT_DERIVED,FORCE_SNAPSHOT_DERIVED,TF5_BAR_PROXY,RECONSTRUCTED_FORCE_SNAPSHOT_DERIVED,0.25,CONFIRMED_BY_RAW,CONFIRMED_BY_RAW,0.680,SOURCE_QUALITY_USABLE,0.770,B6_KEEP_CANDIDATE,RAW_PROGRESS_CONFIRMED,6.2,17.0,2958,FLOW_DIRECTIONAL_DISPLACEMENT,Déplacement directionnel proxy,"KEEP prioritaire: scene confirmee raw, texture RAW_PROGRESS_CONFIRMED, provenance FORCE_SNAPSHOT_DERIVED, score memoire 0.770.",FORCE_SNAPSHOT_DERIVED: reconstruction force_snapshots_v2; not recovered existing summary; proxy/reconstructed reading; not full footprint claim; CONFIRMED_BY_RAW: raw supports proxy reading; source_quality_raw=FULL_DAY_TF5_PROXY; confidence_cap=0.25; read-only; no DB write; no dashboard; no Telegram; no BUY/SELL
2026-05-13,2026-05-13T02:00:00+00:00,2026-05-13T03:00:00+00:00,FORCE_SNAPSHOT_DERIVED,FORCE_SNAPSHOT_DERIVED,TF5_BAR_PROXY,RECONSTRUCTED_FORCE_SNAPSHOT_DERIVED,0.25,CONFIRMED_BY_RAW,CONFIRMED_BY_RAW,0.680,SOURCE_QUALITY_USABLE,0.770,B6_KEEP_CANDIDATE,RAW_PROGRESS_CONFIRMED,-2.8,9.5,2007,FLOW_DIRECTIONAL_DISPLACEMENT,Déplacement directionnel proxy,"KEEP prioritaire: scene confirmee raw, texture RAW_PROGRESS_CONFIRMED, provenance FORCE_SNAPSHOT_DERIVED, score memoire 0.770.",FORCE_SNAPSHOT_DERIVED: reconstruction force_snapshots_v2; not recovered existing summary; proxy/reconstructed reading; not full footprint claim; CONFIRMED_BY_RAW: raw supports proxy reading; source_quality_raw=FULL_DAY_TF5_PROXY; confidence_cap=0.25; read-only; no DB write; no dashboard; no Telegram; no BUY/SELL
2026-05-13,2026-05-13T07:00:00+00:00,2026-05-13T08:00:00+00:00,FORCE_SNAPSHOT_DERIVED,FORCE_SNAPSHOT_DERIVED,TF5_BAR_PROXY,RECONSTRUCTED_FORCE_SNAPSHOT_DERIVED,0.25,CONFIRMED_BY_RAW,CONFIRMED_BY_RAW,0.680,SOURCE_QUALITY_USABLE,0.770,B6_KEEP_CANDIDATE,RAW_PROGRESS_CONFIRMED,-6.5,18.3,3844,FLOW_DIRECTIONAL_DISPLACEMENT,Déplacement directionnel proxy,"KEEP prioritaire: scene confirmee raw, texture RAW_PROGRESS_CONFIRMED, provenance FORCE_SNAPSHOT_DERIVED, score memoire 0.770.",FORCE_SNAPSHOT_DERIVED: reconstruction force_snapshots_v2; not recovered existing summary; proxy/reconstructed reading; not full footprint claim; CONFIRMED_BY_RAW: raw supports proxy reading; source_quality_raw=FULL_DAY_TF5_PROXY; confidence_cap=0.25; read-only; no DB write; no dashboard; no Telegram; no BUY/SELL
2026-05-13,2026-05-13T10:00:00+00:00,2026-05-13T11:00:00+00:00,FORCE_SNAPSHOT_DERIVED,FORCE_SNAPSHOT_DERIVED,TF5_BAR_PROXY,RECONSTRUCTED_FORCE_SNAPSHOT_DERIVED,0.25,CONFIRMED_BY_RAW,CONFIRMED_BY_RAW,0.680,SOURCE_QUALITY_USABLE,0.770,B6_KEEP_CANDIDATE,RAW_PROGRESS_CONFIRMED,-12.0,27.4,4486,FLOW_WEAK_DIRECTIONAL,Flux faible / transition proxy,"KEEP prioritaire: scene confirmee raw, texture RAW_PROGRESS_CONFIRMED, provenance FORCE_SNAPSHOT_DERIVED, score memoire 0.770.",FORCE_SNAPSHOT_DERIVED: reconstruction force_snapshots_v2; not recovered existing summary; proxy/reconstructed reading; not full footprint claim; CONFIRMED_BY_RAW: raw supports proxy reading; source_quality_raw=FULL_DAY_TF5_PROXY; confidence_cap=0.25; read-only; no DB write; no dashboard; no Telegram; no BUY/SELL
2026-05-13,2026-05-13T12:00:00+00:00,2026-05-13T13:00:00+00:00,FORCE_SNAPSHOT_DERIVED,FORCE_SNAPSHOT_DERIVED,TF5_BAR_PROXY,RECONSTRUCTED_FORCE_SNAPSHOT_DERIVED,0.25,CONFIRMED_BY_RAW,CONFIRMED_BY_RAW,0.680,SOURCE_QUALITY_USABLE,0.770,B6_KEEP_CANDIDATE,RAW_PROGRESS_CONFIRMED,-7.7,25.6,5051,FLOW_DIRECTIONAL_DISPLACEMENT,Déplacement directionnel proxy,"KEEP prioritaire: scene confirmee raw, texture RAW_PROGRESS_CONFIRMED, provenance FORCE_SNAPSHOT_DERIVED, score memoire 0.770.",FORCE_SNAPSHOT_DERIVED: reconstruction force_snapshots_v2; not recovered existing summary; proxy/reconstructed reading; not full footprint claim; CONFIRMED_BY_RAW: raw supports proxy reading; source_quality_raw=FULL_DAY_TF5_PROXY; confidence_cap=0.25; read-only; no DB write; no dashboard; no Telegram; no BUY/SELL
2026-05-13,2026-05-13T17:00:00+00:00,2026-05-13T18:00:00+00:00,FORCE_SNAPSHOT_DERIVED,FORCE_SNAPSHOT_DERIVED,TF5_BAR_PROXY,RECONSTRUCTED_FORCE_SNAPSHOT_DERIVED,0.25,CONFIRMED_BY_RAW,CONFIRMED_BY_RAW,0.680,SOURCE_QUALITY_USABLE,0.770,B6_KEEP_CANDIDATE,RAW_PROGRESS_CONFIRMED,-2.7,8.4,3142,FLOW_ROTATIONAL,Rotation / respiration de zone,"KEEP prioritaire: scene confirmee raw, texture RAW_PROGRESS_CONFIRMED, provenance FORCE_SNAPSHOT_DERIVED, score memoire 0.770.",FORCE_SNAPSHOT_DERIVED: reconstruction force_snapshots_v2; not recovered existing summary; proxy/reconstructed reading; not full footprint claim; CONFIRMED_BY_RAW: raw supports proxy reading; source_quality_raw=FULL_DAY_TF5_PROXY; confidence_cap=0.25; read-only; no DB write; no dashboard; no Telegram; no BUY/SELL
2026-05-13,2026-05-13T18:00:00+00:00,2026-05-13T19:00:00+00:00,FORCE_SNAPSHOT_DERIVED,FORCE_SNAPSHOT_DERIVED,TF5_BAR_PROXY,RECONSTRUCTED_FORCE_SNAPSHOT_DERIVED,0.25,CONFIRMED_BY_RAW,CONFIRMED_BY_RAW,0.680,SOURCE_QUALITY_USABLE,0.770,B6_KEEP_CANDIDATE,RAW_PROGRESS_CONFIRMED,7.9,8.9,3359,FLOW_DIRECTIONAL_DISPLACEMENT,Déplacement directionnel proxy,"KEEP prioritaire: scene confirmee raw, texture RAW_PROGRESS_CONFIRMED, provenance FORCE_SNAPSHOT_DERIVED, score memoire 0.770.",FORCE_SNAPSHOT_DERIVED: reconstruction force_snapshots_v2; not recovered existing summary; proxy/reconstructed reading; not full footprint claim; CONFIRMED_BY_RAW: raw supports proxy reading; source_quality_raw=FULL_DAY_TF5_PROXY; confidence_cap=0.25; read-only; no DB write; no dashboard; no Telegram; no BUY/SELL
2026-05-14,2026-05-14T15:03:00+00:00,2026-05-14T16:03:00+00:00,FORCE_SNAPSHOT_DERIVED,FORCE_SNAPSHOT_DERIVED,M1_BAR_PROXY,RECONSTRUCTED_FORCE_SNAPSHOT_DERIVED,0.35,NUANCED_BY_RAW,NUANCED_BY_RAW,0.760,SOURCE_QUALITY_USABLE,0.880,B6_KEEP_CANDIDATE,RAW_ROTATION_CONFIRMED,-8.6,12.8,4156,FLOW_ROTATIONAL,Rotation / respiration de zone,KEEP nuance: raw nuance la scene mais qualite/texture suffisantes pour comparaison B6; provenance FORCE_SNAPSHOT_DERIVED; score memoire 0.880.,FORCE_SNAPSHOT_DERIVED: reconstruction force_snapshots_v2; not recovered existing summary; proxy/reconstructed reading; not full footprint claim; NUANCED_BY_RAW: useful but not hard-confirmed raw; source_quality_raw=PARTIAL_PROXY_COVERAGE; confidence_cap=0.35; read-only; no DB write; no dashboard; no Telegram; no BUY/SELL
2026-05-14,2026-05-14T16:03:00+00:00,2026-05-14T17:03:00+00:00,FORCE_SNAPSHOT_DERIVED,FORCE_SNAPSHOT_DERIVED,M1_BAR_PROXY,RECONSTRUCTED_FORCE_SNAPSHOT_DERIVED,0.35,CONFIRMED_BY_RAW,CONFIRMED_BY_RAW,0.760,SOURCE_QUALITY_USABLE,0.880,B6_KEEP_CANDIDATE,RAW_PROGRESS_CONFIRMED,-30.4,43.7,5199,FLOW_DIRECTIONAL_DISPLACEMENT,Déplacement directionnel proxy,"KEEP prioritaire: scene confirmee raw, texture RAW_PROGRESS_CONFIRMED, provenance FORCE_SNAPSHOT_DERIVED, score memoire 0.880.",FORCE_SNAPSHOT_DERIVED: reconstruction force_snapshots_v2; not recovered existing summary; proxy/reconstructed reading; not full footprint claim; CONFIRMED_BY_RAW: raw supports proxy reading; source_quality_raw=PARTIAL_PROXY_COVERAGE; confidence_cap=0.35; read-only; no DB write; no dashboard; no Telegram; no BUY/SELL
2026-05-14,2026-05-14T17:03:00+00:00,2026-05-14T18:03:00+00:00,FORCE_SNAPSHOT_DERIVED,FORCE_SNAPSHOT_DERIVED,M1_BAR_PROXY,RECONSTRUCTED_FORCE_SNAPSHOT_DERIVED,0.35,CONFIRMED_BY_RAW,CONFIRMED_BY_RAW,0.760,SOURCE_QUALITY_USABLE,0.880,B6_KEEP_CANDIDATE,RAW_PROGRESS_CONFIRMED,-41.0,41.9,4354,FLOW_WEAK_DIRECTIONAL,Flux faible / transition proxy,"KEEP prioritaire: scene confirmee raw, texture RAW_PROGRESS_CONFIRMED, provenance FORCE_SNAPSHOT_DERIVED, score memoire 0.880.",FORCE_SNAPSHOT_DERIVED: reconstruction force_snapshots_v2; not recovered existing summary; proxy/reconstructed reading; not full footprint claim; CONFIRMED_BY_RAW: raw supports proxy reading; source_quality_raw=PARTIAL_PROXY_COVERAGE; confidence_cap=0.35; read-only; no DB write; no dashboard; no Telegram; no BUY/SELL
2026-05-14,2026-05-14T18:03:00+00:00,2026-05-14T19:03:00+00:00,FORCE_SNAPSHOT_DERIVED,FORCE_SNAPSHOT_DERIVED,M1_BAR_PROXY,RECONSTRUCTED_FORCE_SNAPSHOT_DERIVED,0.35,NUANCED_BY_RAW,NUANCED_BY_RAW,0.760,SOURCE_QUALITY_USABLE,0.880,B6_KEEP_CANDIDATE,RAW_ROTATION_CONFIRMED,3.4,12.4,3436,FLOW_DIRECTIONAL_DISPLACEMENT,Déplacement directionnel proxy,KEEP nuance: raw nuance la scene mais qualite/texture suffisantes pour comparaison B6; provenance FORCE_SNAPSHOT_DERIVED; score memoire 0.880.,FORCE_SNAPSHOT_DERIVED: reconstruction force_snapshots_v2; not recovered existing summary; proxy/reconstructed reading; not full footprint claim; NUANCED_BY_RAW: useful but not hard-confirmed raw; source_quality_raw=PARTIAL_PROXY_COVERAGE; confidence_cap=0.35; read-only; no DB write; no dashboard; no Telegram; no BUY/SELL
2026-05-14,2026-05-14T19:03:00+00:00,2026-05-14T20:03:00+00:00,FORCE_SNAPSHOT_DERIVED,FORCE_SNAPSHOT_DERIVED,M1_BAR_PROXY,RECONSTRUCTED_FORCE_SNAPSHOT_DERIVED,0.35,CONFIRMED_BY_RAW,CONFIRMED_BY_RAW,0.760,SOURCE_QUALITY_USABLE,0.880,B6_KEEP_CANDIDATE,RAW_PROGRESS_CONFIRMED,-3.7,12.1,2837,FLOW_DIRECTIONAL_DISPLACEMENT,Déplacement directionnel proxy,"KEEP prioritaire: scene confirmee raw, texture RAW_PROGRESS_CONFIRMED, provenance FORCE_SNAPSHOT_DERIVED, score memoire 0.880.",FORCE_SNAPSHOT_DERIVED: reconstruction force_snapshots_v2; not recovered existing summary; proxy/reconstructed reading; not full footprint claim; CONFIRMED_BY_RAW: raw supports proxy reading; source_quality_raw=PARTIAL_PROXY_COVERAGE; confidence_cap=0.35; read-only; no DB write; no dashboard; no Telegram; no BUY/SELL
