film_id,date,time_start,time_end,session,source_family,summary_recovery_type,source_mode,data_visibility,confidence_cap,moment_type,label_fr,base,reaction,projection,judgment,raw_agreement,proxy_vs_raw_verdict,proxy_raw_agreement_state,source_quality_score,source_quality,source_quality_state,b6_memory_candidate_score,b6_memory_candidate_state,raw_texture_role,raw_delta_pips,raw_range_pips,raw_tick_count,memory_family,pattern_key,why_keep_for_memory,memory_use_case,similarity_features,limits
B6FC_20260505_1413_BDE6E508,2026-05-05,2026-05-05T14:13:00+00:00,2026-05-05T14:14:00+00:00,LONDON_NY_OVERLAP,FORCE_SNAPSHOT_DERIVED,FORCE_SNAPSHOT_DERIVED,M1_BAR_PROXY,RECONSTRUCTED_FORCE_SNAPSHOT_DERIVED,0.35,FLOW_BALANCED_AUCTION,Auction équilibrée proxy,Base scene: Auction équilibrée proxy (FLOW_BALANCED_AUCTION).,"Reaction raw progressive: delta -3.3 pips, range 5.5 pips, 165 ticks.","Projection partielle: mouvement utile mais encore nuance par la texture, delta/range=0.60.","Judgment technique: B6_KEEP_CANDIDATE, CONFIRMED_BY_RAW, SOURCE_QUALITY_USABLE.",CONFIRMED_BY_RAW,CONFIRMED_BY_RAW,CONFIRMED_BY_RAW,0.760,SOURCE_QUALITY_USABLE,SOURCE_QUALITY_USABLE,0.880,B6_KEEP_CANDIDATE,RAW_PROGRESS_CONFIRMED,-3.3,5.5,165,DIRECTIONAL_PROGRESS_MEMORY,DIRECTIONAL_PROGRESS_MEMORY|FORCE_SNAPSHOT_DERIVED|M1_BAR_PROXY|CONFIRMED_BY_RAW|RAW_PROGRESS_CONFIRMED|SOURCE_QUALITY_USABLE,"KEEP memoire: DIRECTIONAL_PROGRESS_MEMORY; KEEP prioritaire: scene confirmee raw, texture RAW_PROGRESS_CONFIRMED, provenance FORCE_SNAPSHOT_DERIVED, score memoire 0.880.",Comparer les scenes de progression / deplacement directionnel avec role raw explicite.,family=DIRECTIONAL_PROGRESS_MEMORY; session=LONDON_NY_OVERLAP; raw_texture=RAW_PROGRESS_CONFIRMED; raw_agreement=CONFIRMED_BY_RAW; source_quality=SOURCE_QUALITY_USABLE; source_family=FORCE_SNAPSHOT_DERIVED; source_mode=M1_BAR_PROXY,FORCE_SNAPSHOT_DERIVED: reconstruction force_snapshots_v2; not recovered existing summary; proxy/reconstructed reading; not full footprint claim; CONFIRMED_BY_RAW: raw supports proxy reading; source_quality_raw=PARTIAL_PROXY_COVERAGE; confidence_cap=0.35; read-only; no DB write; no dashboard; no Telegram; no BUY/SELL; T0113 film card is comparative memory only; no prediction; no BUY/SELL; no probability of success
B6FC_20260505_2306_4093A4AF,2026-05-05,2026-05-05T23:06:00+00:00,2026-05-06T00:00:00+00:00,LATE_US_ASIA_HANDOVER,FORCE_SNAPSHOT_DERIVED,FORCE_SNAPSHOT_DERIVED,M1_BAR_PROXY,RECONSTRUCTED_FORCE_SNAPSHOT_DERIVED,0.35,FLOW_DIRECTIONAL_DISPLACEMENT,Déplacement directionnel proxy,Base scene: Déplacement directionnel proxy (FLOW_DIRECTIONAL_DISPLACEMENT).,"Reaction raw frictionnelle: activite lisible avec deplacement contraint, delta 0 pips, range 0 pips, 1 ticks.",Projection non mesurable: range raw nul ou absent.,"KEEP nuance: scene utile, raw nuance la lecture sans la durcir en confirmation.",NUANCED_BY_RAW,NUANCED_BY_RAW,NUANCED_BY_RAW,0.680,SOURCE_QUALITY_USABLE,SOURCE_QUALITY_USABLE,0.770,B6_KEEP_CANDIDATE,RAW_FRICTION_CONFIRMED,0.0,0.0,1,FRICTION_ABSORPTION_MEMORY,FRICTION_ABSORPTION_MEMORY|FORCE_SNAPSHOT_DERIVED|M1_BAR_PROXY|NUANCED_BY_RAW|RAW_FRICTION_CONFIRMED|SOURCE_QUALITY_USABLE,KEEP memoire: FRICTION_ABSORPTION_MEMORY; KEEP nuance: raw nuance la scene mais qualite/texture suffisantes pour comparaison B6; provenance FORCE_SNAPSHOT_DERIVED; score memoire 0.770.,"Comparer les scenes d'effort visible sans resultat directionnel propre, absorption ou friction locale.",family=FRICTION_ABSORPTION_MEMORY; session=LATE_US_ASIA_HANDOVER; raw_texture=RAW_FRICTION_CONFIRMED; raw_agreement=NUANCED_BY_RAW; source_quality=SOURCE_QUALITY_USABLE; source_family=FORCE_SNAPSHOT_DERIVED; source_mode=M1_BAR_PROXY,FORCE_SNAPSHOT_DERIVED: reconstruction force_snapshots_v2; not recovered existing summary; proxy/reconstructed reading; not full footprint claim; NUANCED_BY_RAW: useful but not hard-confirmed raw; source_quality_raw=PARTIAL_PROXY_COVERAGE; confidence_cap=0.35; read-only; no DB write; no dashboard; no Telegram; no BUY/SELL; T0113 film card is comparative memory only; no prediction; no BUY/SELL; no probability of success
B6FC_20260506_0001_D0B23C7C,2026-05-06,2026-05-06T00:01:00+00:00,2026-05-06T00:03:00+00:00,ASIAN_SESSION,RECOVERED_EXISTING_B9_SUMMARY,RECOVERED_EXISTING_B9_SUMMARY,M1_BAR_PROXY,RECONSTRUCTED,0.35,RECOVERED_FRICTION_ABSORPTION_LIKE,Friction type absorption: effort visible sans résultat directionnel propre.,Base scene: Friction type absorption: effort visible sans résultat directionnel propre. (RECOVERED_FRICTION_ABSORPTION_LIKE).,"Reaction raw frictionnelle: activite lisible avec deplacement contraint, delta -0.1 pips, range 3.7 pips, 218 ticks.","Projection faible: effort/rotation absorbe le deplacement, delta/range=0.03.","KEEP nuance: scene utile, raw nuance la lecture sans la durcir en confirmation.",NUANCED_BY_RAW,NUANCED_BY_RAW,NUANCED_BY_RAW,0.860,SOURCE_QUALITY_STRONG,SOURCE_QUALITY_STRONG,0.950,B6_KEEP_CANDIDATE,RAW_FRICTION_CONFIRMED,-0.1,3.7,218,FRICTION_ABSORPTION_MEMORY,FRICTION_ABSORPTION_MEMORY|RECOVERED_EXISTING_B9_SUMMARY|M1_BAR_PROXY|NUANCED_BY_RAW|RAW_FRICTION_CONFIRMED|SOURCE_QUALITY_STRONG,KEEP memoire: FRICTION_ABSORPTION_MEMORY; KEEP nuance: raw nuance la scene mais qualite/texture suffisantes pour comparaison B6; provenance RECOVERED_EXISTING_B9_SUMMARY; score memoire 0.950.,"Comparer les scenes d'effort visible sans resultat directionnel propre, absorption ou friction locale.",family=FRICTION_ABSORPTION_MEMORY; session=ASIAN_SESSION; raw_texture=RAW_FRICTION_CONFIRMED; raw_agreement=NUANCED_BY_RAW; source_quality=SOURCE_QUALITY_STRONG; source_family=RECOVERED_EXISTING_B9_SUMMARY; source_mode=M1_BAR_PROXY,RECOVERED_EXISTING_B9_SUMMARY: recovered explicit B9 moments; shift0 raw alignment; proxy/reconstructed reading; not full footprint claim; NUANCED_BY_RAW: useful but not hard-confirmed raw; source_quality_raw=RECOVERED_EXISTING_B9_SUMMARY_SHIFT0_FULL_RAW_ALIGNMENT; confidence_cap=0.35; read-only; no DB write; no dashboard; no Telegram; no BUY/SELL; T0113 film card is comparative memory only; no prediction; no BUY/SELL; no probability of success
B6FC_20260506_0003_EDF8CA3B,2026-05-06,2026-05-06T00:03:00+00:00,2026-05-06T00:04:00+00:00,ASIAN_SESSION,RECOVERED_EXISTING_B9_SUMMARY,RECOVERED_EXISTING_B9_SUMMARY,M1_BAR_PROXY,RECONSTRUCTED,0.35,RECOVERED_FRICTION_ABSORPTION_LIKE,"Flux mixte: conserver comme lecture de contexte, pas comme décision.","Base scene: Flux mixte: conserver comme lecture de contexte, pas comme décision. (RECOVERED_FRICTION_ABSORPTION_LIKE).","Reaction raw frictionnelle: activite lisible avec deplacement contraint, delta 0.7 pips, range 1.7 pips, 108 ticks.","Projection partielle: mouvement utile mais encore nuance par la texture, delta/range=0.41.","KEEP nuance: scene utile, raw nuance la lecture sans la durcir en confirmation.",NUANCED_BY_RAW,NUANCED_BY_RAW,NUANCED_BY_RAW,0.860,SOURCE_QUALITY_STRONG,SOURCE_QUALITY_STRONG,0.950,B6_KEEP_CANDIDATE,RAW_FRICTION_CONFIRMED,0.7,1.7,108,FRICTION_ABSORPTION_MEMORY,FRICTION_ABSORPTION_MEMORY|RECOVERED_EXISTING_B9_SUMMARY|M1_BAR_PROXY|NUANCED_BY_RAW|RAW_FRICTION_CONFIRMED|SOURCE_QUALITY_STRONG,KEEP memoire: FRICTION_ABSORPTION_MEMORY; KEEP nuance: raw nuance la scene mais qualite/texture suffisantes pour comparaison B6; provenance RECOVERED_EXISTING_B9_SUMMARY; score memoire 0.950.,"Comparer les scenes d'effort visible sans resultat directionnel propre, absorption ou friction locale.",family=FRICTION_ABSORPTION_MEMORY; session=ASIAN_SESSION; raw_texture=RAW_FRICTION_CONFIRMED; raw_agreement=NUANCED_BY_RAW; source_quality=SOURCE_QUALITY_STRONG; source_family=RECOVERED_EXISTING_B9_SUMMARY; source_mode=M1_BAR_PROXY,RECOVERED_EXISTING_B9_SUMMARY: recovered explicit B9 moments; shift0 raw alignment; proxy/reconstructed reading; not full footprint claim; NUANCED_BY_RAW: useful but not hard-confirmed raw; source_quality_raw=RECOVERED_EXISTING_B9_SUMMARY_SHIFT0_FULL_RAW_ALIGNMENT; confidence_cap=0.35; read-only; no DB write; no dashboard; no Telegram; no BUY/SELL; T0113 film card is comparative memory only; no prediction; no BUY/SELL; no probability of success
B6FC_20260506_0004_BE4575C7,2026-05-06,2026-05-06T00:04:00+00:00,2026-05-06T00:05:00+00:00,ASIAN_SESSION,RECOVERED_EXISTING_B9_SUMMARY,RECOVERED_EXISTING_B9_SUMMARY,M1_BAR_PROXY,RECONSTRUCTED,0.35,RECOVERED_FRICTION_ABSORPTION_LIKE,Friction type absorption: effort visible sans résultat directionnel propre.,Base scene: Friction type absorption: effort visible sans résultat directionnel propre. (RECOVERED_FRICTION_ABSORPTION_LIKE).,"Reaction raw frictionnelle: activite lisible avec deplacement contraint, delta -0.1 pips, range 2.5 pips, 98 ticks.","Projection faible: effort/rotation absorbe le deplacement, delta/range=0.04.","KEEP nuance: scene utile, raw nuance la lecture sans la durcir en confirmation.",NUANCED_BY_RAW,NUANCED_BY_RAW,NUANCED_BY_RAW,0.860,SOURCE_QUALITY_STRONG,SOURCE_QUALITY_STRONG,0.950,B6_KEEP_CANDIDATE,RAW_FRICTION_CONFIRMED,-0.1,2.5,98,FRICTION_ABSORPTION_MEMORY,FRICTION_ABSORPTION_MEMORY|RECOVERED_EXISTING_B9_SUMMARY|M1_BAR_PROXY|NUANCED_BY_RAW|RAW_FRICTION_CONFIRMED|SOURCE_QUALITY_STRONG,KEEP memoire: FRICTION_ABSORPTION_MEMORY; KEEP nuance: raw nuance la scene mais qualite/texture suffisantes pour comparaison B6; provenance RECOVERED_EXISTING_B9_SUMMARY; score memoire 0.950.,"Comparer les scenes d'effort visible sans resultat directionnel propre, absorption ou friction locale.",family=FRICTION_ABSORPTION_MEMORY; session=ASIAN_SESSION; raw_texture=RAW_FRICTION_CONFIRMED; raw_agreement=NUANCED_BY_RAW; source_quality=SOURCE_QUALITY_STRONG; source_family=RECOVERED_EXISTING_B9_SUMMARY; source_mode=M1_BAR_PROXY,RECOVERED_EXISTING_B9_SUMMARY: recovered explicit B9 moments; shift0 raw alignment; proxy/reconstructed reading; not full footprint claim; NUANCED_BY_RAW: useful but not hard-confirmed raw; source_quality_raw=RECOVERED_EXISTING_B9_SUMMARY_SHIFT0_FULL_RAW_ALIGNMENT; confidence_cap=0.35; read-only; no DB write; no dashboard; no Telegram; no BUY/SELL; T0113 film card is comparative memory only; no prediction; no BUY/SELL; no probability of success
B6FC_20260506_0005_9765D84F,2026-05-06,2026-05-06T00:05:00+00:00,2026-05-06T00:06:00+00:00,ASIAN_SESSION,RECOVERED_EXISTING_B9_SUMMARY,RECOVERED_EXISTING_B9_SUMMARY,M1_BAR_PROXY,RECONSTRUCTED,0.35,RECOVERED_FRICTION_ABSORPTION_LIKE,Friction type absorption: effort visible sans résultat directionnel propre.,Base scene: Friction type absorption: effort visible sans résultat directionnel propre. (RECOVERED_FRICTION_ABSORPTION_LIKE).,"Reaction raw frictionnelle: activite lisible avec deplacement contraint, delta -0.6 pips, range 3 pips, 88 ticks.","Projection faible: effort/rotation absorbe le deplacement, delta/range=0.20.","KEEP nuance: scene utile, raw nuance la lecture sans la durcir en confirmation.",NUANCED_BY_RAW,NUANCED_BY_RAW,NUANCED_BY_RAW,0.860,SOURCE_QUALITY_STRONG,SOURCE_QUALITY_STRONG,0.950,B6_KEEP_CANDIDATE,RAW_FRICTION_CONFIRMED,-0.6,3.0,88,FRICTION_ABSORPTION_MEMORY,FRICTION_ABSORPTION_MEMORY|RECOVERED_EXISTING_B9_SUMMARY|M1_BAR_PROXY|NUANCED_BY_RAW|RAW_FRICTION_CONFIRMED|SOURCE_QUALITY_STRONG,KEEP memoire: FRICTION_ABSORPTION_MEMORY; KEEP nuance: raw nuance la scene mais qualite/texture suffisantes pour comparaison B6; provenance RECOVERED_EXISTING_B9_SUMMARY; score memoire 0.950.,"Comparer les scenes d'effort visible sans resultat directionnel propre, absorption ou friction locale.",family=FRICTION_ABSORPTION_MEMORY; session=ASIAN_SESSION; raw_texture=RAW_FRICTION_CONFIRMED; raw_agreement=NUANCED_BY_RAW; source_quality=SOURCE_QUALITY_STRONG; source_family=RECOVERED_EXISTING_B9_SUMMARY; source_mode=M1_BAR_PROXY,RECOVERED_EXISTING_B9_SUMMARY: recovered explicit B9 moments; shift0 raw alignment; proxy/reconstructed reading; not full footprint claim; NUANCED_BY_RAW: useful but not hard-confirmed raw; source_quality_raw=RECOVERED_EXISTING_B9_SUMMARY_SHIFT0_FULL_RAW_ALIGNMENT; confidence_cap=0.35; read-only; no DB write; no dashboard; no Telegram; no BUY/SELL; T0113 film card is comparative memory only; no prediction; no BUY/SELL; no probability of success
B6FC_20260506_0006_D338C84D,2026-05-06,2026-05-06T00:06:00+00:00,2026-05-06T00:07:00+00:00,ASIAN_SESSION,RECOVERED_EXISTING_B9_SUMMARY,RECOVERED_EXISTING_B9_SUMMARY,M1_BAR_PROXY,RECONSTRUCTED,0.35,RECOVERED_FRICTION_ABSORPTION_LIKE,"Flux mixte: conserver comme lecture de contexte, pas comme décision.","Base scene: Flux mixte: conserver comme lecture de contexte, pas comme décision. (RECOVERED_FRICTION_ABSORPTION_LIKE).","Reaction raw frictionnelle: activite lisible avec deplacement contraint, delta 2.9 pips, range 3.4 pips, 94 ticks.",Projection directionnelle lisible: delta/range=0.85.,"KEEP nuance: scene utile, raw nuance la lecture sans la durcir en confirmation.",NUANCED_BY_RAW,NUANCED_BY_RAW,NUANCED_BY_RAW,0.860,SOURCE_QUALITY_STRONG,SOURCE_QUALITY_STRONG,0.950,B6_KEEP_CANDIDATE,RAW_FRICTION_CONFIRMED,2.9,3.4,94,FRICTION_ABSORPTION_MEMORY,FRICTION_ABSORPTION_MEMORY|RECOVERED_EXISTING_B9_SUMMARY|M1_BAR_PROXY|NUANCED_BY_RAW|RAW_FRICTION_CONFIRMED|SOURCE_QUALITY_STRONG,KEEP memoire: FRICTION_ABSORPTION_MEMORY; KEEP nuance: raw nuance la scene mais qualite/texture suffisantes pour comparaison B6; provenance RECOVERED_EXISTING_B9_SUMMARY; score memoire 0.950.,"Comparer les scenes d'effort visible sans resultat directionnel propre, absorption ou friction locale.",family=FRICTION_ABSORPTION_MEMORY; session=ASIAN_SESSION; raw_texture=RAW_FRICTION_CONFIRMED; raw_agreement=NUANCED_BY_RAW; source_quality=SOURCE_QUALITY_STRONG; source_family=RECOVERED_EXISTING_B9_SUMMARY; source_mode=M1_BAR_PROXY,RECOVERED_EXISTING_B9_SUMMARY: recovered explicit B9 moments; shift0 raw alignment; proxy/reconstructed reading; not full footprint claim; NUANCED_BY_RAW: useful but not hard-confirmed raw; source_quality_raw=RECOVERED_EXISTING_B9_SUMMARY_SHIFT0_FULL_RAW_ALIGNMENT; confidence_cap=0.35; read-only; no DB write; no dashboard; no Telegram; no BUY/SELL; T0113 film card is comparative memory only; no prediction; no BUY/SELL; no probability of success
B6FC_20260506_0007_32D97691,2026-05-06,2026-05-06T00:07:00+00:00,2026-05-06T00:08:00+00:00,ASIAN_SESSION,RECOVERED_EXISTING_B9_SUMMARY,RECOVERED_EXISTING_B9_SUMMARY,M1_BAR_PROXY,RECONSTRUCTED,0.35,RECOVERED_FRICTION_ABSORPTION_LIKE,"Flux mixte: conserver comme lecture de contexte, pas comme décision.","Base scene: Flux mixte: conserver comme lecture de contexte, pas comme décision. (RECOVERED_FRICTION_ABSORPTION_LIKE).","Reaction raw frictionnelle: activite lisible avec deplacement contraint, delta -2 pips, range 2.4 pips, 79 ticks.",Projection directionnelle lisible: delta/range=0.83.,"KEEP nuance: scene utile, raw nuance la lecture sans la durcir en confirmation.",NUANCED_BY_RAW,NUANCED_BY_RAW,NUANCED_BY_RAW,0.860,SOURCE_QUALITY_STRONG,SOURCE_QUALITY_STRONG,0.950,B6_KEEP_CANDIDATE,RAW_FRICTION_CONFIRMED,-2.0,2.4,79,FRICTION_ABSORPTION_MEMORY,FRICTION_ABSORPTION_MEMORY|RECOVERED_EXISTING_B9_SUMMARY|M1_BAR_PROXY|NUANCED_BY_RAW|RAW_FRICTION_CONFIRMED|SOURCE_QUALITY_STRONG,KEEP memoire: FRICTION_ABSORPTION_MEMORY; KEEP nuance: raw nuance la scene mais qualite/texture suffisantes pour comparaison B6; provenance RECOVERED_EXISTING_B9_SUMMARY; score memoire 0.950.,"Comparer les scenes d'effort visible sans resultat directionnel propre, absorption ou friction locale.",family=FRICTION_ABSORPTION_MEMORY; session=ASIAN_SESSION; raw_texture=RAW_FRICTION_CONFIRMED; raw_agreement=NUANCED_BY_RAW; source_quality=SOURCE_QUALITY_STRONG; source_family=RECOVERED_EXISTING_B9_SUMMARY; source_mode=M1_BAR_PROXY,RECOVERED_EXISTING_B9_SUMMARY: recovered explicit B9 moments; shift0 raw alignment; proxy/reconstructed reading; not full footprint claim; NUANCED_BY_RAW: useful but not hard-confirmed raw; source_quality_raw=RECOVERED_EXISTING_B9_SUMMARY_SHIFT0_FULL_RAW_ALIGNMENT; confidence_cap=0.35; read-only; no DB write; no dashboard; no Telegram; no BUY/SELL; T0113 film card is comparative memory only; no prediction; no BUY/SELL; no probability of success
B6FC_20260506_0008_3720A433,2026-05-06,2026-05-06T00:08:00+00:00,2026-05-06T00:09:00+00:00,ASIAN_SESSION,RECOVERED_EXISTING_B9_SUMMARY,RECOVERED_EXISTING_B9_SUMMARY,M1_BAR_PROXY,RECONSTRUCTED,0.35,RECOVERED_FRICTION_ABSORPTION_LIKE,"Flux mixte: conserver comme lecture de contexte, pas comme décision.","Base scene: Flux mixte: conserver comme lecture de contexte, pas comme décision. (RECOVERED_FRICTION_ABSORPTION_LIKE).","Reaction raw frictionnelle: activite lisible avec deplacement contraint, delta -0.8 pips, range 1.7 pips, 66 ticks.","Projection partielle: mouvement utile mais encore nuance par la texture, delta/range=0.47.","KEEP nuance: scene utile, raw nuance la lecture sans la durcir en confirmation.",NUANCED_BY_RAW,NUANCED_BY_RAW,NUANCED_BY_RAW,0.860,SOURCE_QUALITY_STRONG,SOURCE_QUALITY_STRONG,0.950,B6_KEEP_CANDIDATE,RAW_FRICTION_CONFIRMED,-0.8,1.7,66,FRICTION_ABSORPTION_MEMORY,FRICTION_ABSORPTION_MEMORY|RECOVERED_EXISTING_B9_SUMMARY|M1_BAR_PROXY|NUANCED_BY_RAW|RAW_FRICTION_CONFIRMED|SOURCE_QUALITY_STRONG,KEEP memoire: FRICTION_ABSORPTION_MEMORY; KEEP nuance: raw nuance la scene mais qualite/texture suffisantes pour comparaison B6; provenance RECOVERED_EXISTING_B9_SUMMARY; score memoire 0.950.,"Comparer les scenes d'effort visible sans resultat directionnel propre, absorption ou friction locale.",family=FRICTION_ABSORPTION_MEMORY; session=ASIAN_SESSION; raw_texture=RAW_FRICTION_CONFIRMED; raw_agreement=NUANCED_BY_RAW; source_quality=SOURCE_QUALITY_STRONG; source_family=RECOVERED_EXISTING_B9_SUMMARY; source_mode=M1_BAR_PROXY,RECOVERED_EXISTING_B9_SUMMARY: recovered explicit B9 moments; shift0 raw alignment; proxy/reconstructed reading; not full footprint claim; NUANCED_BY_RAW: useful but not hard-confirmed raw; source_quality_raw=RECOVERED_EXISTING_B9_SUMMARY_SHIFT0_FULL_RAW_ALIGNMENT; confidence_cap=0.35; read-only; no DB write; no dashboard; no Telegram; no BUY/SELL; T0113 film card is comparative memory only; no prediction; no BUY/SELL; no probability of success
B6FC_20260506_0009_00C9CFB0,2026-05-06,2026-05-06T00:09:00+00:00,2026-05-06T00:10:00+00:00,ASIAN_SESSION,RECOVERED_EXISTING_B9_SUMMARY,RECOVERED_EXISTING_B9_SUMMARY,M1_BAR_PROXY,RECONSTRUCTED,0.35,RECOVERED_FRICTION_ABSORPTION_LIKE,"Flux mixte: conserver comme lecture de contexte, pas comme décision.","Base scene: Flux mixte: conserver comme lecture de contexte, pas comme décision. (RECOVERED_FRICTION_ABSORPTION_LIKE).","Reaction raw frictionnelle: activite lisible avec deplacement contraint, delta 1.2 pips, range 1.3 pips, 71 ticks.",Projection directionnelle lisible: delta/range=0.92.,"KEEP nuance: scene utile, raw nuance la lecture sans la durcir en confirmation.",NUANCED_BY_RAW,NUANCED_BY_RAW,NUANCED_BY_RAW,0.860,SOURCE_QUALITY_STRONG,SOURCE_QUALITY_STRONG,0.950,B6_KEEP_CANDIDATE,RAW_FRICTION_CONFIRMED,1.2,1.3,71,FRICTION_ABSORPTION_MEMORY,FRICTION_ABSORPTION_MEMORY|RECOVERED_EXISTING_B9_SUMMARY|M1_BAR_PROXY|NUANCED_BY_RAW|RAW_FRICTION_CONFIRMED|SOURCE_QUALITY_STRONG,KEEP memoire: FRICTION_ABSORPTION_MEMORY; KEEP nuance: raw nuance la scene mais qualite/texture suffisantes pour comparaison B6; provenance RECOVERED_EXISTING_B9_SUMMARY; score memoire 0.950.,"Comparer les scenes d'effort visible sans resultat directionnel propre, absorption ou friction locale.",family=FRICTION_ABSORPTION_MEMORY; session=ASIAN_SESSION; raw_texture=RAW_FRICTION_CONFIRMED; raw_agreement=NUANCED_BY_RAW; source_quality=SOURCE_QUALITY_STRONG; source_family=RECOVERED_EXISTING_B9_SUMMARY; source_mode=M1_BAR_PROXY,RECOVERED_EXISTING_B9_SUMMARY: recovered explicit B9 moments; shift0 raw alignment; proxy/reconstructed reading; not full footprint claim; NUANCED_BY_RAW: useful but not hard-confirmed raw; source_quality_raw=RECOVERED_EXISTING_B9_SUMMARY_SHIFT0_FULL_RAW_ALIGNMENT; confidence_cap=0.35; read-only; no DB write; no dashboard; no Telegram; no BUY/SELL; T0113 film card is comparative memory only; no prediction; no BUY/SELL; no probability of success
B6FC_20260506_0010_491F342D,2026-05-06,2026-05-06T00:10:00+00:00,2026-05-06T00:11:00+00:00,ASIAN_SESSION,RECOVERED_EXISTING_B9_SUMMARY,RECOVERED_EXISTING_B9_SUMMARY,M1_BAR_PROXY,RECONSTRUCTED,0.35,RECOVERED_FRICTION_ABSORPTION_LIKE,"Flux mixte: conserver comme lecture de contexte, pas comme décision.","Base scene: Flux mixte: conserver comme lecture de contexte, pas comme décision. (RECOVERED_FRICTION_ABSORPTION_LIKE).","Reaction raw frictionnelle: activite lisible avec deplacement contraint, delta -2.4 pips, range 3 pips, 81 ticks.",Projection directionnelle lisible: delta/range=0.80.,"KEEP nuance: scene utile, raw nuance la lecture sans la durcir en confirmation.",NUANCED_BY_RAW,NUANCED_BY_RAW,NUANCED_BY_RAW,0.860,SOURCE_QUALITY_STRONG,SOURCE_QUALITY_STRONG,0.950,B6_KEEP_CANDIDATE,RAW_FRICTION_CONFIRMED,-2.4,3.0,81,FRICTION_ABSORPTION_MEMORY,FRICTION_ABSORPTION_MEMORY|RECOVERED_EXISTING_B9_SUMMARY|M1_BAR_PROXY|NUANCED_BY_RAW|RAW_FRICTION_CONFIRMED|SOURCE_QUALITY_STRONG,KEEP memoire: FRICTION_ABSORPTION_MEMORY; KEEP nuance: raw nuance la scene mais qualite/texture suffisantes pour comparaison B6; provenance RECOVERED_EXISTING_B9_SUMMARY; score memoire 0.950.,"Comparer les scenes d'effort visible sans resultat directionnel propre, absorption ou friction locale.",family=FRICTION_ABSORPTION_MEMORY; session=ASIAN_SESSION; raw_texture=RAW_FRICTION_CONFIRMED; raw_agreement=NUANCED_BY_RAW; source_quality=SOURCE_QUALITY_STRONG; source_family=RECOVERED_EXISTING_B9_SUMMARY; source_mode=M1_BAR_PROXY,RECOVERED_EXISTING_B9_SUMMARY: recovered explicit B9 moments; shift0 raw alignment; proxy/reconstructed reading; not full footprint claim; NUANCED_BY_RAW: useful but not hard-confirmed raw; source_quality_raw=RECOVERED_EXISTING_B9_SUMMARY_SHIFT0_FULL_RAW_ALIGNMENT; confidence_cap=0.35; read-only; no DB write; no dashboard; no Telegram; no BUY/SELL; T0113 film card is comparative memory only; no prediction; no BUY/SELL; no probability of success
B6FC_20260506_0011_E0ADF533,2026-05-06,2026-05-06T00:11:00+00:00,2026-05-06T00:12:00+00:00,ASIAN_SESSION,RECOVERED_EXISTING_B9_SUMMARY,RECOVERED_EXISTING_B9_SUMMARY,M1_BAR_PROXY,RECONSTRUCTED,0.35,RECOVERED_FRICTION_ABSORPTION_LIKE,"Flux mixte: conserver comme lecture de contexte, pas comme décision.","Base scene: Flux mixte: conserver comme lecture de contexte, pas comme décision. (RECOVERED_FRICTION_ABSORPTION_LIKE).","Reaction raw frictionnelle: activite lisible avec deplacement contraint, delta -0.7 pips, range 1 pips, 62 ticks.",Projection directionnelle lisible: delta/range=0.70.,"KEEP nuance: scene utile, raw nuance la lecture sans la durcir en confirmation.",NUANCED_BY_RAW,NUANCED_BY_RAW,NUANCED_BY_RAW,0.860,SOURCE_QUALITY_STRONG,SOURCE_QUALITY_STRONG,0.950,B6_KEEP_CANDIDATE,RAW_FRICTION_CONFIRMED,-0.7,1.0,62,FRICTION_ABSORPTION_MEMORY,FRICTION_ABSORPTION_MEMORY|RECOVERED_EXISTING_B9_SUMMARY|M1_BAR_PROXY|NUANCED_BY_RAW|RAW_FRICTION_CONFIRMED|SOURCE_QUALITY_STRONG,KEEP memoire: FRICTION_ABSORPTION_MEMORY; KEEP nuance: raw nuance la scene mais qualite/texture suffisantes pour comparaison B6; provenance RECOVERED_EXISTING_B9_SUMMARY; score memoire 0.950.,"Comparer les scenes d'effort visible sans resultat directionnel propre, absorption ou friction locale.",family=FRICTION_ABSORPTION_MEMORY; session=ASIAN_SESSION; raw_texture=RAW_FRICTION_CONFIRMED; raw_agreement=NUANCED_BY_RAW; source_quality=SOURCE_QUALITY_STRONG; source_family=RECOVERED_EXISTING_B9_SUMMARY; source_mode=M1_BAR_PROXY,RECOVERED_EXISTING_B9_SUMMARY: recovered explicit B9 moments; shift0 raw alignment; proxy/reconstructed reading; not full footprint claim; NUANCED_BY_RAW: useful but not hard-confirmed raw; source_quality_raw=RECOVERED_EXISTING_B9_SUMMARY_SHIFT0_FULL_RAW_ALIGNMENT; confidence_cap=0.35; read-only; no DB write; no dashboard; no Telegram; no BUY/SELL; T0113 film card is comparative memory only; no prediction; no BUY/SELL; no probability of success
B6FC_20260506_0012_199FA395,2026-05-06,2026-05-06T00:12:00+00:00,2026-05-06T00:13:00+00:00,ASIAN_SESSION,RECOVERED_EXISTING_B9_SUMMARY,RECOVERED_EXISTING_B9_SUMMARY,M1_BAR_PROXY,RECONSTRUCTED,0.35,RECOVERED_FRICTION_ABSORPTION_LIKE,"Flux mixte: conserver comme lecture de contexte, pas comme décision.","Base scene: Flux mixte: conserver comme lecture de contexte, pas comme décision. (RECOVERED_FRICTION_ABSORPTION_LIKE).","Reaction raw frictionnelle: activite lisible avec deplacement contraint, delta 1.8 pips, range 1.8 pips, 49 ticks.",Projection directionnelle lisible: delta/range=1.00.,"KEEP nuance: scene utile, raw nuance la lecture sans la durcir en confirmation.",NUANCED_BY_RAW,NUANCED_BY_RAW,NUANCED_BY_RAW,0.860,SOURCE_QUALITY_STRONG,SOURCE_QUALITY_STRONG,0.950,B6_KEEP_CANDIDATE,RAW_FRICTION_CONFIRMED,1.8,1.8,49,FRICTION_ABSORPTION_MEMORY,FRICTION_ABSORPTION_MEMORY|RECOVERED_EXISTING_B9_SUMMARY|M1_BAR_PROXY|NUANCED_BY_RAW|RAW_FRICTION_CONFIRMED|SOURCE_QUALITY_STRONG,KEEP memoire: FRICTION_ABSORPTION_MEMORY; KEEP nuance: raw nuance la scene mais qualite/texture suffisantes pour comparaison B6; provenance RECOVERED_EXISTING_B9_SUMMARY; score memoire 0.950.,"Comparer les scenes d'effort visible sans resultat directionnel propre, absorption ou friction locale.",family=FRICTION_ABSORPTION_MEMORY; session=ASIAN_SESSION; raw_texture=RAW_FRICTION_CONFIRMED; raw_agreement=NUANCED_BY_RAW; source_quality=SOURCE_QUALITY_STRONG; source_family=RECOVERED_EXISTING_B9_SUMMARY; source_mode=M1_BAR_PROXY,RECOVERED_EXISTING_B9_SUMMARY: recovered explicit B9 moments; shift0 raw alignment; proxy/reconstructed reading; not full footprint claim; NUANCED_BY_RAW: useful but not hard-confirmed raw; source_quality_raw=RECOVERED_EXISTING_B9_SUMMARY_SHIFT0_FULL_RAW_ALIGNMENT; confidence_cap=0.35; read-only; no DB write; no dashboard; no Telegram; no BUY/SELL; T0113 film card is comparative memory only; no prediction; no BUY/SELL; no probability of success
B6FC_20260506_0013_37EF0016,2026-05-06,2026-05-06T00:13:00+00:00,2026-05-06T00:14:00+00:00,ASIAN_SESSION,RECOVERED_EXISTING_B9_SUMMARY,RECOVERED_EXISTING_B9_SUMMARY,M1_BAR_PROXY,RECONSTRUCTED,0.35,RECOVERED_FRICTION_ABSORPTION_LIKE,"Flux mixte: conserver comme lecture de contexte, pas comme décision.","Base scene: Flux mixte: conserver comme lecture de contexte, pas comme décision. (RECOVERED_FRICTION_ABSORPTION_LIKE).","Reaction raw frictionnelle: activite lisible avec deplacement contraint, delta -3.2 pips, range 3.2 pips, 81 ticks.",Projection directionnelle lisible: delta/range=1.00.,"KEEP nuance: scene utile, raw nuance la lecture sans la durcir en confirmation.",NUANCED_BY_RAW,NUANCED_BY_RAW,NUANCED_BY_RAW,0.860,SOURCE_QUALITY_STRONG,SOURCE_QUALITY_STRONG,0.950,B6_KEEP_CANDIDATE,RAW_FRICTION_CONFIRMED,-3.2,3.2,81,FRICTION_ABSORPTION_MEMORY,FRICTION_ABSORPTION_MEMORY|RECOVERED_EXISTING_B9_SUMMARY|M1_BAR_PROXY|NUANCED_BY_RAW|RAW_FRICTION_CONFIRMED|SOURCE_QUALITY_STRONG,KEEP memoire: FRICTION_ABSORPTION_MEMORY; KEEP nuance: raw nuance la scene mais qualite/texture suffisantes pour comparaison B6; provenance RECOVERED_EXISTING_B9_SUMMARY; score memoire 0.950.,"Comparer les scenes d'effort visible sans resultat directionnel propre, absorption ou friction locale.",family=FRICTION_ABSORPTION_MEMORY; session=ASIAN_SESSION; raw_texture=RAW_FRICTION_CONFIRMED; raw_agreement=NUANCED_BY_RAW; source_quality=SOURCE_QUALITY_STRONG; source_family=RECOVERED_EXISTING_B9_SUMMARY; source_mode=M1_BAR_PROXY,RECOVERED_EXISTING_B9_SUMMARY: recovered explicit B9 moments; shift0 raw alignment; proxy/reconstructed reading; not full footprint claim; NUANCED_BY_RAW: useful but not hard-confirmed raw; source_quality_raw=RECOVERED_EXISTING_B9_SUMMARY_SHIFT0_FULL_RAW_ALIGNMENT; confidence_cap=0.35; read-only; no DB write; no dashboard; no Telegram; no BUY/SELL; T0113 film card is comparative memory only; no prediction; no BUY/SELL; no probability of success
B6FC_20260506_0014_7411A598,2026-05-06,2026-05-06T00:14:00+00:00,2026-05-06T00:15:00+00:00,ASIAN_SESSION,RECOVERED_EXISTING_B9_SUMMARY,RECOVERED_EXISTING_B9_SUMMARY,M1_BAR_PROXY,RECONSTRUCTED,0.35,RECOVERED_FRICTION_ABSORPTION_LIKE,"Flux mixte: conserver comme lecture de contexte, pas comme décision.","Base scene: Flux mixte: conserver comme lecture de contexte, pas comme décision. (RECOVERED_FRICTION_ABSORPTION_LIKE).","Reaction raw frictionnelle: activite lisible avec deplacement contraint, delta 1 pips, range 1.7 pips, 57 ticks.","Projection partielle: mouvement utile mais encore nuance par la texture, delta/range=0.59.","KEEP nuance: scene utile, raw nuance la lecture sans la durcir en confirmation.",NUANCED_BY_RAW,NUANCED_BY_RAW,NUANCED_BY_RAW,0.860,SOURCE_QUALITY_STRONG,SOURCE_QUALITY_STRONG,0.950,B6_KEEP_CANDIDATE,RAW_FRICTION_CONFIRMED,1.0,1.7,57,FRICTION_ABSORPTION_MEMORY,FRICTION_ABSORPTION_MEMORY|RECOVERED_EXISTING_B9_SUMMARY|M1_BAR_PROXY|NUANCED_BY_RAW|RAW_FRICTION_CONFIRMED|SOURCE_QUALITY_STRONG,KEEP memoire: FRICTION_ABSORPTION_MEMORY; KEEP nuance: raw nuance la scene mais qualite/texture suffisantes pour comparaison B6; provenance RECOVERED_EXISTING_B9_SUMMARY; score memoire 0.950.,"Comparer les scenes d'effort visible sans resultat directionnel propre, absorption ou friction locale.",family=FRICTION_ABSORPTION_MEMORY; session=ASIAN_SESSION; raw_texture=RAW_FRICTION_CONFIRMED; raw_agreement=NUANCED_BY_RAW; source_quality=SOURCE_QUALITY_STRONG; source_family=RECOVERED_EXISTING_B9_SUMMARY; source_mode=M1_BAR_PROXY,RECOVERED_EXISTING_B9_SUMMARY: recovered explicit B9 moments; shift0 raw alignment; proxy/reconstructed reading; not full footprint claim; NUANCED_BY_RAW: useful but not hard-confirmed raw; source_quality_raw=RECOVERED_EXISTING_B9_SUMMARY_SHIFT0_FULL_RAW_ALIGNMENT; confidence_cap=0.35; read-only; no DB write; no dashboard; no Telegram; no BUY/SELL; T0113 film card is comparative memory only; no prediction; no BUY/SELL; no probability of success
B6FC_20260506_0015_43C74A80,2026-05-06,2026-05-06T00:15:00+00:00,2026-05-06T00:16:00+00:00,ASIAN_SESSION,RECOVERED_EXISTING_B9_SUMMARY,RECOVERED_EXISTING_B9_SUMMARY,M1_BAR_PROXY,RECONSTRUCTED,0.35,RECOVERED_FRICTION_ABSORPTION_LIKE,Lecture limitée: spread instable.,Base scene: Lecture limitée: spread instable. (RECOVERED_FRICTION_ABSORPTION_LIKE).,"Reaction raw frictionnelle: activite lisible avec deplacement contraint, delta 0.1 pips, range 1.6 pips, 61 ticks.","Projection faible: effort/rotation absorbe le deplacement, delta/range=0.06.","KEEP nuance: scene utile, raw nuance la lecture sans la durcir en confirmation.",NUANCED_BY_RAW,NUANCED_BY_RAW,NUANCED_BY_RAW,0.860,SOURCE_QUALITY_STRONG,SOURCE_QUALITY_STRONG,0.950,B6_KEEP_CANDIDATE,RAW_FRICTION_CONFIRMED,0.1,1.6,61,FRICTION_ABSORPTION_MEMORY,FRICTION_ABSORPTION_MEMORY|RECOVERED_EXISTING_B9_SUMMARY|M1_BAR_PROXY|NUANCED_BY_RAW|RAW_FRICTION_CONFIRMED|SOURCE_QUALITY_STRONG,KEEP memoire: FRICTION_ABSORPTION_MEMORY; KEEP nuance: raw nuance la scene mais qualite/texture suffisantes pour comparaison B6; provenance RECOVERED_EXISTING_B9_SUMMARY; score memoire 0.950.,"Comparer les scenes d'effort visible sans resultat directionnel propre, absorption ou friction locale.",family=FRICTION_ABSORPTION_MEMORY; session=ASIAN_SESSION; raw_texture=RAW_FRICTION_CONFIRMED; raw_agreement=NUANCED_BY_RAW; source_quality=SOURCE_QUALITY_STRONG; source_family=RECOVERED_EXISTING_B9_SUMMARY; source_mode=M1_BAR_PROXY,RECOVERED_EXISTING_B9_SUMMARY: recovered explicit B9 moments; shift0 raw alignment; proxy/reconstructed reading; not full footprint claim; NUANCED_BY_RAW: useful but not hard-confirmed raw; source_quality_raw=RECOVERED_EXISTING_B9_SUMMARY_SHIFT0_FULL_RAW_ALIGNMENT; confidence_cap=0.35; read-only; no DB write; no dashboard; no Telegram; no BUY/SELL; T0113 film card is comparative memory only; no prediction; no BUY/SELL; no probability of success
B6FC_20260506_0016_26A208B2,2026-05-06,2026-05-06T00:16:00+00:00,2026-05-06T00:17:00+00:00,ASIAN_SESSION,RECOVERED_EXISTING_B9_SUMMARY,RECOVERED_EXISTING_B9_SUMMARY,M1_BAR_PROXY,RECONSTRUCTED,0.35,RECOVERED_FRICTION_ABSORPTION_LIKE,"Flux mixte: conserver comme lecture de contexte, pas comme décision.","Base scene: Flux mixte: conserver comme lecture de contexte, pas comme décision. (RECOVERED_FRICTION_ABSORPTION_LIKE).","Reaction raw frictionnelle: activite lisible avec deplacement contraint, delta 1.1 pips, range 1.1 pips, 54 ticks.",Projection directionnelle lisible: delta/range=1.00.,"KEEP nuance: scene utile, raw nuance la lecture sans la durcir en confirmation.",NUANCED_BY_RAW,NUANCED_BY_RAW,NUANCED_BY_RAW,0.860,SOURCE_QUALITY_STRONG,SOURCE_QUALITY_STRONG,0.950,B6_KEEP_CANDIDATE,RAW_FRICTION_CONFIRMED,1.1,1.1,54,FRICTION_ABSORPTION_MEMORY,FRICTION_ABSORPTION_MEMORY|RECOVERED_EXISTING_B9_SUMMARY|M1_BAR_PROXY|NUANCED_BY_RAW|RAW_FRICTION_CONFIRMED|SOURCE_QUALITY_STRONG,KEEP memoire: FRICTION_ABSORPTION_MEMORY; KEEP nuance: raw nuance la scene mais qualite/texture suffisantes pour comparaison B6; provenance RECOVERED_EXISTING_B9_SUMMARY; score memoire 0.950.,"Comparer les scenes d'effort visible sans resultat directionnel propre, absorption ou friction locale.",family=FRICTION_ABSORPTION_MEMORY; session=ASIAN_SESSION; raw_texture=RAW_FRICTION_CONFIRMED; raw_agreement=NUANCED_BY_RAW; source_quality=SOURCE_QUALITY_STRONG; source_family=RECOVERED_EXISTING_B9_SUMMARY; source_mode=M1_BAR_PROXY,RECOVERED_EXISTING_B9_SUMMARY: recovered explicit B9 moments; shift0 raw alignment; proxy/reconstructed reading; not full footprint claim; NUANCED_BY_RAW: useful but not hard-confirmed raw; source_quality_raw=RECOVERED_EXISTING_B9_SUMMARY_SHIFT0_FULL_RAW_ALIGNMENT; confidence_cap=0.35; read-only; no DB write; no dashboard; no Telegram; no BUY/SELL; T0113 film card is comparative memory only; no prediction; no BUY/SELL; no probability of success
B6FC_20260506_0017_C1B95BDE,2026-05-06,2026-05-06T00:17:00+00:00,2026-05-06T00:18:00+00:00,ASIAN_SESSION,RECOVERED_EXISTING_B9_SUMMARY,RECOVERED_EXISTING_B9_SUMMARY,M1_BAR_PROXY,RECONSTRUCTED,0.35,RECOVERED_FRICTION_ABSORPTION_LIKE,"Flux mixte: conserver comme lecture de contexte, pas comme décision.","Base scene: Flux mixte: conserver comme lecture de contexte, pas comme décision. (RECOVERED_FRICTION_ABSORPTION_LIKE).","Reaction raw frictionnelle: activite lisible avec deplacement contraint, delta 2.3 pips, range 2.9 pips, 70 ticks.",Projection directionnelle lisible: delta/range=0.79.,"KEEP nuance: scene utile, raw nuance la lecture sans la durcir en confirmation.",NUANCED_BY_RAW,NUANCED_BY_RAW,NUANCED_BY_RAW,0.860,SOURCE_QUALITY_STRONG,SOURCE_QUALITY_STRONG,0.950,B6_KEEP_CANDIDATE,RAW_FRICTION_CONFIRMED,2.3,2.9,70,FRICTION_ABSORPTION_MEMORY,FRICTION_ABSORPTION_MEMORY|RECOVERED_EXISTING_B9_SUMMARY|M1_BAR_PROXY|NUANCED_BY_RAW|RAW_FRICTION_CONFIRMED|SOURCE_QUALITY_STRONG,KEEP memoire: FRICTION_ABSORPTION_MEMORY; KEEP nuance: raw nuance la scene mais qualite/texture suffisantes pour comparaison B6; provenance RECOVERED_EXISTING_B9_SUMMARY; score memoire 0.950.,"Comparer les scenes d'effort visible sans resultat directionnel propre, absorption ou friction locale.",family=FRICTION_ABSORPTION_MEMORY; session=ASIAN_SESSION; raw_texture=RAW_FRICTION_CONFIRMED; raw_agreement=NUANCED_BY_RAW; source_quality=SOURCE_QUALITY_STRONG; source_family=RECOVERED_EXISTING_B9_SUMMARY; source_mode=M1_BAR_PROXY,RECOVERED_EXISTING_B9_SUMMARY: recovered explicit B9 moments; shift0 raw alignment; proxy/reconstructed reading; not full footprint claim; NUANCED_BY_RAW: useful but not hard-confirmed raw; source_quality_raw=RECOVERED_EXISTING_B9_SUMMARY_SHIFT0_FULL_RAW_ALIGNMENT; confidence_cap=0.35; read-only; no DB write; no dashboard; no Telegram; no BUY/SELL; T0113 film card is comparative memory only; no prediction; no BUY/SELL; no probability of success
B6FC_20260506_0018_BCE6EBD7,2026-05-06,2026-05-06T00:18:00+00:00,2026-05-06T00:19:00+00:00,ASIAN_SESSION,RECOVERED_EXISTING_B9_SUMMARY,RECOVERED_EXISTING_B9_SUMMARY,M1_BAR_PROXY,RECONSTRUCTED,0.35,RECOVERED_FRICTION_ABSORPTION_LIKE,"Flux mixte: conserver comme lecture de contexte, pas comme décision.","Base scene: Flux mixte: conserver comme lecture de contexte, pas comme décision. (RECOVERED_FRICTION_ABSORPTION_LIKE).","Reaction raw frictionnelle: activite lisible avec deplacement contraint, delta 0.2 pips, range 1.2 pips, 49 ticks.","Projection faible: effort/rotation absorbe le deplacement, delta/range=0.17.","KEEP nuance: scene utile, raw nuance la lecture sans la durcir en confirmation.",NUANCED_BY_RAW,NUANCED_BY_RAW,NUANCED_BY_RAW,0.860,SOURCE_QUALITY_STRONG,SOURCE_QUALITY_STRONG,0.950,B6_KEEP_CANDIDATE,RAW_FRICTION_CONFIRMED,0.2,1.2,49,FRICTION_ABSORPTION_MEMORY,FRICTION_ABSORPTION_MEMORY|RECOVERED_EXISTING_B9_SUMMARY|M1_BAR_PROXY|NUANCED_BY_RAW|RAW_FRICTION_CONFIRMED|SOURCE_QUALITY_STRONG,KEEP memoire: FRICTION_ABSORPTION_MEMORY; KEEP nuance: raw nuance la scene mais qualite/texture suffisantes pour comparaison B6; provenance RECOVERED_EXISTING_B9_SUMMARY; score memoire 0.950.,"Comparer les scenes d'effort visible sans resultat directionnel propre, absorption ou friction locale.",family=FRICTION_ABSORPTION_MEMORY; session=ASIAN_SESSION; raw_texture=RAW_FRICTION_CONFIRMED; raw_agreement=NUANCED_BY_RAW; source_quality=SOURCE_QUALITY_STRONG; source_family=RECOVERED_EXISTING_B9_SUMMARY; source_mode=M1_BAR_PROXY,RECOVERED_EXISTING_B9_SUMMARY: recovered explicit B9 moments; shift0 raw alignment; proxy/reconstructed reading; not full footprint claim; NUANCED_BY_RAW: useful but not hard-confirmed raw; source_quality_raw=RECOVERED_EXISTING_B9_SUMMARY_SHIFT0_FULL_RAW_ALIGNMENT; confidence_cap=0.35; read-only; no DB write; no dashboard; no Telegram; no BUY/SELL; T0113 film card is comparative memory only; no prediction; no BUY/SELL; no probability of success
B6FC_20260506_0019_1956DB58,2026-05-06,2026-05-06T00:19:00+00:00,2026-05-06T00:20:00+00:00,ASIAN_SESSION,RECOVERED_EXISTING_B9_SUMMARY,RECOVERED_EXISTING_B9_SUMMARY,M1_BAR_PROXY,RECONSTRUCTED,0.35,RECOVERED_FRICTION_ABSORPTION_LIKE,Friction type absorption: effort visible sans résultat directionnel propre.,Base scene: Friction type absorption: effort visible sans résultat directionnel propre. (RECOVERED_FRICTION_ABSORPTION_LIKE).,"Reaction raw frictionnelle: activite lisible avec deplacement contraint, delta 1.7 pips, range 4 pips, 82 ticks.","Projection partielle: mouvement utile mais encore nuance par la texture, delta/range=0.42.","KEEP nuance: scene utile, raw nuance la lecture sans la durcir en confirmation.",NUANCED_BY_RAW,NUANCED_BY_RAW,NUANCED_BY_RAW,0.860,SOURCE_QUALITY_STRONG,SOURCE_QUALITY_STRONG,0.950,B6_KEEP_CANDIDATE,RAW_FRICTION_CONFIRMED,1.7,4.0,82,FRICTION_ABSORPTION_MEMORY,FRICTION_ABSORPTION_MEMORY|RECOVERED_EXISTING_B9_SUMMARY|M1_BAR_PROXY|NUANCED_BY_RAW|RAW_FRICTION_CONFIRMED|SOURCE_QUALITY_STRONG,KEEP memoire: FRICTION_ABSORPTION_MEMORY; KEEP nuance: raw nuance la scene mais qualite/texture suffisantes pour comparaison B6; provenance RECOVERED_EXISTING_B9_SUMMARY; score memoire 0.950.,"Comparer les scenes d'effort visible sans resultat directionnel propre, absorption ou friction locale.",family=FRICTION_ABSORPTION_MEMORY; session=ASIAN_SESSION; raw_texture=RAW_FRICTION_CONFIRMED; raw_agreement=NUANCED_BY_RAW; source_quality=SOURCE_QUALITY_STRONG; source_family=RECOVERED_EXISTING_B9_SUMMARY; source_mode=M1_BAR_PROXY,RECOVERED_EXISTING_B9_SUMMARY: recovered explicit B9 moments; shift0 raw alignment; proxy/reconstructed reading; not full footprint claim; NUANCED_BY_RAW: useful but not hard-confirmed raw; source_quality_raw=RECOVERED_EXISTING_B9_SUMMARY_SHIFT0_FULL_RAW_ALIGNMENT; confidence_cap=0.35; read-only; no DB write; no dashboard; no Telegram; no BUY/SELL; T0113 film card is comparative memory only; no prediction; no BUY/SELL; no probability of success
B6FC_20260506_0020_C047B043,2026-05-06,2026-05-06T00:20:00+00:00,2026-05-06T00:21:00+00:00,ASIAN_SESSION,RECOVERED_EXISTING_B9_SUMMARY,RECOVERED_EXISTING_B9_SUMMARY,M1_BAR_PROXY,RECONSTRUCTED,0.35,RECOVERED_FRICTION_ABSORPTION_LIKE,"Flux mixte: conserver comme lecture de contexte, pas comme décision.","Base scene: Flux mixte: conserver comme lecture de contexte, pas comme décision. (RECOVERED_FRICTION_ABSORPTION_LIKE).","Reaction raw frictionnelle: activite lisible avec deplacement contraint, delta -2.1 pips, range 2.2 pips, 81 ticks.",Projection directionnelle lisible: delta/range=0.95.,"KEEP nuance: scene utile, raw nuance la lecture sans la durcir en confirmation.",NUANCED_BY_RAW,NUANCED_BY_RAW,NUANCED_BY_RAW,0.860,SOURCE_QUALITY_STRONG,SOURCE_QUALITY_STRONG,0.950,B6_KEEP_CANDIDATE,RAW_FRICTION_CONFIRMED,-2.1,2.2,81,FRICTION_ABSORPTION_MEMORY,FRICTION_ABSORPTION_MEMORY|RECOVERED_EXISTING_B9_SUMMARY|M1_BAR_PROXY|NUANCED_BY_RAW|RAW_FRICTION_CONFIRMED|SOURCE_QUALITY_STRONG,KEEP memoire: FRICTION_ABSORPTION_MEMORY; KEEP nuance: raw nuance la scene mais qualite/texture suffisantes pour comparaison B6; provenance RECOVERED_EXISTING_B9_SUMMARY; score memoire 0.950.,"Comparer les scenes d'effort visible sans resultat directionnel propre, absorption ou friction locale.",family=FRICTION_ABSORPTION_MEMORY; session=ASIAN_SESSION; raw_texture=RAW_FRICTION_CONFIRMED; raw_agreement=NUANCED_BY_RAW; source_quality=SOURCE_QUALITY_STRONG; source_family=RECOVERED_EXISTING_B9_SUMMARY; source_mode=M1_BAR_PROXY,RECOVERED_EXISTING_B9_SUMMARY: recovered explicit B9 moments; shift0 raw alignment; proxy/reconstructed reading; not full footprint claim; NUANCED_BY_RAW: useful but not hard-confirmed raw; source_quality_raw=RECOVERED_EXISTING_B9_SUMMARY_SHIFT0_FULL_RAW_ALIGNMENT; confidence_cap=0.35; read-only; no DB write; no dashboard; no Telegram; no BUY/SELL; T0113 film card is comparative memory only; no prediction; no BUY/SELL; no probability of success
B6FC_20260506_0021_299BEFA1,2026-05-06,2026-05-06T00:21:00+00:00,2026-05-06T00:22:00+00:00,ASIAN_SESSION,RECOVERED_EXISTING_B9_SUMMARY,RECOVERED_EXISTING_B9_SUMMARY,M1_BAR_PROXY,RECONSTRUCTED,0.35,RECOVERED_FRICTION_ABSORPTION_LIKE,"Flux mixte: conserver comme lecture de contexte, pas comme décision.","Base scene: Flux mixte: conserver comme lecture de contexte, pas comme décision. (RECOVERED_FRICTION_ABSORPTION_LIKE).","Reaction raw frictionnelle: activite lisible avec deplacement contraint, delta 2.1 pips, range 3.5 pips, 69 ticks.","Projection partielle: mouvement utile mais encore nuance par la texture, delta/range=0.60.","KEEP nuance: scene utile, raw nuance la lecture sans la durcir en confirmation.",NUANCED_BY_RAW,NUANCED_BY_RAW,NUANCED_BY_RAW,0.860,SOURCE_QUALITY_STRONG,SOURCE_QUALITY_STRONG,0.950,B6_KEEP_CANDIDATE,RAW_FRICTION_CONFIRMED,2.1,3.5,69,FRICTION_ABSORPTION_MEMORY,FRICTION_ABSORPTION_MEMORY|RECOVERED_EXISTING_B9_SUMMARY|M1_BAR_PROXY|NUANCED_BY_RAW|RAW_FRICTION_CONFIRMED|SOURCE_QUALITY_STRONG,KEEP memoire: FRICTION_ABSORPTION_MEMORY; KEEP nuance: raw nuance la scene mais qualite/texture suffisantes pour comparaison B6; provenance RECOVERED_EXISTING_B9_SUMMARY; score memoire 0.950.,"Comparer les scenes d'effort visible sans resultat directionnel propre, absorption ou friction locale.",family=FRICTION_ABSORPTION_MEMORY; session=ASIAN_SESSION; raw_texture=RAW_FRICTION_CONFIRMED; raw_agreement=NUANCED_BY_RAW; source_quality=SOURCE_QUALITY_STRONG; source_family=RECOVERED_EXISTING_B9_SUMMARY; source_mode=M1_BAR_PROXY,RECOVERED_EXISTING_B9_SUMMARY: recovered explicit B9 moments; shift0 raw alignment; proxy/reconstructed reading; not full footprint claim; NUANCED_BY_RAW: useful but not hard-confirmed raw; source_quality_raw=RECOVERED_EXISTING_B9_SUMMARY_SHIFT0_FULL_RAW_ALIGNMENT; confidence_cap=0.35; read-only; no DB write; no dashboard; no Telegram; no BUY/SELL; T0113 film card is comparative memory only; no prediction; no BUY/SELL; no probability of success
B6FC_20260506_0022_AD138F45,2026-05-06,2026-05-06T00:22:00+00:00,2026-05-06T00:23:00+00:00,ASIAN_SESSION,RECOVERED_EXISTING_B9_SUMMARY,RECOVERED_EXISTING_B9_SUMMARY,M1_BAR_PROXY,RECONSTRUCTED,0.35,RECOVERED_FRICTION_ABSORPTION_LIKE,"Flux mixte: conserver comme lecture de contexte, pas comme décision.","Base scene: Flux mixte: conserver comme lecture de contexte, pas comme décision. (RECOVERED_FRICTION_ABSORPTION_LIKE).","Reaction raw frictionnelle: activite lisible avec deplacement contraint, delta -0.3 pips, range 0.9 pips, 61 ticks.","Projection partielle: mouvement utile mais encore nuance par la texture, delta/range=0.33.","KEEP nuance: scene utile, raw nuance la lecture sans la durcir en confirmation.",NUANCED_BY_RAW,NUANCED_BY_RAW,NUANCED_BY_RAW,0.860,SOURCE_QUALITY_STRONG,SOURCE_QUALITY_STRONG,0.950,B6_KEEP_CANDIDATE,RAW_FRICTION_CONFIRMED,-0.3,0.9,61,FRICTION_ABSORPTION_MEMORY,FRICTION_ABSORPTION_MEMORY|RECOVERED_EXISTING_B9_SUMMARY|M1_BAR_PROXY|NUANCED_BY_RAW|RAW_FRICTION_CONFIRMED|SOURCE_QUALITY_STRONG,KEEP memoire: FRICTION_ABSORPTION_MEMORY; KEEP nuance: raw nuance la scene mais qualite/texture suffisantes pour comparaison B6; provenance RECOVERED_EXISTING_B9_SUMMARY; score memoire 0.950.,"Comparer les scenes d'effort visible sans resultat directionnel propre, absorption ou friction locale.",family=FRICTION_ABSORPTION_MEMORY; session=ASIAN_SESSION; raw_texture=RAW_FRICTION_CONFIRMED; raw_agreement=NUANCED_BY_RAW; source_quality=SOURCE_QUALITY_STRONG; source_family=RECOVERED_EXISTING_B9_SUMMARY; source_mode=M1_BAR_PROXY,RECOVERED_EXISTING_B9_SUMMARY: recovered explicit B9 moments; shift0 raw alignment; proxy/reconstructed reading; not full footprint claim; NUANCED_BY_RAW: useful but not hard-confirmed raw; source_quality_raw=RECOVERED_EXISTING_B9_SUMMARY_SHIFT0_FULL_RAW_ALIGNMENT; confidence_cap=0.35; read-only; no DB write; no dashboard; no Telegram; no BUY/SELL; T0113 film card is comparative memory only; no prediction; no BUY/SELL; no probability of success
B6FC_20260506_0023_2B8F609D,2026-05-06,2026-05-06T00:23:00+00:00,2026-05-06T00:24:00+00:00,ASIAN_SESSION,RECOVERED_EXISTING_B9_SUMMARY,RECOVERED_EXISTING_B9_SUMMARY,M1_BAR_PROXY,RECONSTRUCTED,0.35,RECOVERED_FRICTION_ABSORPTION_LIKE,"Flux mixte: conserver comme lecture de contexte, pas comme décision.","Base scene: Flux mixte: conserver comme lecture de contexte, pas comme décision. (RECOVERED_FRICTION_ABSORPTION_LIKE).","Reaction raw frictionnelle: activite lisible avec deplacement contraint, delta 0.2 pips, range 0.7 pips, 38 ticks.","Projection partielle: mouvement utile mais encore nuance par la texture, delta/range=0.29.","KEEP nuance: scene utile, raw nuance la lecture sans la durcir en confirmation.",NUANCED_BY_RAW,NUANCED_BY_RAW,NUANCED_BY_RAW,0.860,SOURCE_QUALITY_STRONG,SOURCE_QUALITY_STRONG,0.950,B6_KEEP_CANDIDATE,RAW_FRICTION_CONFIRMED,0.2,0.7,38,FRICTION_ABSORPTION_MEMORY,FRICTION_ABSORPTION_MEMORY|RECOVERED_EXISTING_B9_SUMMARY|M1_BAR_PROXY|NUANCED_BY_RAW|RAW_FRICTION_CONFIRMED|SOURCE_QUALITY_STRONG,KEEP memoire: FRICTION_ABSORPTION_MEMORY; KEEP nuance: raw nuance la scene mais qualite/texture suffisantes pour comparaison B6; provenance RECOVERED_EXISTING_B9_SUMMARY; score memoire 0.950.,"Comparer les scenes d'effort visible sans resultat directionnel propre, absorption ou friction locale.",family=FRICTION_ABSORPTION_MEMORY; session=ASIAN_SESSION; raw_texture=RAW_FRICTION_CONFIRMED; raw_agreement=NUANCED_BY_RAW; source_quality=SOURCE_QUALITY_STRONG; source_family=RECOVERED_EXISTING_B9_SUMMARY; source_mode=M1_BAR_PROXY,RECOVERED_EXISTING_B9_SUMMARY: recovered explicit B9 moments; shift0 raw alignment; proxy/reconstructed reading; not full footprint claim; NUANCED_BY_RAW: useful but not hard-confirmed raw; source_quality_raw=RECOVERED_EXISTING_B9_SUMMARY_SHIFT0_FULL_RAW_ALIGNMENT; confidence_cap=0.35; read-only; no DB write; no dashboard; no Telegram; no BUY/SELL; T0113 film card is comparative memory only; no prediction; no BUY/SELL; no probability of success
B6FC_20260506_0024_413B89F3,2026-05-06,2026-05-06T00:24:00+00:00,2026-05-06T00:25:00+00:00,ASIAN_SESSION,RECOVERED_EXISTING_B9_SUMMARY,RECOVERED_EXISTING_B9_SUMMARY,M1_BAR_PROXY,RECONSTRUCTED,0.35,RECOVERED_FRICTION_ABSORPTION_LIKE,"Flux mixte: conserver comme lecture de contexte, pas comme décision.","Base scene: Flux mixte: conserver comme lecture de contexte, pas comme décision. (RECOVERED_FRICTION_ABSORPTION_LIKE).","Reaction raw frictionnelle: activite lisible avec deplacement contraint, delta 2 pips, range 2.1 pips, 69 ticks.",Projection directionnelle lisible: delta/range=0.95.,"KEEP nuance: scene utile, raw nuance la lecture sans la durcir en confirmation.",NUANCED_BY_RAW,NUANCED_BY_RAW,NUANCED_BY_RAW,0.860,SOURCE_QUALITY_STRONG,SOURCE_QUALITY_STRONG,0.950,B6_KEEP_CANDIDATE,RAW_FRICTION_CONFIRMED,2.0,2.1,69,FRICTION_ABSORPTION_MEMORY,FRICTION_ABSORPTION_MEMORY|RECOVERED_EXISTING_B9_SUMMARY|M1_BAR_PROXY|NUANCED_BY_RAW|RAW_FRICTION_CONFIRMED|SOURCE_QUALITY_STRONG,KEEP memoire: FRICTION_ABSORPTION_MEMORY; KEEP nuance: raw nuance la scene mais qualite/texture suffisantes pour comparaison B6; provenance RECOVERED_EXISTING_B9_SUMMARY; score memoire 0.950.,"Comparer les scenes d'effort visible sans resultat directionnel propre, absorption ou friction locale.",family=FRICTION_ABSORPTION_MEMORY; session=ASIAN_SESSION; raw_texture=RAW_FRICTION_CONFIRMED; raw_agreement=NUANCED_BY_RAW; source_quality=SOURCE_QUALITY_STRONG; source_family=RECOVERED_EXISTING_B9_SUMMARY; source_mode=M1_BAR_PROXY,RECOVERED_EXISTING_B9_SUMMARY: recovered explicit B9 moments; shift0 raw alignment; proxy/reconstructed reading; not full footprint claim; NUANCED_BY_RAW: useful but not hard-confirmed raw; source_quality_raw=RECOVERED_EXISTING_B9_SUMMARY_SHIFT0_FULL_RAW_ALIGNMENT; confidence_cap=0.35; read-only; no DB write; no dashboard; no Telegram; no BUY/SELL; T0113 film card is comparative memory only; no prediction; no BUY/SELL; no probability of success
B6FC_20260506_0025_A7FC9144,2026-05-06,2026-05-06T00:25:00+00:00,2026-05-06T00:26:00+00:00,ASIAN_SESSION,RECOVERED_EXISTING_B9_SUMMARY,RECOVERED_EXISTING_B9_SUMMARY,M1_BAR_PROXY,RECONSTRUCTED,0.35,RECOVERED_FRICTION_ABSORPTION_LIKE,"Flux mixte: conserver comme lecture de contexte, pas comme décision.","Base scene: Flux mixte: conserver comme lecture de contexte, pas comme décision. (RECOVERED_FRICTION_ABSORPTION_LIKE).","Reaction raw frictionnelle: activite lisible avec deplacement contraint, delta -1.8 pips, range 2.7 pips, 71 ticks.",Projection directionnelle lisible: delta/range=0.67.,"KEEP nuance: scene utile, raw nuance la lecture sans la durcir en confirmation.",NUANCED_BY_RAW,NUANCED_BY_RAW,NUANCED_BY_RAW,0.860,SOURCE_QUALITY_STRONG,SOURCE_QUALITY_STRONG,0.950,B6_KEEP_CANDIDATE,RAW_FRICTION_CONFIRMED,-1.8,2.7,71,FRICTION_ABSORPTION_MEMORY,FRICTION_ABSORPTION_MEMORY|RECOVERED_EXISTING_B9_SUMMARY|M1_BAR_PROXY|NUANCED_BY_RAW|RAW_FRICTION_CONFIRMED|SOURCE_QUALITY_STRONG,KEEP memoire: FRICTION_ABSORPTION_MEMORY; KEEP nuance: raw nuance la scene mais qualite/texture suffisantes pour comparaison B6; provenance RECOVERED_EXISTING_B9_SUMMARY; score memoire 0.950.,"Comparer les scenes d'effort visible sans resultat directionnel propre, absorption ou friction locale.",family=FRICTION_ABSORPTION_MEMORY; session=ASIAN_SESSION; raw_texture=RAW_FRICTION_CONFIRMED; raw_agreement=NUANCED_BY_RAW; source_quality=SOURCE_QUALITY_STRONG; source_family=RECOVERED_EXISTING_B9_SUMMARY; source_mode=M1_BAR_PROXY,RECOVERED_EXISTING_B9_SUMMARY: recovered explicit B9 moments; shift0 raw alignment; proxy/reconstructed reading; not full footprint claim; NUANCED_BY_RAW: useful but not hard-confirmed raw; source_quality_raw=RECOVERED_EXISTING_B9_SUMMARY_SHIFT0_FULL_RAW_ALIGNMENT; confidence_cap=0.35; read-only; no DB write; no dashboard; no Telegram; no BUY/SELL; T0113 film card is comparative memory only; no prediction; no BUY/SELL; no probability of success
B6FC_20260506_0026_82FB3F9A,2026-05-06,2026-05-06T00:26:00+00:00,2026-05-06T00:27:00+00:00,ASIAN_SESSION,RECOVERED_EXISTING_B9_SUMMARY,RECOVERED_EXISTING_B9_SUMMARY,M1_BAR_PROXY,RECONSTRUCTED,0.35,RECOVERED_FRICTION_ABSORPTION_LIKE,"Flux mixte: conserver comme lecture de contexte, pas comme décision.","Base scene: Flux mixte: conserver comme lecture de contexte, pas comme décision. (RECOVERED_FRICTION_ABSORPTION_LIKE).","Reaction raw frictionnelle: activite lisible avec deplacement contraint, delta -2.1 pips, range 3.3 pips, 76 ticks.","Projection partielle: mouvement utile mais encore nuance par la texture, delta/range=0.64.","KEEP nuance: scene utile, raw nuance la lecture sans la durcir en confirmation.",NUANCED_BY_RAW,NUANCED_BY_RAW,NUANCED_BY_RAW,0.860,SOURCE_QUALITY_STRONG,SOURCE_QUALITY_STRONG,0.950,B6_KEEP_CANDIDATE,RAW_FRICTION_CONFIRMED,-2.1,3.3,76,FRICTION_ABSORPTION_MEMORY,FRICTION_ABSORPTION_MEMORY|RECOVERED_EXISTING_B9_SUMMARY|M1_BAR_PROXY|NUANCED_BY_RAW|RAW_FRICTION_CONFIRMED|SOURCE_QUALITY_STRONG,KEEP memoire: FRICTION_ABSORPTION_MEMORY; KEEP nuance: raw nuance la scene mais qualite/texture suffisantes pour comparaison B6; provenance RECOVERED_EXISTING_B9_SUMMARY; score memoire 0.950.,"Comparer les scenes d'effort visible sans resultat directionnel propre, absorption ou friction locale.",family=FRICTION_ABSORPTION_MEMORY; session=ASIAN_SESSION; raw_texture=RAW_FRICTION_CONFIRMED; raw_agreement=NUANCED_BY_RAW; source_quality=SOURCE_QUALITY_STRONG; source_family=RECOVERED_EXISTING_B9_SUMMARY; source_mode=M1_BAR_PROXY,RECOVERED_EXISTING_B9_SUMMARY: recovered explicit B9 moments; shift0 raw alignment; proxy/reconstructed reading; not full footprint claim; NUANCED_BY_RAW: useful but not hard-confirmed raw; source_quality_raw=RECOVERED_EXISTING_B9_SUMMARY_SHIFT0_FULL_RAW_ALIGNMENT; confidence_cap=0.35; read-only; no DB write; no dashboard; no Telegram; no BUY/SELL; T0113 film card is comparative memory only; no prediction; no BUY/SELL; no probability of success
B6FC_20260506_0027_4170C059,2026-05-06,2026-05-06T00:27:00+00:00,2026-05-06T00:28:00+00:00,ASIAN_SESSION,RECOVERED_EXISTING_B9_SUMMARY,RECOVERED_EXISTING_B9_SUMMARY,M1_BAR_PROXY,RECONSTRUCTED,0.35,RECOVERED_FRICTION_ABSORPTION_LIKE,"Flux mixte: conserver comme lecture de contexte, pas comme décision.","Base scene: Flux mixte: conserver comme lecture de contexte, pas comme décision. (RECOVERED_FRICTION_ABSORPTION_LIKE).","Reaction raw frictionnelle: activite lisible avec deplacement contraint, delta 0.4 pips, range 1.3 pips, 63 ticks.","Projection partielle: mouvement utile mais encore nuance par la texture, delta/range=0.31.","KEEP nuance: scene utile, raw nuance la lecture sans la durcir en confirmation.",NUANCED_BY_RAW,NUANCED_BY_RAW,NUANCED_BY_RAW,0.860,SOURCE_QUALITY_STRONG,SOURCE_QUALITY_STRONG,0.950,B6_KEEP_CANDIDATE,RAW_FRICTION_CONFIRMED,0.4,1.3,63,FRICTION_ABSORPTION_MEMORY,FRICTION_ABSORPTION_MEMORY|RECOVERED_EXISTING_B9_SUMMARY|M1_BAR_PROXY|NUANCED_BY_RAW|RAW_FRICTION_CONFIRMED|SOURCE_QUALITY_STRONG,KEEP memoire: FRICTION_ABSORPTION_MEMORY; KEEP nuance: raw nuance la scene mais qualite/texture suffisantes pour comparaison B6; provenance RECOVERED_EXISTING_B9_SUMMARY; score memoire 0.950.,"Comparer les scenes d'effort visible sans resultat directionnel propre, absorption ou friction locale.",family=FRICTION_ABSORPTION_MEMORY; session=ASIAN_SESSION; raw_texture=RAW_FRICTION_CONFIRMED; raw_agreement=NUANCED_BY_RAW; source_quality=SOURCE_QUALITY_STRONG; source_family=RECOVERED_EXISTING_B9_SUMMARY; source_mode=M1_BAR_PROXY,RECOVERED_EXISTING_B9_SUMMARY: recovered explicit B9 moments; shift0 raw alignment; proxy/reconstructed reading; not full footprint claim; NUANCED_BY_RAW: useful but not hard-confirmed raw; source_quality_raw=RECOVERED_EXISTING_B9_SUMMARY_SHIFT0_FULL_RAW_ALIGNMENT; confidence_cap=0.35; read-only; no DB write; no dashboard; no Telegram; no BUY/SELL; T0113 film card is comparative memory only; no prediction; no BUY/SELL; no probability of success
B6FC_20260506_0028_65EF93DE,2026-05-06,2026-05-06T00:28:00+00:00,2026-05-06T00:29:00+00:00,ASIAN_SESSION,RECOVERED_EXISTING_B9_SUMMARY,RECOVERED_EXISTING_B9_SUMMARY,M1_BAR_PROXY,RECONSTRUCTED,0.35,RECOVERED_FRICTION_ABSORPTION_LIKE,"Flux mixte: conserver comme lecture de contexte, pas comme décision.","Base scene: Flux mixte: conserver comme lecture de contexte, pas comme décision. (RECOVERED_FRICTION_ABSORPTION_LIKE).","Reaction raw frictionnelle: activite lisible avec deplacement contraint, delta -1.5 pips, range 1.5 pips, 81 ticks.",Projection directionnelle lisible: delta/range=1.00.,"KEEP nuance: scene utile, raw nuance la lecture sans la durcir en confirmation.",NUANCED_BY_RAW,NUANCED_BY_RAW,NUANCED_BY_RAW,0.860,SOURCE_QUALITY_STRONG,SOURCE_QUALITY_STRONG,0.950,B6_KEEP_CANDIDATE,RAW_FRICTION_CONFIRMED,-1.5,1.5,81,FRICTION_ABSORPTION_MEMORY,FRICTION_ABSORPTION_MEMORY|RECOVERED_EXISTING_B9_SUMMARY|M1_BAR_PROXY|NUANCED_BY_RAW|RAW_FRICTION_CONFIRMED|SOURCE_QUALITY_STRONG,KEEP memoire: FRICTION_ABSORPTION_MEMORY; KEEP nuance: raw nuance la scene mais qualite/texture suffisantes pour comparaison B6; provenance RECOVERED_EXISTING_B9_SUMMARY; score memoire 0.950.,"Comparer les scenes d'effort visible sans resultat directionnel propre, absorption ou friction locale.",family=FRICTION_ABSORPTION_MEMORY; session=ASIAN_SESSION; raw_texture=RAW_FRICTION_CONFIRMED; raw_agreement=NUANCED_BY_RAW; source_quality=SOURCE_QUALITY_STRONG; source_family=RECOVERED_EXISTING_B9_SUMMARY; source_mode=M1_BAR_PROXY,RECOVERED_EXISTING_B9_SUMMARY: recovered explicit B9 moments; shift0 raw alignment; proxy/reconstructed reading; not full footprint claim; NUANCED_BY_RAW: useful but not hard-confirmed raw; source_quality_raw=RECOVERED_EXISTING_B9_SUMMARY_SHIFT0_FULL_RAW_ALIGNMENT; confidence_cap=0.35; read-only; no DB write; no dashboard; no Telegram; no BUY/SELL; T0113 film card is comparative memory only; no prediction; no BUY/SELL; no probability of success
B6FC_20260506_0029_0BB62E0F,2026-05-06,2026-05-06T00:29:00+00:00,2026-05-06T00:30:00+00:00,ASIAN_SESSION,RECOVERED_EXISTING_B9_SUMMARY,RECOVERED_EXISTING_B9_SUMMARY,M1_BAR_PROXY,RECONSTRUCTED,0.35,RECOVERED_FRICTION_ABSORPTION_LIKE,"Flux mixte: conserver comme lecture de contexte, pas comme décision.","Base scene: Flux mixte: conserver comme lecture de contexte, pas comme décision. (RECOVERED_FRICTION_ABSORPTION_LIKE).","Reaction raw frictionnelle: activite lisible avec deplacement contraint, delta 0.7 pips, range 1.2 pips, 60 ticks.","Projection partielle: mouvement utile mais encore nuance par la texture, delta/range=0.58.","KEEP nuance: scene utile, raw nuance la lecture sans la durcir en confirmation.",NUANCED_BY_RAW,NUANCED_BY_RAW,NUANCED_BY_RAW,0.860,SOURCE_QUALITY_STRONG,SOURCE_QUALITY_STRONG,0.950,B6_KEEP_CANDIDATE,RAW_FRICTION_CONFIRMED,0.7,1.2,60,FRICTION_ABSORPTION_MEMORY,FRICTION_ABSORPTION_MEMORY|RECOVERED_EXISTING_B9_SUMMARY|M1_BAR_PROXY|NUANCED_BY_RAW|RAW_FRICTION_CONFIRMED|SOURCE_QUALITY_STRONG,KEEP memoire: FRICTION_ABSORPTION_MEMORY; KEEP nuance: raw nuance la scene mais qualite/texture suffisantes pour comparaison B6; provenance RECOVERED_EXISTING_B9_SUMMARY; score memoire 0.950.,"Comparer les scenes d'effort visible sans resultat directionnel propre, absorption ou friction locale.",family=FRICTION_ABSORPTION_MEMORY; session=ASIAN_SESSION; raw_texture=RAW_FRICTION_CONFIRMED; raw_agreement=NUANCED_BY_RAW; source_quality=SOURCE_QUALITY_STRONG; source_family=RECOVERED_EXISTING_B9_SUMMARY; source_mode=M1_BAR_PROXY,RECOVERED_EXISTING_B9_SUMMARY: recovered explicit B9 moments; shift0 raw alignment; proxy/reconstructed reading; not full footprint claim; NUANCED_BY_RAW: useful but not hard-confirmed raw; source_quality_raw=RECOVERED_EXISTING_B9_SUMMARY_SHIFT0_FULL_RAW_ALIGNMENT; confidence_cap=0.35; read-only; no DB write; no dashboard; no Telegram; no BUY/SELL; T0113 film card is comparative memory only; no prediction; no BUY/SELL; no probability of success
B6FC_20260506_0030_0CB58796,2026-05-06,2026-05-06T00:30:00+00:00,2026-05-06T00:31:00+00:00,ASIAN_SESSION,RECOVERED_EXISTING_B9_SUMMARY,RECOVERED_EXISTING_B9_SUMMARY,M1_BAR_PROXY,RECONSTRUCTED,0.35,RECOVERED_FRICTION_ABSORPTION_LIKE,"Flux mixte: conserver comme lecture de contexte, pas comme décision.","Base scene: Flux mixte: conserver comme lecture de contexte, pas comme décision. (RECOVERED_FRICTION_ABSORPTION_LIKE).","Reaction raw frictionnelle: activite lisible avec deplacement contraint, delta 2.1 pips, range 2.8 pips, 75 ticks.",Projection directionnelle lisible: delta/range=0.75.,"KEEP nuance: scene utile, raw nuance la lecture sans la durcir en confirmation.",NUANCED_BY_RAW,NUANCED_BY_RAW,NUANCED_BY_RAW,0.860,SOURCE_QUALITY_STRONG,SOURCE_QUALITY_STRONG,0.950,B6_KEEP_CANDIDATE,RAW_FRICTION_CONFIRMED,2.1,2.8,75,FRICTION_ABSORPTION_MEMORY,FRICTION_ABSORPTION_MEMORY|RECOVERED_EXISTING_B9_SUMMARY|M1_BAR_PROXY|NUANCED_BY_RAW|RAW_FRICTION_CONFIRMED|SOURCE_QUALITY_STRONG,KEEP memoire: FRICTION_ABSORPTION_MEMORY; KEEP nuance: raw nuance la scene mais qualite/texture suffisantes pour comparaison B6; provenance RECOVERED_EXISTING_B9_SUMMARY; score memoire 0.950.,"Comparer les scenes d'effort visible sans resultat directionnel propre, absorption ou friction locale.",family=FRICTION_ABSORPTION_MEMORY; session=ASIAN_SESSION; raw_texture=RAW_FRICTION_CONFIRMED; raw_agreement=NUANCED_BY_RAW; source_quality=SOURCE_QUALITY_STRONG; source_family=RECOVERED_EXISTING_B9_SUMMARY; source_mode=M1_BAR_PROXY,RECOVERED_EXISTING_B9_SUMMARY: recovered explicit B9 moments; shift0 raw alignment; proxy/reconstructed reading; not full footprint claim; NUANCED_BY_RAW: useful but not hard-confirmed raw; source_quality_raw=RECOVERED_EXISTING_B9_SUMMARY_SHIFT0_FULL_RAW_ALIGNMENT; confidence_cap=0.35; read-only; no DB write; no dashboard; no Telegram; no BUY/SELL; T0113 film card is comparative memory only; no prediction; no BUY/SELL; no probability of success
B6FC_20260506_0031_FB2C5D25,2026-05-06,2026-05-06T00:31:00+00:00,2026-05-06T00:32:00+00:00,ASIAN_SESSION,RECOVERED_EXISTING_B9_SUMMARY,RECOVERED_EXISTING_B9_SUMMARY,M1_BAR_PROXY,RECONSTRUCTED,0.35,RECOVERED_FRICTION_ABSORPTION_LIKE,"Flux mixte: conserver comme lecture de contexte, pas comme décision.","Base scene: Flux mixte: conserver comme lecture de contexte, pas comme décision. (RECOVERED_FRICTION_ABSORPTION_LIKE).","Reaction raw frictionnelle: activite lisible avec deplacement contraint, delta 2.2 pips, range 2.6 pips, 85 ticks.",Projection directionnelle lisible: delta/range=0.85.,"KEEP nuance: scene utile, raw nuance la lecture sans la durcir en confirmation.",NUANCED_BY_RAW,NUANCED_BY_RAW,NUANCED_BY_RAW,0.860,SOURCE_QUALITY_STRONG,SOURCE_QUALITY_STRONG,0.950,B6_KEEP_CANDIDATE,RAW_FRICTION_CONFIRMED,2.2,2.6,85,FRICTION_ABSORPTION_MEMORY,FRICTION_ABSORPTION_MEMORY|RECOVERED_EXISTING_B9_SUMMARY|M1_BAR_PROXY|NUANCED_BY_RAW|RAW_FRICTION_CONFIRMED|SOURCE_QUALITY_STRONG,KEEP memoire: FRICTION_ABSORPTION_MEMORY; KEEP nuance: raw nuance la scene mais qualite/texture suffisantes pour comparaison B6; provenance RECOVERED_EXISTING_B9_SUMMARY; score memoire 0.950.,"Comparer les scenes d'effort visible sans resultat directionnel propre, absorption ou friction locale.",family=FRICTION_ABSORPTION_MEMORY; session=ASIAN_SESSION; raw_texture=RAW_FRICTION_CONFIRMED; raw_agreement=NUANCED_BY_RAW; source_quality=SOURCE_QUALITY_STRONG; source_family=RECOVERED_EXISTING_B9_SUMMARY; source_mode=M1_BAR_PROXY,RECOVERED_EXISTING_B9_SUMMARY: recovered explicit B9 moments; shift0 raw alignment; proxy/reconstructed reading; not full footprint claim; NUANCED_BY_RAW: useful but not hard-confirmed raw; source_quality_raw=RECOVERED_EXISTING_B9_SUMMARY_SHIFT0_FULL_RAW_ALIGNMENT; confidence_cap=0.35; read-only; no DB write; no dashboard; no Telegram; no BUY/SELL; T0113 film card is comparative memory only; no prediction; no BUY/SELL; no probability of success
B6FC_20260506_0032_A34D1BCE,2026-05-06,2026-05-06T00:32:00+00:00,2026-05-06T00:33:00+00:00,ASIAN_SESSION,RECOVERED_EXISTING_B9_SUMMARY,RECOVERED_EXISTING_B9_SUMMARY,M1_BAR_PROXY,RECONSTRUCTED,0.35,RECOVERED_FRICTION_ABSORPTION_LIKE,"Flux mixte: conserver comme lecture de contexte, pas comme décision.","Base scene: Flux mixte: conserver comme lecture de contexte, pas comme décision. (RECOVERED_FRICTION_ABSORPTION_LIKE).","Reaction raw frictionnelle: activite lisible avec deplacement contraint, delta 1.1 pips, range 2.1 pips, 69 ticks.","Projection partielle: mouvement utile mais encore nuance par la texture, delta/range=0.52.","KEEP nuance: scene utile, raw nuance la lecture sans la durcir en confirmation.",NUANCED_BY_RAW,NUANCED_BY_RAW,NUANCED_BY_RAW,0.860,SOURCE_QUALITY_STRONG,SOURCE_QUALITY_STRONG,0.950,B6_KEEP_CANDIDATE,RAW_FRICTION_CONFIRMED,1.1,2.1,69,FRICTION_ABSORPTION_MEMORY,FRICTION_ABSORPTION_MEMORY|RECOVERED_EXISTING_B9_SUMMARY|M1_BAR_PROXY|NUANCED_BY_RAW|RAW_FRICTION_CONFIRMED|SOURCE_QUALITY_STRONG,KEEP memoire: FRICTION_ABSORPTION_MEMORY; KEEP nuance: raw nuance la scene mais qualite/texture suffisantes pour comparaison B6; provenance RECOVERED_EXISTING_B9_SUMMARY; score memoire 0.950.,"Comparer les scenes d'effort visible sans resultat directionnel propre, absorption ou friction locale.",family=FRICTION_ABSORPTION_MEMORY; session=ASIAN_SESSION; raw_texture=RAW_FRICTION_CONFIRMED; raw_agreement=NUANCED_BY_RAW; source_quality=SOURCE_QUALITY_STRONG; source_family=RECOVERED_EXISTING_B9_SUMMARY; source_mode=M1_BAR_PROXY,RECOVERED_EXISTING_B9_SUMMARY: recovered explicit B9 moments; shift0 raw alignment; proxy/reconstructed reading; not full footprint claim; NUANCED_BY_RAW: useful but not hard-confirmed raw; source_quality_raw=RECOVERED_EXISTING_B9_SUMMARY_SHIFT0_FULL_RAW_ALIGNMENT; confidence_cap=0.35; read-only; no DB write; no dashboard; no Telegram; no BUY/SELL; T0113 film card is comparative memory only; no prediction; no BUY/SELL; no probability of success
B6FC_20260506_0033_3FFC9CAD,2026-05-06,2026-05-06T00:33:00+00:00,2026-05-06T00:34:00+00:00,ASIAN_SESSION,RECOVERED_EXISTING_B9_SUMMARY,RECOVERED_EXISTING_B9_SUMMARY,M1_BAR_PROXY,RECONSTRUCTED,0.35,RECOVERED_FRICTION_ABSORPTION_LIKE,"Flux mixte: conserver comme lecture de contexte, pas comme décision.","Base scene: Flux mixte: conserver comme lecture de contexte, pas comme décision. (RECOVERED_FRICTION_ABSORPTION_LIKE).","Reaction raw frictionnelle: activite lisible avec deplacement contraint, delta 0.5 pips, range 1.1 pips, 48 ticks.","Projection partielle: mouvement utile mais encore nuance par la texture, delta/range=0.45.","KEEP nuance: scene utile, raw nuance la lecture sans la durcir en confirmation.",NUANCED_BY_RAW,NUANCED_BY_RAW,NUANCED_BY_RAW,0.860,SOURCE_QUALITY_STRONG,SOURCE_QUALITY_STRONG,0.950,B6_KEEP_CANDIDATE,RAW_FRICTION_CONFIRMED,0.5,1.1,48,FRICTION_ABSORPTION_MEMORY,FRICTION_ABSORPTION_MEMORY|RECOVERED_EXISTING_B9_SUMMARY|M1_BAR_PROXY|NUANCED_BY_RAW|RAW_FRICTION_CONFIRMED|SOURCE_QUALITY_STRONG,KEEP memoire: FRICTION_ABSORPTION_MEMORY; KEEP nuance: raw nuance la scene mais qualite/texture suffisantes pour comparaison B6; provenance RECOVERED_EXISTING_B9_SUMMARY; score memoire 0.950.,"Comparer les scenes d'effort visible sans resultat directionnel propre, absorption ou friction locale.",family=FRICTION_ABSORPTION_MEMORY; session=ASIAN_SESSION; raw_texture=RAW_FRICTION_CONFIRMED; raw_agreement=NUANCED_BY_RAW; source_quality=SOURCE_QUALITY_STRONG; source_family=RECOVERED_EXISTING_B9_SUMMARY; source_mode=M1_BAR_PROXY,RECOVERED_EXISTING_B9_SUMMARY: recovered explicit B9 moments; shift0 raw alignment; proxy/reconstructed reading; not full footprint claim; NUANCED_BY_RAW: useful but not hard-confirmed raw; source_quality_raw=RECOVERED_EXISTING_B9_SUMMARY_SHIFT0_FULL_RAW_ALIGNMENT; confidence_cap=0.35; read-only; no DB write; no dashboard; no Telegram; no BUY/SELL; T0113 film card is comparative memory only; no prediction; no BUY/SELL; no probability of success
B6FC_20260506_0034_F8652F25,2026-05-06,2026-05-06T00:34:00+00:00,2026-05-06T00:35:00+00:00,ASIAN_SESSION,RECOVERED_EXISTING_B9_SUMMARY,RECOVERED_EXISTING_B9_SUMMARY,M1_BAR_PROXY,RECONSTRUCTED,0.35,RECOVERED_FRICTION_ABSORPTION_LIKE,Friction type absorption: effort visible sans résultat directionnel propre.,Base scene: Friction type absorption: effort visible sans résultat directionnel propre. (RECOVERED_FRICTION_ABSORPTION_LIKE).,"Reaction raw frictionnelle: activite lisible avec deplacement contraint, delta 0.2 pips, range 2 pips, 73 ticks.","Projection faible: effort/rotation absorbe le deplacement, delta/range=0.10.","KEEP nuance: scene utile, raw nuance la lecture sans la durcir en confirmation.",NUANCED_BY_RAW,NUANCED_BY_RAW,NUANCED_BY_RAW,0.860,SOURCE_QUALITY_STRONG,SOURCE_QUALITY_STRONG,0.950,B6_KEEP_CANDIDATE,RAW_FRICTION_CONFIRMED,0.2,2.0,73,FRICTION_ABSORPTION_MEMORY,FRICTION_ABSORPTION_MEMORY|RECOVERED_EXISTING_B9_SUMMARY|M1_BAR_PROXY|NUANCED_BY_RAW|RAW_FRICTION_CONFIRMED|SOURCE_QUALITY_STRONG,KEEP memoire: FRICTION_ABSORPTION_MEMORY; KEEP nuance: raw nuance la scene mais qualite/texture suffisantes pour comparaison B6; provenance RECOVERED_EXISTING_B9_SUMMARY; score memoire 0.950.,"Comparer les scenes d'effort visible sans resultat directionnel propre, absorption ou friction locale.",family=FRICTION_ABSORPTION_MEMORY; session=ASIAN_SESSION; raw_texture=RAW_FRICTION_CONFIRMED; raw_agreement=NUANCED_BY_RAW; source_quality=SOURCE_QUALITY_STRONG; source_family=RECOVERED_EXISTING_B9_SUMMARY; source_mode=M1_BAR_PROXY,RECOVERED_EXISTING_B9_SUMMARY: recovered explicit B9 moments; shift0 raw alignment; proxy/reconstructed reading; not full footprint claim; NUANCED_BY_RAW: useful but not hard-confirmed raw; source_quality_raw=RECOVERED_EXISTING_B9_SUMMARY_SHIFT0_FULL_RAW_ALIGNMENT; confidence_cap=0.35; read-only; no DB write; no dashboard; no Telegram; no BUY/SELL; T0113 film card is comparative memory only; no prediction; no BUY/SELL; no probability of success
B6FC_20260506_0035_20247FA6,2026-05-06,2026-05-06T00:35:00+00:00,2026-05-06T00:36:00+00:00,ASIAN_SESSION,RECOVERED_EXISTING_B9_SUMMARY,RECOVERED_EXISTING_B9_SUMMARY,M1_BAR_PROXY,RECONSTRUCTED,0.35,RECOVERED_FRICTION_ABSORPTION_LIKE,"Flux mixte: conserver comme lecture de contexte, pas comme décision.","Base scene: Flux mixte: conserver comme lecture de contexte, pas comme décision. (RECOVERED_FRICTION_ABSORPTION_LIKE).","Reaction raw frictionnelle: activite lisible avec deplacement contraint, delta -0.1 pips, range 1.1 pips, 81 ticks.","Projection faible: effort/rotation absorbe le deplacement, delta/range=0.09.","KEEP nuance: scene utile, raw nuance la lecture sans la durcir en confirmation.",NUANCED_BY_RAW,NUANCED_BY_RAW,NUANCED_BY_RAW,0.860,SOURCE_QUALITY_STRONG,SOURCE_QUALITY_STRONG,0.950,B6_KEEP_CANDIDATE,RAW_FRICTION_CONFIRMED,-0.1,1.1,81,FRICTION_ABSORPTION_MEMORY,FRICTION_ABSORPTION_MEMORY|RECOVERED_EXISTING_B9_SUMMARY|M1_BAR_PROXY|NUANCED_BY_RAW|RAW_FRICTION_CONFIRMED|SOURCE_QUALITY_STRONG,KEEP memoire: FRICTION_ABSORPTION_MEMORY; KEEP nuance: raw nuance la scene mais qualite/texture suffisantes pour comparaison B6; provenance RECOVERED_EXISTING_B9_SUMMARY; score memoire 0.950.,"Comparer les scenes d'effort visible sans resultat directionnel propre, absorption ou friction locale.",family=FRICTION_ABSORPTION_MEMORY; session=ASIAN_SESSION; raw_texture=RAW_FRICTION_CONFIRMED; raw_agreement=NUANCED_BY_RAW; source_quality=SOURCE_QUALITY_STRONG; source_family=RECOVERED_EXISTING_B9_SUMMARY; source_mode=M1_BAR_PROXY,RECOVERED_EXISTING_B9_SUMMARY: recovered explicit B9 moments; shift0 raw alignment; proxy/reconstructed reading; not full footprint claim; NUANCED_BY_RAW: useful but not hard-confirmed raw; source_quality_raw=RECOVERED_EXISTING_B9_SUMMARY_SHIFT0_FULL_RAW_ALIGNMENT; confidence_cap=0.35; read-only; no DB write; no dashboard; no Telegram; no BUY/SELL; T0113 film card is comparative memory only; no prediction; no BUY/SELL; no probability of success
B6FC_20260506_0036_4F657303,2026-05-06,2026-05-06T00:36:00+00:00,2026-05-06T00:37:00+00:00,ASIAN_SESSION,RECOVERED_EXISTING_B9_SUMMARY,RECOVERED_EXISTING_B9_SUMMARY,M1_BAR_PROXY,RECONSTRUCTED,0.35,RECOVERED_FRICTION_ABSORPTION_LIKE,"Flux mixte: conserver comme lecture de contexte, pas comme décision.","Base scene: Flux mixte: conserver comme lecture de contexte, pas comme décision. (RECOVERED_FRICTION_ABSORPTION_LIKE).","Reaction raw frictionnelle: activite lisible avec deplacement contraint, delta -0.9 pips, range 1.2 pips, 55 ticks.",Projection directionnelle lisible: delta/range=0.75.,"KEEP nuance: scene utile, raw nuance la lecture sans la durcir en confirmation.",NUANCED_BY_RAW,NUANCED_BY_RAW,NUANCED_BY_RAW,0.860,SOURCE_QUALITY_STRONG,SOURCE_QUALITY_STRONG,0.950,B6_KEEP_CANDIDATE,RAW_FRICTION_CONFIRMED,-0.9,1.2,55,FRICTION_ABSORPTION_MEMORY,FRICTION_ABSORPTION_MEMORY|RECOVERED_EXISTING_B9_SUMMARY|M1_BAR_PROXY|NUANCED_BY_RAW|RAW_FRICTION_CONFIRMED|SOURCE_QUALITY_STRONG,KEEP memoire: FRICTION_ABSORPTION_MEMORY; KEEP nuance: raw nuance la scene mais qualite/texture suffisantes pour comparaison B6; provenance RECOVERED_EXISTING_B9_SUMMARY; score memoire 0.950.,"Comparer les scenes d'effort visible sans resultat directionnel propre, absorption ou friction locale.",family=FRICTION_ABSORPTION_MEMORY; session=ASIAN_SESSION; raw_texture=RAW_FRICTION_CONFIRMED; raw_agreement=NUANCED_BY_RAW; source_quality=SOURCE_QUALITY_STRONG; source_family=RECOVERED_EXISTING_B9_SUMMARY; source_mode=M1_BAR_PROXY,RECOVERED_EXISTING_B9_SUMMARY: recovered explicit B9 moments; shift0 raw alignment; proxy/reconstructed reading; not full footprint claim; NUANCED_BY_RAW: useful but not hard-confirmed raw; source_quality_raw=RECOVERED_EXISTING_B9_SUMMARY_SHIFT0_FULL_RAW_ALIGNMENT; confidence_cap=0.35; read-only; no DB write; no dashboard; no Telegram; no BUY/SELL; T0113 film card is comparative memory only; no prediction; no BUY/SELL; no probability of success
B6FC_20260506_0037_3256AEB7,2026-05-06,2026-05-06T00:37:00+00:00,2026-05-06T00:38:00+00:00,ASIAN_SESSION,RECOVERED_EXISTING_B9_SUMMARY,RECOVERED_EXISTING_B9_SUMMARY,M1_BAR_PROXY,RECONSTRUCTED,0.35,RECOVERED_FRICTION_ABSORPTION_LIKE,"Flux mixte: conserver comme lecture de contexte, pas comme décision.","Base scene: Flux mixte: conserver comme lecture de contexte, pas comme décision. (RECOVERED_FRICTION_ABSORPTION_LIKE).","Reaction raw frictionnelle: activite lisible avec deplacement contraint, delta 0.7 pips, range 0.9 pips, 53 ticks.",Projection directionnelle lisible: delta/range=0.78.,"KEEP nuance: scene utile, raw nuance la lecture sans la durcir en confirmation.",NUANCED_BY_RAW,NUANCED_BY_RAW,NUANCED_BY_RAW,0.860,SOURCE_QUALITY_STRONG,SOURCE_QUALITY_STRONG,0.950,B6_KEEP_CANDIDATE,RAW_FRICTION_CONFIRMED,0.7,0.9,53,FRICTION_ABSORPTION_MEMORY,FRICTION_ABSORPTION_MEMORY|RECOVERED_EXISTING_B9_SUMMARY|M1_BAR_PROXY|NUANCED_BY_RAW|RAW_FRICTION_CONFIRMED|SOURCE_QUALITY_STRONG,KEEP memoire: FRICTION_ABSORPTION_MEMORY; KEEP nuance: raw nuance la scene mais qualite/texture suffisantes pour comparaison B6; provenance RECOVERED_EXISTING_B9_SUMMARY; score memoire 0.950.,"Comparer les scenes d'effort visible sans resultat directionnel propre, absorption ou friction locale.",family=FRICTION_ABSORPTION_MEMORY; session=ASIAN_SESSION; raw_texture=RAW_FRICTION_CONFIRMED; raw_agreement=NUANCED_BY_RAW; source_quality=SOURCE_QUALITY_STRONG; source_family=RECOVERED_EXISTING_B9_SUMMARY; source_mode=M1_BAR_PROXY,RECOVERED_EXISTING_B9_SUMMARY: recovered explicit B9 moments; shift0 raw alignment; proxy/reconstructed reading; not full footprint claim; NUANCED_BY_RAW: useful but not hard-confirmed raw; source_quality_raw=RECOVERED_EXISTING_B9_SUMMARY_SHIFT0_FULL_RAW_ALIGNMENT; confidence_cap=0.35; read-only; no DB write; no dashboard; no Telegram; no BUY/SELL; T0113 film card is comparative memory only; no prediction; no BUY/SELL; no probability of success
B6FC_20260506_0038_DCF71BD5,2026-05-06,2026-05-06T00:38:00+00:00,2026-05-06T00:39:00+00:00,ASIAN_SESSION,RECOVERED_EXISTING_B9_SUMMARY,RECOVERED_EXISTING_B9_SUMMARY,M1_BAR_PROXY,RECONSTRUCTED,0.35,RECOVERED_FRICTION_ABSORPTION_LIKE,"Flux mixte: conserver comme lecture de contexte, pas comme décision.","Base scene: Flux mixte: conserver comme lecture de contexte, pas comme décision. (RECOVERED_FRICTION_ABSORPTION_LIKE).","Reaction raw frictionnelle: activite lisible avec deplacement contraint, delta -0.9 pips, range 2 pips, 54 ticks.","Projection partielle: mouvement utile mais encore nuance par la texture, delta/range=0.45.","KEEP nuance: scene utile, raw nuance la lecture sans la durcir en confirmation.",NUANCED_BY_RAW,NUANCED_BY_RAW,NUANCED_BY_RAW,0.860,SOURCE_QUALITY_STRONG,SOURCE_QUALITY_STRONG,0.950,B6_KEEP_CANDIDATE,RAW_FRICTION_CONFIRMED,-0.9,2.0,54,FRICTION_ABSORPTION_MEMORY,FRICTION_ABSORPTION_MEMORY|RECOVERED_EXISTING_B9_SUMMARY|M1_BAR_PROXY|NUANCED_BY_RAW|RAW_FRICTION_CONFIRMED|SOURCE_QUALITY_STRONG,KEEP memoire: FRICTION_ABSORPTION_MEMORY; KEEP nuance: raw nuance la scene mais qualite/texture suffisantes pour comparaison B6; provenance RECOVERED_EXISTING_B9_SUMMARY; score memoire 0.950.,"Comparer les scenes d'effort visible sans resultat directionnel propre, absorption ou friction locale.",family=FRICTION_ABSORPTION_MEMORY; session=ASIAN_SESSION; raw_texture=RAW_FRICTION_CONFIRMED; raw_agreement=NUANCED_BY_RAW; source_quality=SOURCE_QUALITY_STRONG; source_family=RECOVERED_EXISTING_B9_SUMMARY; source_mode=M1_BAR_PROXY,RECOVERED_EXISTING_B9_SUMMARY: recovered explicit B9 moments; shift0 raw alignment; proxy/reconstructed reading; not full footprint claim; NUANCED_BY_RAW: useful but not hard-confirmed raw; source_quality_raw=RECOVERED_EXISTING_B9_SUMMARY_SHIFT0_FULL_RAW_ALIGNMENT; confidence_cap=0.35; read-only; no DB write; no dashboard; no Telegram; no BUY/SELL; T0113 film card is comparative memory only; no prediction; no BUY/SELL; no probability of success
B6FC_20260506_0039_6572F03A,2026-05-06,2026-05-06T00:39:00+00:00,2026-05-06T00:40:00+00:00,ASIAN_SESSION,RECOVERED_EXISTING_B9_SUMMARY,RECOVERED_EXISTING_B9_SUMMARY,M1_BAR_PROXY,RECONSTRUCTED,0.35,RECOVERED_FRICTION_ABSORPTION_LIKE,"Flux mixte: conserver comme lecture de contexte, pas comme décision.","Base scene: Flux mixte: conserver comme lecture de contexte, pas comme décision. (RECOVERED_FRICTION_ABSORPTION_LIKE).","Reaction raw frictionnelle: activite lisible avec deplacement contraint, delta 0.5 pips, range 1.2 pips, 65 ticks.","Projection partielle: mouvement utile mais encore nuance par la texture, delta/range=0.42.","KEEP nuance: scene utile, raw nuance la lecture sans la durcir en confirmation.",NUANCED_BY_RAW,NUANCED_BY_RAW,NUANCED_BY_RAW,0.860,SOURCE_QUALITY_STRONG,SOURCE_QUALITY_STRONG,0.950,B6_KEEP_CANDIDATE,RAW_FRICTION_CONFIRMED,0.5,1.2,65,FRICTION_ABSORPTION_MEMORY,FRICTION_ABSORPTION_MEMORY|RECOVERED_EXISTING_B9_SUMMARY|M1_BAR_PROXY|NUANCED_BY_RAW|RAW_FRICTION_CONFIRMED|SOURCE_QUALITY_STRONG,KEEP memoire: FRICTION_ABSORPTION_MEMORY; KEEP nuance: raw nuance la scene mais qualite/texture suffisantes pour comparaison B6; provenance RECOVERED_EXISTING_B9_SUMMARY; score memoire 0.950.,"Comparer les scenes d'effort visible sans resultat directionnel propre, absorption ou friction locale.",family=FRICTION_ABSORPTION_MEMORY; session=ASIAN_SESSION; raw_texture=RAW_FRICTION_CONFIRMED; raw_agreement=NUANCED_BY_RAW; source_quality=SOURCE_QUALITY_STRONG; source_family=RECOVERED_EXISTING_B9_SUMMARY; source_mode=M1_BAR_PROXY,RECOVERED_EXISTING_B9_SUMMARY: recovered explicit B9 moments; shift0 raw alignment; proxy/reconstructed reading; not full footprint claim; NUANCED_BY_RAW: useful but not hard-confirmed raw; source_quality_raw=RECOVERED_EXISTING_B9_SUMMARY_SHIFT0_FULL_RAW_ALIGNMENT; confidence_cap=0.35; read-only; no DB write; no dashboard; no Telegram; no BUY/SELL; T0113 film card is comparative memory only; no prediction; no BUY/SELL; no probability of success
B6FC_20260506_0040_3D879750,2026-05-06,2026-05-06T00:40:00+00:00,2026-05-06T00:41:00+00:00,ASIAN_SESSION,RECOVERED_EXISTING_B9_SUMMARY,RECOVERED_EXISTING_B9_SUMMARY,M1_BAR_PROXY,RECONSTRUCTED,0.35,RECOVERED_FRICTION_ABSORPTION_LIKE,"Flux mixte: conserver comme lecture de contexte, pas comme décision.","Base scene: Flux mixte: conserver comme lecture de contexte, pas comme décision. (RECOVERED_FRICTION_ABSORPTION_LIKE).","Reaction raw frictionnelle: activite lisible avec deplacement contraint, delta 1.2 pips, range 2 pips, 60 ticks.","Projection partielle: mouvement utile mais encore nuance par la texture, delta/range=0.60.","KEEP nuance: scene utile, raw nuance la lecture sans la durcir en confirmation.",NUANCED_BY_RAW,NUANCED_BY_RAW,NUANCED_BY_RAW,0.860,SOURCE_QUALITY_STRONG,SOURCE_QUALITY_STRONG,0.950,B6_KEEP_CANDIDATE,RAW_FRICTION_CONFIRMED,1.2,2.0,60,FRICTION_ABSORPTION_MEMORY,FRICTION_ABSORPTION_MEMORY|RECOVERED_EXISTING_B9_SUMMARY|M1_BAR_PROXY|NUANCED_BY_RAW|RAW_FRICTION_CONFIRMED|SOURCE_QUALITY_STRONG,KEEP memoire: FRICTION_ABSORPTION_MEMORY; KEEP nuance: raw nuance la scene mais qualite/texture suffisantes pour comparaison B6; provenance RECOVERED_EXISTING_B9_SUMMARY; score memoire 0.950.,"Comparer les scenes d'effort visible sans resultat directionnel propre, absorption ou friction locale.",family=FRICTION_ABSORPTION_MEMORY; session=ASIAN_SESSION; raw_texture=RAW_FRICTION_CONFIRMED; raw_agreement=NUANCED_BY_RAW; source_quality=SOURCE_QUALITY_STRONG; source_family=RECOVERED_EXISTING_B9_SUMMARY; source_mode=M1_BAR_PROXY,RECOVERED_EXISTING_B9_SUMMARY: recovered explicit B9 moments; shift0 raw alignment; proxy/reconstructed reading; not full footprint claim; NUANCED_BY_RAW: useful but not hard-confirmed raw; source_quality_raw=RECOVERED_EXISTING_B9_SUMMARY_SHIFT0_FULL_RAW_ALIGNMENT; confidence_cap=0.35; read-only; no DB write; no dashboard; no Telegram; no BUY/SELL; T0113 film card is comparative memory only; no prediction; no BUY/SELL; no probability of success
B6FC_20260506_0041_6AE24F99,2026-05-06,2026-05-06T00:41:00+00:00,2026-05-06T00:42:00+00:00,ASIAN_SESSION,RECOVERED_EXISTING_B9_SUMMARY,RECOVERED_EXISTING_B9_SUMMARY,M1_BAR_PROXY,RECONSTRUCTED,0.35,RECOVERED_FRICTION_ABSORPTION_LIKE,Friction type absorption: effort visible sans résultat directionnel propre.,Base scene: Friction type absorption: effort visible sans résultat directionnel propre. (RECOVERED_FRICTION_ABSORPTION_LIKE).,"Reaction raw frictionnelle: activite lisible avec deplacement contraint, delta 0.8 pips, range 2.4 pips, 55 ticks.","Projection partielle: mouvement utile mais encore nuance par la texture, delta/range=0.33.","KEEP nuance: scene utile, raw nuance la lecture sans la durcir en confirmation.",NUANCED_BY_RAW,NUANCED_BY_RAW,NUANCED_BY_RAW,0.860,SOURCE_QUALITY_STRONG,SOURCE_QUALITY_STRONG,0.950,B6_KEEP_CANDIDATE,RAW_FRICTION_CONFIRMED,0.8,2.4,55,FRICTION_ABSORPTION_MEMORY,FRICTION_ABSORPTION_MEMORY|RECOVERED_EXISTING_B9_SUMMARY|M1_BAR_PROXY|NUANCED_BY_RAW|RAW_FRICTION_CONFIRMED|SOURCE_QUALITY_STRONG,KEEP memoire: FRICTION_ABSORPTION_MEMORY; KEEP nuance: raw nuance la scene mais qualite/texture suffisantes pour comparaison B6; provenance RECOVERED_EXISTING_B9_SUMMARY; score memoire 0.950.,"Comparer les scenes d'effort visible sans resultat directionnel propre, absorption ou friction locale.",family=FRICTION_ABSORPTION_MEMORY; session=ASIAN_SESSION; raw_texture=RAW_FRICTION_CONFIRMED; raw_agreement=NUANCED_BY_RAW; source_quality=SOURCE_QUALITY_STRONG; source_family=RECOVERED_EXISTING_B9_SUMMARY; source_mode=M1_BAR_PROXY,RECOVERED_EXISTING_B9_SUMMARY: recovered explicit B9 moments; shift0 raw alignment; proxy/reconstructed reading; not full footprint claim; NUANCED_BY_RAW: useful but not hard-confirmed raw; source_quality_raw=RECOVERED_EXISTING_B9_SUMMARY_SHIFT0_FULL_RAW_ALIGNMENT; confidence_cap=0.35; read-only; no DB write; no dashboard; no Telegram; no BUY/SELL; T0113 film card is comparative memory only; no prediction; no BUY/SELL; no probability of success
B6FC_20260506_0042_B89011C5,2026-05-06,2026-05-06T00:42:00+00:00,2026-05-06T00:43:00+00:00,ASIAN_SESSION,RECOVERED_EXISTING_B9_SUMMARY,RECOVERED_EXISTING_B9_SUMMARY,M1_BAR_PROXY,RECONSTRUCTED,0.35,RECOVERED_FRICTION_ABSORPTION_LIKE,"Flux mixte: conserver comme lecture de contexte, pas comme décision.","Base scene: Flux mixte: conserver comme lecture de contexte, pas comme décision. (RECOVERED_FRICTION_ABSORPTION_LIKE).","Reaction raw frictionnelle: activite lisible avec deplacement contraint, delta -0.4 pips, range 1.1 pips, 60 ticks.","Projection partielle: mouvement utile mais encore nuance par la texture, delta/range=0.36.","KEEP nuance: scene utile, raw nuance la lecture sans la durcir en confirmation.",NUANCED_BY_RAW,NUANCED_BY_RAW,NUANCED_BY_RAW,0.860,SOURCE_QUALITY_STRONG,SOURCE_QUALITY_STRONG,0.950,B6_KEEP_CANDIDATE,RAW_FRICTION_CONFIRMED,-0.4,1.1,60,FRICTION_ABSORPTION_MEMORY,FRICTION_ABSORPTION_MEMORY|RECOVERED_EXISTING_B9_SUMMARY|M1_BAR_PROXY|NUANCED_BY_RAW|RAW_FRICTION_CONFIRMED|SOURCE_QUALITY_STRONG,KEEP memoire: FRICTION_ABSORPTION_MEMORY; KEEP nuance: raw nuance la scene mais qualite/texture suffisantes pour comparaison B6; provenance RECOVERED_EXISTING_B9_SUMMARY; score memoire 0.950.,"Comparer les scenes d'effort visible sans resultat directionnel propre, absorption ou friction locale.",family=FRICTION_ABSORPTION_MEMORY; session=ASIAN_SESSION; raw_texture=RAW_FRICTION_CONFIRMED; raw_agreement=NUANCED_BY_RAW; source_quality=SOURCE_QUALITY_STRONG; source_family=RECOVERED_EXISTING_B9_SUMMARY; source_mode=M1_BAR_PROXY,RECOVERED_EXISTING_B9_SUMMARY: recovered explicit B9 moments; shift0 raw alignment; proxy/reconstructed reading; not full footprint claim; NUANCED_BY_RAW: useful but not hard-confirmed raw; source_quality_raw=RECOVERED_EXISTING_B9_SUMMARY_SHIFT0_FULL_RAW_ALIGNMENT; confidence_cap=0.35; read-only; no DB write; no dashboard; no Telegram; no BUY/SELL; T0113 film card is comparative memory only; no prediction; no BUY/SELL; no probability of success
B6FC_20260506_0043_FEDBDB13,2026-05-06,2026-05-06T00:43:00+00:00,2026-05-06T00:44:00+00:00,ASIAN_SESSION,RECOVERED_EXISTING_B9_SUMMARY,RECOVERED_EXISTING_B9_SUMMARY,M1_BAR_PROXY,RECONSTRUCTED,0.35,RECOVERED_FRICTION_ABSORPTION_LIKE,"Flux mixte: conserver comme lecture de contexte, pas comme décision.","Base scene: Flux mixte: conserver comme lecture de contexte, pas comme décision. (RECOVERED_FRICTION_ABSORPTION_LIKE).","Reaction raw frictionnelle: activite lisible avec deplacement contraint, delta -1.1 pips, range 1.8 pips, 44 ticks.","Projection partielle: mouvement utile mais encore nuance par la texture, delta/range=0.61.","KEEP nuance: scene utile, raw nuance la lecture sans la durcir en confirmation.",NUANCED_BY_RAW,NUANCED_BY_RAW,NUANCED_BY_RAW,0.860,SOURCE_QUALITY_STRONG,SOURCE_QUALITY_STRONG,0.950,B6_KEEP_CANDIDATE,RAW_FRICTION_CONFIRMED,-1.1,1.8,44,FRICTION_ABSORPTION_MEMORY,FRICTION_ABSORPTION_MEMORY|RECOVERED_EXISTING_B9_SUMMARY|M1_BAR_PROXY|NUANCED_BY_RAW|RAW_FRICTION_CONFIRMED|SOURCE_QUALITY_STRONG,KEEP memoire: FRICTION_ABSORPTION_MEMORY; KEEP nuance: raw nuance la scene mais qualite/texture suffisantes pour comparaison B6; provenance RECOVERED_EXISTING_B9_SUMMARY; score memoire 0.950.,"Comparer les scenes d'effort visible sans resultat directionnel propre, absorption ou friction locale.",family=FRICTION_ABSORPTION_MEMORY; session=ASIAN_SESSION; raw_texture=RAW_FRICTION_CONFIRMED; raw_agreement=NUANCED_BY_RAW; source_quality=SOURCE_QUALITY_STRONG; source_family=RECOVERED_EXISTING_B9_SUMMARY; source_mode=M1_BAR_PROXY,RECOVERED_EXISTING_B9_SUMMARY: recovered explicit B9 moments; shift0 raw alignment; proxy/reconstructed reading; not full footprint claim; NUANCED_BY_RAW: useful but not hard-confirmed raw; source_quality_raw=RECOVERED_EXISTING_B9_SUMMARY_SHIFT0_FULL_RAW_ALIGNMENT; confidence_cap=0.35; read-only; no DB write; no dashboard; no Telegram; no BUY/SELL; T0113 film card is comparative memory only; no prediction; no BUY/SELL; no probability of success
B6FC_20260506_0044_162092E9,2026-05-06,2026-05-06T00:44:00+00:00,2026-05-06T00:45:00+00:00,ASIAN_SESSION,RECOVERED_EXISTING_B9_SUMMARY,RECOVERED_EXISTING_B9_SUMMARY,M1_BAR_PROXY,RECONSTRUCTED,0.35,RECOVERED_FRICTION_ABSORPTION_LIKE,"Flux mixte: conserver comme lecture de contexte, pas comme décision.","Base scene: Flux mixte: conserver comme lecture de contexte, pas comme décision. (RECOVERED_FRICTION_ABSORPTION_LIKE).","Reaction raw frictionnelle: activite lisible avec deplacement contraint, delta 0.1 pips, range 0.7 pips, 56 ticks.","Projection faible: effort/rotation absorbe le deplacement, delta/range=0.14.","KEEP nuance: scene utile, raw nuance la lecture sans la durcir en confirmation.",NUANCED_BY_RAW,NUANCED_BY_RAW,NUANCED_BY_RAW,0.860,SOURCE_QUALITY_STRONG,SOURCE_QUALITY_STRONG,0.950,B6_KEEP_CANDIDATE,RAW_FRICTION_CONFIRMED,0.1,0.7,56,FRICTION_ABSORPTION_MEMORY,FRICTION_ABSORPTION_MEMORY|RECOVERED_EXISTING_B9_SUMMARY|M1_BAR_PROXY|NUANCED_BY_RAW|RAW_FRICTION_CONFIRMED|SOURCE_QUALITY_STRONG,KEEP memoire: FRICTION_ABSORPTION_MEMORY; KEEP nuance: raw nuance la scene mais qualite/texture suffisantes pour comparaison B6; provenance RECOVERED_EXISTING_B9_SUMMARY; score memoire 0.950.,"Comparer les scenes d'effort visible sans resultat directionnel propre, absorption ou friction locale.",family=FRICTION_ABSORPTION_MEMORY; session=ASIAN_SESSION; raw_texture=RAW_FRICTION_CONFIRMED; raw_agreement=NUANCED_BY_RAW; source_quality=SOURCE_QUALITY_STRONG; source_family=RECOVERED_EXISTING_B9_SUMMARY; source_mode=M1_BAR_PROXY,RECOVERED_EXISTING_B9_SUMMARY: recovered explicit B9 moments; shift0 raw alignment; proxy/reconstructed reading; not full footprint claim; NUANCED_BY_RAW: useful but not hard-confirmed raw; source_quality_raw=RECOVERED_EXISTING_B9_SUMMARY_SHIFT0_FULL_RAW_ALIGNMENT; confidence_cap=0.35; read-only; no DB write; no dashboard; no Telegram; no BUY/SELL; T0113 film card is comparative memory only; no prediction; no BUY/SELL; no probability of success
B6FC_20260506_0045_4267B83D,2026-05-06,2026-05-06T00:45:00+00:00,2026-05-06T00:46:00+00:00,ASIAN_SESSION,RECOVERED_EXISTING_B9_SUMMARY,RECOVERED_EXISTING_B9_SUMMARY,M1_BAR_PROXY,RECONSTRUCTED,0.35,RECOVERED_FRICTION_ABSORPTION_LIKE,"Flux mixte: conserver comme lecture de contexte, pas comme décision.","Base scene: Flux mixte: conserver comme lecture de contexte, pas comme décision. (RECOVERED_FRICTION_ABSORPTION_LIKE).","Reaction raw frictionnelle: activite lisible avec deplacement contraint, delta 0 pips, range 1.3 pips, 59 ticks.","Projection faible: effort/rotation absorbe le deplacement, delta/range=0.00.","KEEP nuance: scene utile, raw nuance la lecture sans la durcir en confirmation.",NUANCED_BY_RAW,NUANCED_BY_RAW,NUANCED_BY_RAW,0.860,SOURCE_QUALITY_STRONG,SOURCE_QUALITY_STRONG,0.950,B6_KEEP_CANDIDATE,RAW_FRICTION_CONFIRMED,0.0,1.3,59,FRICTION_ABSORPTION_MEMORY,FRICTION_ABSORPTION_MEMORY|RECOVERED_EXISTING_B9_SUMMARY|M1_BAR_PROXY|NUANCED_BY_RAW|RAW_FRICTION_CONFIRMED|SOURCE_QUALITY_STRONG,KEEP memoire: FRICTION_ABSORPTION_MEMORY; KEEP nuance: raw nuance la scene mais qualite/texture suffisantes pour comparaison B6; provenance RECOVERED_EXISTING_B9_SUMMARY; score memoire 0.950.,"Comparer les scenes d'effort visible sans resultat directionnel propre, absorption ou friction locale.",family=FRICTION_ABSORPTION_MEMORY; session=ASIAN_SESSION; raw_texture=RAW_FRICTION_CONFIRMED; raw_agreement=NUANCED_BY_RAW; source_quality=SOURCE_QUALITY_STRONG; source_family=RECOVERED_EXISTING_B9_SUMMARY; source_mode=M1_BAR_PROXY,RECOVERED_EXISTING_B9_SUMMARY: recovered explicit B9 moments; shift0 raw alignment; proxy/reconstructed reading; not full footprint claim; NUANCED_BY_RAW: useful but not hard-confirmed raw; source_quality_raw=RECOVERED_EXISTING_B9_SUMMARY_SHIFT0_FULL_RAW_ALIGNMENT; confidence_cap=0.35; read-only; no DB write; no dashboard; no Telegram; no BUY/SELL; T0113 film card is comparative memory only; no prediction; no BUY/SELL; no probability of success
B6FC_20260506_0046_3B2882C2,2026-05-06,2026-05-06T00:46:00+00:00,2026-05-06T00:48:00+00:00,ASIAN_SESSION,RECOVERED_EXISTING_B9_SUMMARY,RECOVERED_EXISTING_B9_SUMMARY,M1_BAR_PROXY,RECONSTRUCTED,0.35,RECOVERED_FRICTION_ABSORPTION_LIKE,"Flux mixte: conserver comme lecture de contexte, pas comme décision.","Base scene: Flux mixte: conserver comme lecture de contexte, pas comme décision. (RECOVERED_FRICTION_ABSORPTION_LIKE).","Reaction raw frictionnelle: activite lisible avec deplacement contraint, delta -1.1 pips, range 2.1 pips, 118 ticks.","Projection partielle: mouvement utile mais encore nuance par la texture, delta/range=0.52.","KEEP nuance: scene utile, raw nuance la lecture sans la durcir en confirmation.",NUANCED_BY_RAW,NUANCED_BY_RAW,NUANCED_BY_RAW,0.860,SOURCE_QUALITY_STRONG,SOURCE_QUALITY_STRONG,0.950,B6_KEEP_CANDIDATE,RAW_FRICTION_CONFIRMED,-1.1,2.1,118,FRICTION_ABSORPTION_MEMORY,FRICTION_ABSORPTION_MEMORY|RECOVERED_EXISTING_B9_SUMMARY|M1_BAR_PROXY|NUANCED_BY_RAW|RAW_FRICTION_CONFIRMED|SOURCE_QUALITY_STRONG,KEEP memoire: FRICTION_ABSORPTION_MEMORY; KEEP nuance: raw nuance la scene mais qualite/texture suffisantes pour comparaison B6; provenance RECOVERED_EXISTING_B9_SUMMARY; score memoire 0.950.,"Comparer les scenes d'effort visible sans resultat directionnel propre, absorption ou friction locale.",family=FRICTION_ABSORPTION_MEMORY; session=ASIAN_SESSION; raw_texture=RAW_FRICTION_CONFIRMED; raw_agreement=NUANCED_BY_RAW; source_quality=SOURCE_QUALITY_STRONG; source_family=RECOVERED_EXISTING_B9_SUMMARY; source_mode=M1_BAR_PROXY,RECOVERED_EXISTING_B9_SUMMARY: recovered explicit B9 moments; shift0 raw alignment; proxy/reconstructed reading; not full footprint claim; NUANCED_BY_RAW: useful but not hard-confirmed raw; source_quality_raw=RECOVERED_EXISTING_B9_SUMMARY_SHIFT0_FULL_RAW_ALIGNMENT; confidence_cap=0.35; read-only; no DB write; no dashboard; no Telegram; no BUY/SELL; T0113 film card is comparative memory only; no prediction; no BUY/SELL; no probability of success
B6FC_20260506_0048_64083DC2,2026-05-06,2026-05-06T00:48:00+00:00,2026-05-06T00:49:00+00:00,ASIAN_SESSION,RECOVERED_EXISTING_B9_SUMMARY,RECOVERED_EXISTING_B9_SUMMARY,M1_BAR_PROXY,RECONSTRUCTED,0.35,RECOVERED_FRICTION_ABSORPTION_LIKE,"Flux mixte: conserver comme lecture de contexte, pas comme décision.","Base scene: Flux mixte: conserver comme lecture de contexte, pas comme décision. (RECOVERED_FRICTION_ABSORPTION_LIKE).","Reaction raw frictionnelle: activite lisible avec deplacement contraint, delta 0.8 pips, range 1.9 pips, 63 ticks.","Projection partielle: mouvement utile mais encore nuance par la texture, delta/range=0.42.","KEEP nuance: scene utile, raw nuance la lecture sans la durcir en confirmation.",NUANCED_BY_RAW,NUANCED_BY_RAW,NUANCED_BY_RAW,0.860,SOURCE_QUALITY_STRONG,SOURCE_QUALITY_STRONG,0.950,B6_KEEP_CANDIDATE,RAW_FRICTION_CONFIRMED,0.8,1.9,63,FRICTION_ABSORPTION_MEMORY,FRICTION_ABSORPTION_MEMORY|RECOVERED_EXISTING_B9_SUMMARY|M1_BAR_PROXY|NUANCED_BY_RAW|RAW_FRICTION_CONFIRMED|SOURCE_QUALITY_STRONG,KEEP memoire: FRICTION_ABSORPTION_MEMORY; KEEP nuance: raw nuance la scene mais qualite/texture suffisantes pour comparaison B6; provenance RECOVERED_EXISTING_B9_SUMMARY; score memoire 0.950.,"Comparer les scenes d'effort visible sans resultat directionnel propre, absorption ou friction locale.",family=FRICTION_ABSORPTION_MEMORY; session=ASIAN_SESSION; raw_texture=RAW_FRICTION_CONFIRMED; raw_agreement=NUANCED_BY_RAW; source_quality=SOURCE_QUALITY_STRONG; source_family=RECOVERED_EXISTING_B9_SUMMARY; source_mode=M1_BAR_PROXY,RECOVERED_EXISTING_B9_SUMMARY: recovered explicit B9 moments; shift0 raw alignment; proxy/reconstructed reading; not full footprint claim; NUANCED_BY_RAW: useful but not hard-confirmed raw; source_quality_raw=RECOVERED_EXISTING_B9_SUMMARY_SHIFT0_FULL_RAW_ALIGNMENT; confidence_cap=0.35; read-only; no DB write; no dashboard; no Telegram; no BUY/SELL; T0113 film card is comparative memory only; no prediction; no BUY/SELL; no probability of success
B6FC_20260506_0049_0103A43E,2026-05-06,2026-05-06T00:49:00+00:00,2026-05-06T00:50:00+00:00,ASIAN_SESSION,RECOVERED_EXISTING_B9_SUMMARY,RECOVERED_EXISTING_B9_SUMMARY,M1_BAR_PROXY,RECONSTRUCTED,0.35,RECOVERED_FRICTION_ABSORPTION_LIKE,"Flux mixte: conserver comme lecture de contexte, pas comme décision.","Base scene: Flux mixte: conserver comme lecture de contexte, pas comme décision. (RECOVERED_FRICTION_ABSORPTION_LIKE).","Reaction raw frictionnelle: activite lisible avec deplacement contraint, delta 0.4 pips, range 1.3 pips, 63 ticks.","Projection partielle: mouvement utile mais encore nuance par la texture, delta/range=0.31.","KEEP nuance: scene utile, raw nuance la lecture sans la durcir en confirmation.",NUANCED_BY_RAW,NUANCED_BY_RAW,NUANCED_BY_RAW,0.860,SOURCE_QUALITY_STRONG,SOURCE_QUALITY_STRONG,0.950,B6_KEEP_CANDIDATE,RAW_FRICTION_CONFIRMED,0.4,1.3,63,FRICTION_ABSORPTION_MEMORY,FRICTION_ABSORPTION_MEMORY|RECOVERED_EXISTING_B9_SUMMARY|M1_BAR_PROXY|NUANCED_BY_RAW|RAW_FRICTION_CONFIRMED|SOURCE_QUALITY_STRONG,KEEP memoire: FRICTION_ABSORPTION_MEMORY; KEEP nuance: raw nuance la scene mais qualite/texture suffisantes pour comparaison B6; provenance RECOVERED_EXISTING_B9_SUMMARY; score memoire 0.950.,"Comparer les scenes d'effort visible sans resultat directionnel propre, absorption ou friction locale.",family=FRICTION_ABSORPTION_MEMORY; session=ASIAN_SESSION; raw_texture=RAW_FRICTION_CONFIRMED; raw_agreement=NUANCED_BY_RAW; source_quality=SOURCE_QUALITY_STRONG; source_family=RECOVERED_EXISTING_B9_SUMMARY; source_mode=M1_BAR_PROXY,RECOVERED_EXISTING_B9_SUMMARY: recovered explicit B9 moments; shift0 raw alignment; proxy/reconstructed reading; not full footprint claim; NUANCED_BY_RAW: useful but not hard-confirmed raw; source_quality_raw=RECOVERED_EXISTING_B9_SUMMARY_SHIFT0_FULL_RAW_ALIGNMENT; confidence_cap=0.35; read-only; no DB write; no dashboard; no Telegram; no BUY/SELL; T0113 film card is comparative memory only; no prediction; no BUY/SELL; no probability of success
B6FC_20260506_0050_68A81515,2026-05-06,2026-05-06T00:50:00+00:00,2026-05-06T00:51:00+00:00,ASIAN_SESSION,RECOVERED_EXISTING_B9_SUMMARY,RECOVERED_EXISTING_B9_SUMMARY,M1_BAR_PROXY,RECONSTRUCTED,0.35,RECOVERED_FRICTION_ABSORPTION_LIKE,"Flux mixte: conserver comme lecture de contexte, pas comme décision.","Base scene: Flux mixte: conserver comme lecture de contexte, pas comme décision. (RECOVERED_FRICTION_ABSORPTION_LIKE).","Reaction raw frictionnelle: activite lisible avec deplacement contraint, delta 0 pips, range 1.6 pips, 47 ticks.","Projection faible: effort/rotation absorbe le deplacement, delta/range=0.00.","KEEP nuance: scene utile, raw nuance la lecture sans la durcir en confirmation.",NUANCED_BY_RAW,NUANCED_BY_RAW,NUANCED_BY_RAW,0.860,SOURCE_QUALITY_STRONG,SOURCE_QUALITY_STRONG,0.950,B6_KEEP_CANDIDATE,RAW_FRICTION_CONFIRMED,0.0,1.6,47,FRICTION_ABSORPTION_MEMORY,FRICTION_ABSORPTION_MEMORY|RECOVERED_EXISTING_B9_SUMMARY|M1_BAR_PROXY|NUANCED_BY_RAW|RAW_FRICTION_CONFIRMED|SOURCE_QUALITY_STRONG,KEEP memoire: FRICTION_ABSORPTION_MEMORY; KEEP nuance: raw nuance la scene mais qualite/texture suffisantes pour comparaison B6; provenance RECOVERED_EXISTING_B9_SUMMARY; score memoire 0.950.,"Comparer les scenes d'effort visible sans resultat directionnel propre, absorption ou friction locale.",family=FRICTION_ABSORPTION_MEMORY; session=ASIAN_SESSION; raw_texture=RAW_FRICTION_CONFIRMED; raw_agreement=NUANCED_BY_RAW; source_quality=SOURCE_QUALITY_STRONG; source_family=RECOVERED_EXISTING_B9_SUMMARY; source_mode=M1_BAR_PROXY,RECOVERED_EXISTING_B9_SUMMARY: recovered explicit B9 moments; shift0 raw alignment; proxy/reconstructed reading; not full footprint claim; NUANCED_BY_RAW: useful but not hard-confirmed raw; source_quality_raw=RECOVERED_EXISTING_B9_SUMMARY_SHIFT0_FULL_RAW_ALIGNMENT; confidence_cap=0.35; read-only; no DB write; no dashboard; no Telegram; no BUY/SELL; T0113 film card is comparative memory only; no prediction; no BUY/SELL; no probability of success
B6FC_20260506_0051_456CEB35,2026-05-06,2026-05-06T00:51:00+00:00,2026-05-06T00:52:00+00:00,ASIAN_SESSION,RECOVERED_EXISTING_B9_SUMMARY,RECOVERED_EXISTING_B9_SUMMARY,M1_BAR_PROXY,RECONSTRUCTED,0.35,RECOVERED_FRICTION_ABSORPTION_LIKE,"Flux mixte: conserver comme lecture de contexte, pas comme décision.","Base scene: Flux mixte: conserver comme lecture de contexte, pas comme décision. (RECOVERED_FRICTION_ABSORPTION_LIKE).","Reaction raw frictionnelle: activite lisible avec deplacement contraint, delta 0.7 pips, range 1.2 pips, 47 ticks.","Projection partielle: mouvement utile mais encore nuance par la texture, delta/range=0.58.","KEEP nuance: scene utile, raw nuance la lecture sans la durcir en confirmation.",NUANCED_BY_RAW,NUANCED_BY_RAW,NUANCED_BY_RAW,0.860,SOURCE_QUALITY_STRONG,SOURCE_QUALITY_STRONG,0.950,B6_KEEP_CANDIDATE,RAW_FRICTION_CONFIRMED,0.7,1.2,47,FRICTION_ABSORPTION_MEMORY,FRICTION_ABSORPTION_MEMORY|RECOVERED_EXISTING_B9_SUMMARY|M1_BAR_PROXY|NUANCED_BY_RAW|RAW_FRICTION_CONFIRMED|SOURCE_QUALITY_STRONG,KEEP memoire: FRICTION_ABSORPTION_MEMORY; KEEP nuance: raw nuance la scene mais qualite/texture suffisantes pour comparaison B6; provenance RECOVERED_EXISTING_B9_SUMMARY; score memoire 0.950.,"Comparer les scenes d'effort visible sans resultat directionnel propre, absorption ou friction locale.",family=FRICTION_ABSORPTION_MEMORY; session=ASIAN_SESSION; raw_texture=RAW_FRICTION_CONFIRMED; raw_agreement=NUANCED_BY_RAW; source_quality=SOURCE_QUALITY_STRONG; source_family=RECOVERED_EXISTING_B9_SUMMARY; source_mode=M1_BAR_PROXY,RECOVERED_EXISTING_B9_SUMMARY: recovered explicit B9 moments; shift0 raw alignment; proxy/reconstructed reading; not full footprint claim; NUANCED_BY_RAW: useful but not hard-confirmed raw; source_quality_raw=RECOVERED_EXISTING_B9_SUMMARY_SHIFT0_FULL_RAW_ALIGNMENT; confidence_cap=0.35; read-only; no DB write; no dashboard; no Telegram; no BUY/SELL; T0113 film card is comparative memory only; no prediction; no BUY/SELL; no probability of success
B6FC_20260506_0052_2F370743,2026-05-06,2026-05-06T00:52:00+00:00,2026-05-06T00:53:00+00:00,ASIAN_SESSION,RECOVERED_EXISTING_B9_SUMMARY,RECOVERED_EXISTING_B9_SUMMARY,M1_BAR_PROXY,RECONSTRUCTED,0.35,RECOVERED_FRICTION_ABSORPTION_LIKE,"Flux mixte: conserver comme lecture de contexte, pas comme décision.","Base scene: Flux mixte: conserver comme lecture de contexte, pas comme décision. (RECOVERED_FRICTION_ABSORPTION_LIKE).","Reaction raw frictionnelle: activite lisible avec deplacement contraint, delta -0.2 pips, range 1.3 pips, 60 ticks.","Projection faible: effort/rotation absorbe le deplacement, delta/range=0.15.","KEEP nuance: scene utile, raw nuance la lecture sans la durcir en confirmation.",NUANCED_BY_RAW,NUANCED_BY_RAW,NUANCED_BY_RAW,0.860,SOURCE_QUALITY_STRONG,SOURCE_QUALITY_STRONG,0.950,B6_KEEP_CANDIDATE,RAW_FRICTION_CONFIRMED,-0.2,1.3,60,FRICTION_ABSORPTION_MEMORY,FRICTION_ABSORPTION_MEMORY|RECOVERED_EXISTING_B9_SUMMARY|M1_BAR_PROXY|NUANCED_BY_RAW|RAW_FRICTION_CONFIRMED|SOURCE_QUALITY_STRONG,KEEP memoire: FRICTION_ABSORPTION_MEMORY; KEEP nuance: raw nuance la scene mais qualite/texture suffisantes pour comparaison B6; provenance RECOVERED_EXISTING_B9_SUMMARY; score memoire 0.950.,"Comparer les scenes d'effort visible sans resultat directionnel propre, absorption ou friction locale.",family=FRICTION_ABSORPTION_MEMORY; session=ASIAN_SESSION; raw_texture=RAW_FRICTION_CONFIRMED; raw_agreement=NUANCED_BY_RAW; source_quality=SOURCE_QUALITY_STRONG; source_family=RECOVERED_EXISTING_B9_SUMMARY; source_mode=M1_BAR_PROXY,RECOVERED_EXISTING_B9_SUMMARY: recovered explicit B9 moments; shift0 raw alignment; proxy/reconstructed reading; not full footprint claim; NUANCED_BY_RAW: useful but not hard-confirmed raw; source_quality_raw=RECOVERED_EXISTING_B9_SUMMARY_SHIFT0_FULL_RAW_ALIGNMENT; confidence_cap=0.35; read-only; no DB write; no dashboard; no Telegram; no BUY/SELL; T0113 film card is comparative memory only; no prediction; no BUY/SELL; no probability of success
B6FC_20260506_0053_AEDCA6AD,2026-05-06,2026-05-06T00:53:00+00:00,2026-05-06T00:54:00+00:00,ASIAN_SESSION,RECOVERED_EXISTING_B9_SUMMARY,RECOVERED_EXISTING_B9_SUMMARY,M1_BAR_PROXY,RECONSTRUCTED,0.35,RECOVERED_FRICTION_ABSORPTION_LIKE,"Flux mixte: conserver comme lecture de contexte, pas comme décision.","Base scene: Flux mixte: conserver comme lecture de contexte, pas comme décision. (RECOVERED_FRICTION_ABSORPTION_LIKE).","Reaction raw frictionnelle: activite lisible avec deplacement contraint, delta 0.9 pips, range 1.8 pips, 67 ticks.","Projection partielle: mouvement utile mais encore nuance par la texture, delta/range=0.50.","KEEP nuance: scene utile, raw nuance la lecture sans la durcir en confirmation.",NUANCED_BY_RAW,NUANCED_BY_RAW,NUANCED_BY_RAW,0.860,SOURCE_QUALITY_STRONG,SOURCE_QUALITY_STRONG,0.950,B6_KEEP_CANDIDATE,RAW_FRICTION_CONFIRMED,0.9,1.8,67,FRICTION_ABSORPTION_MEMORY,FRICTION_ABSORPTION_MEMORY|RECOVERED_EXISTING_B9_SUMMARY|M1_BAR_PROXY|NUANCED_BY_RAW|RAW_FRICTION_CONFIRMED|SOURCE_QUALITY_STRONG,KEEP memoire: FRICTION_ABSORPTION_MEMORY; KEEP nuance: raw nuance la scene mais qualite/texture suffisantes pour comparaison B6; provenance RECOVERED_EXISTING_B9_SUMMARY; score memoire 0.950.,"Comparer les scenes d'effort visible sans resultat directionnel propre, absorption ou friction locale.",family=FRICTION_ABSORPTION_MEMORY; session=ASIAN_SESSION; raw_texture=RAW_FRICTION_CONFIRMED; raw_agreement=NUANCED_BY_RAW; source_quality=SOURCE_QUALITY_STRONG; source_family=RECOVERED_EXISTING_B9_SUMMARY; source_mode=M1_BAR_PROXY,RECOVERED_EXISTING_B9_SUMMARY: recovered explicit B9 moments; shift0 raw alignment; proxy/reconstructed reading; not full footprint claim; NUANCED_BY_RAW: useful but not hard-confirmed raw; source_quality_raw=RECOVERED_EXISTING_B9_SUMMARY_SHIFT0_FULL_RAW_ALIGNMENT; confidence_cap=0.35; read-only; no DB write; no dashboard; no Telegram; no BUY/SELL; T0113 film card is comparative memory only; no prediction; no BUY/SELL; no probability of success
B6FC_20260506_0054_4F75EAB4,2026-05-06,2026-05-06T00:54:00+00:00,2026-05-06T00:55:00+00:00,ASIAN_SESSION,RECOVERED_EXISTING_B9_SUMMARY,RECOVERED_EXISTING_B9_SUMMARY,M1_BAR_PROXY,RECONSTRUCTED,0.35,RECOVERED_FRICTION_ABSORPTION_LIKE,"Flux mixte: conserver comme lecture de contexte, pas comme décision.","Base scene: Flux mixte: conserver comme lecture de contexte, pas comme décision. (RECOVERED_FRICTION_ABSORPTION_LIKE).","Reaction raw frictionnelle: activite lisible avec deplacement contraint, delta 0.6 pips, range 1.3 pips, 50 ticks.","Projection partielle: mouvement utile mais encore nuance par la texture, delta/range=0.46.","KEEP nuance: scene utile, raw nuance la lecture sans la durcir en confirmation.",NUANCED_BY_RAW,NUANCED_BY_RAW,NUANCED_BY_RAW,0.860,SOURCE_QUALITY_STRONG,SOURCE_QUALITY_STRONG,0.950,B6_KEEP_CANDIDATE,RAW_FRICTION_CONFIRMED,0.6,1.3,50,FRICTION_ABSORPTION_MEMORY,FRICTION_ABSORPTION_MEMORY|RECOVERED_EXISTING_B9_SUMMARY|M1_BAR_PROXY|NUANCED_BY_RAW|RAW_FRICTION_CONFIRMED|SOURCE_QUALITY_STRONG,KEEP memoire: FRICTION_ABSORPTION_MEMORY; KEEP nuance: raw nuance la scene mais qualite/texture suffisantes pour comparaison B6; provenance RECOVERED_EXISTING_B9_SUMMARY; score memoire 0.950.,"Comparer les scenes d'effort visible sans resultat directionnel propre, absorption ou friction locale.",family=FRICTION_ABSORPTION_MEMORY; session=ASIAN_SESSION; raw_texture=RAW_FRICTION_CONFIRMED; raw_agreement=NUANCED_BY_RAW; source_quality=SOURCE_QUALITY_STRONG; source_family=RECOVERED_EXISTING_B9_SUMMARY; source_mode=M1_BAR_PROXY,RECOVERED_EXISTING_B9_SUMMARY: recovered explicit B9 moments; shift0 raw alignment; proxy/reconstructed reading; not full footprint claim; NUANCED_BY_RAW: useful but not hard-confirmed raw; source_quality_raw=RECOVERED_EXISTING_B9_SUMMARY_SHIFT0_FULL_RAW_ALIGNMENT; confidence_cap=0.35; read-only; no DB write; no dashboard; no Telegram; no BUY/SELL; T0113 film card is comparative memory only; no prediction; no BUY/SELL; no probability of success
B6FC_20260507_0001_9D7F6788,2026-05-07,2026-05-07T00:01:00+00:00,2026-05-07T01:01:00+00:00,ASIAN_SESSION,FORCE_SNAPSHOT_DERIVED,FORCE_SNAPSHOT_DERIVED,M1_BAR_PROXY,RECONSTRUCTED_FORCE_SNAPSHOT_DERIVED,0.35,FLOW_DIRECTIONAL_DISPLACEMENT,Déplacement directionnel proxy,Base scene: Déplacement directionnel proxy (FLOW_DIRECTIONAL_DISPLACEMENT).,"Reaction raw rotationnelle: respiration/rotation de zone, delta -4.1 pips, range 9.2 pips, 3757 ticks.","Projection partielle: mouvement utile mais encore nuance par la texture, delta/range=0.45.","KEEP nuance: scene utile, raw nuance la lecture sans la durcir en confirmation.",NUANCED_BY_RAW,NUANCED_BY_RAW,NUANCED_BY_RAW,0.880,SOURCE_QUALITY_STRONG,SOURCE_QUALITY_STRONG,0.950,B6_KEEP_CANDIDATE,RAW_ROTATION_CONFIRMED,-4.1,9.2,3757,DIRECTIONAL_PROGRESS_MEMORY,DIRECTIONAL_PROGRESS_MEMORY|FORCE_SNAPSHOT_DERIVED|M1_BAR_PROXY|NUANCED_BY_RAW|RAW_ROTATION_CONFIRMED|SOURCE_QUALITY_STRONG,KEEP memoire: DIRECTIONAL_PROGRESS_MEMORY; KEEP nuance: raw nuance la scene mais qualite/texture suffisantes pour comparaison B6; provenance FORCE_SNAPSHOT_DERIVED; score memoire 0.950.,Comparer les scenes de progression / deplacement directionnel avec role raw explicite.,family=DIRECTIONAL_PROGRESS_MEMORY; session=ASIAN_SESSION; raw_texture=RAW_ROTATION_CONFIRMED; raw_agreement=NUANCED_BY_RAW; source_quality=SOURCE_QUALITY_STRONG; source_family=FORCE_SNAPSHOT_DERIVED; source_mode=M1_BAR_PROXY,FORCE_SNAPSHOT_DERIVED: reconstruction force_snapshots_v2; not recovered existing summary; proxy/reconstructed reading; not full footprint claim; NUANCED_BY_RAW: useful but not hard-confirmed raw; source_quality_raw=FULL_DAY_M1_PROXY; confidence_cap=0.35; read-only; no DB write; no dashboard; no Telegram; no BUY/SELL; T0113 film card is comparative memory only; no prediction; no BUY/SELL; no probability of success
B6FC_20260507_0101_12593528,2026-05-07,2026-05-07T01:01:00+00:00,2026-05-07T02:01:00+00:00,ASIAN_SESSION,FORCE_SNAPSHOT_DERIVED,FORCE_SNAPSHOT_DERIVED,M1_BAR_PROXY,RECONSTRUCTED_FORCE_SNAPSHOT_DERIVED,0.35,FLOW_FRICTION_ABSORPTION_LIKE,Friction / absorption-like proxy,Base scene: Friction / absorption-like proxy (FLOW_FRICTION_ABSORPTION_LIKE).,"Reaction raw progressive: delta 17 pips, range 17.5 pips, 3543 ticks.",Projection directionnelle lisible: delta/range=0.97.,KEEP fort: accord raw confirme et source quality forte.,CONFIRMED_BY_RAW,CONFIRMED_BY_RAW,CONFIRMED_BY_RAW,0.880,SOURCE_QUALITY_STRONG,SOURCE_QUALITY_STRONG,0.950,B6_KEEP_CANDIDATE,RAW_PROGRESS_CONFIRMED,17.0,17.5,3543,FRICTION_ABSORPTION_MEMORY,FRICTION_ABSORPTION_MEMORY|FORCE_SNAPSHOT_DERIVED|M1_BAR_PROXY|CONFIRMED_BY_RAW|RAW_PROGRESS_CONFIRMED|SOURCE_QUALITY_STRONG,"KEEP memoire: FRICTION_ABSORPTION_MEMORY; KEEP prioritaire: scene confirmee raw, texture RAW_PROGRESS_CONFIRMED, provenance FORCE_SNAPSHOT_DERIVED, score memoire 0.950.","Comparer les scenes d'effort visible sans resultat directionnel propre, absorption ou friction locale.",family=FRICTION_ABSORPTION_MEMORY; session=ASIAN_SESSION; raw_texture=RAW_PROGRESS_CONFIRMED; raw_agreement=CONFIRMED_BY_RAW; source_quality=SOURCE_QUALITY_STRONG; source_family=FORCE_SNAPSHOT_DERIVED; source_mode=M1_BAR_PROXY,FORCE_SNAPSHOT_DERIVED: reconstruction force_snapshots_v2; not recovered existing summary; proxy/reconstructed reading; not full footprint claim; CONFIRMED_BY_RAW: raw supports proxy reading; source_quality_raw=FULL_DAY_M1_PROXY; confidence_cap=0.35; read-only; no DB write; no dashboard; no Telegram; no BUY/SELL; T0113 film card is comparative memory only; no prediction; no BUY/SELL; no probability of success
B6FC_20260507_0201_64FDCE10,2026-05-07,2026-05-07T02:01:00+00:00,2026-05-07T03:01:00+00:00,ASIAN_SESSION,FORCE_SNAPSHOT_DERIVED,FORCE_SNAPSHOT_DERIVED,M1_BAR_PROXY,RECONSTRUCTED_FORCE_SNAPSHOT_DERIVED,0.35,FLOW_FRICTION_ABSORPTION_LIKE,Friction / absorption-like proxy,Base scene: Friction / absorption-like proxy (FLOW_FRICTION_ABSORPTION_LIKE).,"Reaction raw progressive: delta -5.6 pips, range 7.3 pips, 2754 ticks.",Projection directionnelle lisible: delta/range=0.77.,KEEP fort: accord raw confirme et source quality forte.,CONFIRMED_BY_RAW,CONFIRMED_BY_RAW,CONFIRMED_BY_RAW,0.880,SOURCE_QUALITY_STRONG,SOURCE_QUALITY_STRONG,0.950,B6_KEEP_CANDIDATE,RAW_PROGRESS_CONFIRMED,-5.6,7.3,2754,FRICTION_ABSORPTION_MEMORY,FRICTION_ABSORPTION_MEMORY|FORCE_SNAPSHOT_DERIVED|M1_BAR_PROXY|CONFIRMED_BY_RAW|RAW_PROGRESS_CONFIRMED|SOURCE_QUALITY_STRONG,"KEEP memoire: FRICTION_ABSORPTION_MEMORY; KEEP prioritaire: scene confirmee raw, texture RAW_PROGRESS_CONFIRMED, provenance FORCE_SNAPSHOT_DERIVED, score memoire 0.950.","Comparer les scenes d'effort visible sans resultat directionnel propre, absorption ou friction locale.",family=FRICTION_ABSORPTION_MEMORY; session=ASIAN_SESSION; raw_texture=RAW_PROGRESS_CONFIRMED; raw_agreement=CONFIRMED_BY_RAW; source_quality=SOURCE_QUALITY_STRONG; source_family=FORCE_SNAPSHOT_DERIVED; source_mode=M1_BAR_PROXY,FORCE_SNAPSHOT_DERIVED: reconstruction force_snapshots_v2; not recovered existing summary; proxy/reconstructed reading; not full footprint claim; CONFIRMED_BY_RAW: raw supports proxy reading; source_quality_raw=FULL_DAY_M1_PROXY; confidence_cap=0.35; read-only; no DB write; no dashboard; no Telegram; no BUY/SELL; T0113 film card is comparative memory only; no prediction; no BUY/SELL; no probability of success
B6FC_20260507_0301_23872A18,2026-05-07,2026-05-07T03:01:00+00:00,2026-05-07T04:01:00+00:00,ASIAN_SESSION,FORCE_SNAPSHOT_DERIVED,FORCE_SNAPSHOT_DERIVED,M1_BAR_PROXY,RECONSTRUCTED_FORCE_SNAPSHOT_DERIVED,0.35,FLOW_ROTATIONAL,Rotation / respiration de zone,Base scene: Rotation / respiration de zone (FLOW_ROTATIONAL).,"Reaction raw progressive: delta -8.1 pips, range 11.1 pips, 2336 ticks.",Projection directionnelle lisible: delta/range=0.73.,KEEP fort: accord raw confirme et source quality forte.,CONFIRMED_BY_RAW,CONFIRMED_BY_RAW,CONFIRMED_BY_RAW,0.880,SOURCE_QUALITY_STRONG,SOURCE_QUALITY_STRONG,0.950,B6_KEEP_CANDIDATE,RAW_PROGRESS_CONFIRMED,-8.1,11.1,2336,DIRECTIONAL_PROGRESS_MEMORY,DIRECTIONAL_PROGRESS_MEMORY|FORCE_SNAPSHOT_DERIVED|M1_BAR_PROXY|CONFIRMED_BY_RAW|RAW_PROGRESS_CONFIRMED|SOURCE_QUALITY_STRONG,"KEEP memoire: DIRECTIONAL_PROGRESS_MEMORY; KEEP prioritaire: scene confirmee raw, texture RAW_PROGRESS_CONFIRMED, provenance FORCE_SNAPSHOT_DERIVED, score memoire 0.950.",Comparer les scenes de progression / deplacement directionnel avec role raw explicite.,family=DIRECTIONAL_PROGRESS_MEMORY; session=ASIAN_SESSION; raw_texture=RAW_PROGRESS_CONFIRMED; raw_agreement=CONFIRMED_BY_RAW; source_quality=SOURCE_QUALITY_STRONG; source_family=FORCE_SNAPSHOT_DERIVED; source_mode=M1_BAR_PROXY,FORCE_SNAPSHOT_DERIVED: reconstruction force_snapshots_v2; not recovered existing summary; proxy/reconstructed reading; not full footprint claim; CONFIRMED_BY_RAW: raw supports proxy reading; source_quality_raw=FULL_DAY_M1_PROXY; confidence_cap=0.35; read-only; no DB write; no dashboard; no Telegram; no BUY/SELL; T0113 film card is comparative memory only; no prediction; no BUY/SELL; no probability of success
B6FC_20260507_0401_266B77FF,2026-05-07,2026-05-07T04:01:00+00:00,2026-05-07T05:01:00+00:00,ASIAN_SESSION,FORCE_SNAPSHOT_DERIVED,FORCE_SNAPSHOT_DERIVED,M1_BAR_PROXY,RECONSTRUCTED_FORCE_SNAPSHOT_DERIVED,0.35,FLOW_DIRECTIONAL_DISPLACEMENT,Déplacement directionnel proxy,Base scene: Déplacement directionnel proxy (FLOW_DIRECTIONAL_DISPLACEMENT).,"Reaction raw progressive: delta 4.5 pips, range 8.3 pips, 2137 ticks.","Projection partielle: mouvement utile mais encore nuance par la texture, delta/range=0.54.",KEEP fort: accord raw confirme et source quality forte.,CONFIRMED_BY_RAW,CONFIRMED_BY_RAW,CONFIRMED_BY_RAW,0.880,SOURCE_QUALITY_STRONG,SOURCE_QUALITY_STRONG,0.950,B6_KEEP_CANDIDATE,RAW_PROGRESS_CONFIRMED,4.5,8.3,2137,DIRECTIONAL_PROGRESS_MEMORY,DIRECTIONAL_PROGRESS_MEMORY|FORCE_SNAPSHOT_DERIVED|M1_BAR_PROXY|CONFIRMED_BY_RAW|RAW_PROGRESS_CONFIRMED|SOURCE_QUALITY_STRONG,"KEEP memoire: DIRECTIONAL_PROGRESS_MEMORY; KEEP prioritaire: scene confirmee raw, texture RAW_PROGRESS_CONFIRMED, provenance FORCE_SNAPSHOT_DERIVED, score memoire 0.950.",Comparer les scenes de progression / deplacement directionnel avec role raw explicite.,family=DIRECTIONAL_PROGRESS_MEMORY; session=ASIAN_SESSION; raw_texture=RAW_PROGRESS_CONFIRMED; raw_agreement=CONFIRMED_BY_RAW; source_quality=SOURCE_QUALITY_STRONG; source_family=FORCE_SNAPSHOT_DERIVED; source_mode=M1_BAR_PROXY,FORCE_SNAPSHOT_DERIVED: reconstruction force_snapshots_v2; not recovered existing summary; proxy/reconstructed reading; not full footprint claim; CONFIRMED_BY_RAW: raw supports proxy reading; source_quality_raw=FULL_DAY_M1_PROXY; confidence_cap=0.35; read-only; no DB write; no dashboard; no Telegram; no BUY/SELL; T0113 film card is comparative memory only; no prediction; no BUY/SELL; no probability of success
B6FC_20260507_0501_2F8DC3A3,2026-05-07,2026-05-07T05:01:00+00:00,2026-05-07T06:01:00+00:00,ASIAN_SESSION,FORCE_SNAPSHOT_DERIVED,FORCE_SNAPSHOT_DERIVED,M1_BAR_PROXY,RECONSTRUCTED_FORCE_SNAPSHOT_DERIVED,0.35,FLOW_DIRECTIONAL_DISPLACEMENT,Déplacement directionnel proxy,Base scene: Déplacement directionnel proxy (FLOW_DIRECTIONAL_DISPLACEMENT).,"Reaction raw progressive: delta -2.8 pips, range 7.4 pips, 2342 ticks.","Projection partielle: mouvement utile mais encore nuance par la texture, delta/range=0.38.",KEEP fort: accord raw confirme et source quality forte.,CONFIRMED_BY_RAW,CONFIRMED_BY_RAW,CONFIRMED_BY_RAW,0.880,SOURCE_QUALITY_STRONG,SOURCE_QUALITY_STRONG,0.950,B6_KEEP_CANDIDATE,RAW_PROGRESS_CONFIRMED,-2.8,7.4,2342,DIRECTIONAL_PROGRESS_MEMORY,DIRECTIONAL_PROGRESS_MEMORY|FORCE_SNAPSHOT_DERIVED|M1_BAR_PROXY|CONFIRMED_BY_RAW|RAW_PROGRESS_CONFIRMED|SOURCE_QUALITY_STRONG,"KEEP memoire: DIRECTIONAL_PROGRESS_MEMORY; KEEP prioritaire: scene confirmee raw, texture RAW_PROGRESS_CONFIRMED, provenance FORCE_SNAPSHOT_DERIVED, score memoire 0.950.",Comparer les scenes de progression / deplacement directionnel avec role raw explicite.,family=DIRECTIONAL_PROGRESS_MEMORY; session=ASIAN_SESSION; raw_texture=RAW_PROGRESS_CONFIRMED; raw_agreement=CONFIRMED_BY_RAW; source_quality=SOURCE_QUALITY_STRONG; source_family=FORCE_SNAPSHOT_DERIVED; source_mode=M1_BAR_PROXY,FORCE_SNAPSHOT_DERIVED: reconstruction force_snapshots_v2; not recovered existing summary; proxy/reconstructed reading; not full footprint claim; CONFIRMED_BY_RAW: raw supports proxy reading; source_quality_raw=FULL_DAY_M1_PROXY; confidence_cap=0.35; read-only; no DB write; no dashboard; no Telegram; no BUY/SELL; T0113 film card is comparative memory only; no prediction; no BUY/SELL; no probability of success
B6FC_20260507_0601_2049CA9D,2026-05-07,2026-05-07T06:01:00+00:00,2026-05-07T07:01:00+00:00,ASIAN_SESSION,FORCE_SNAPSHOT_DERIVED,FORCE_SNAPSHOT_DERIVED,M1_BAR_PROXY,RECONSTRUCTED_FORCE_SNAPSHOT_DERIVED,0.35,FLOW_DIRECTIONAL_DISPLACEMENT,Déplacement directionnel proxy,Base scene: Déplacement directionnel proxy (FLOW_DIRECTIONAL_DISPLACEMENT).,"Reaction raw rotationnelle: respiration/rotation de zone, delta 7.7 pips, range 17.3 pips, 4411 ticks.","Projection partielle: mouvement utile mais encore nuance par la texture, delta/range=0.45.","KEEP nuance: scene utile, raw nuance la lecture sans la durcir en confirmation.",NUANCED_BY_RAW,NUANCED_BY_RAW,NUANCED_BY_RAW,0.880,SOURCE_QUALITY_STRONG,SOURCE_QUALITY_STRONG,0.950,B6_KEEP_CANDIDATE,RAW_ROTATION_CONFIRMED,7.7,17.3,4411,DIRECTIONAL_PROGRESS_MEMORY,DIRECTIONAL_PROGRESS_MEMORY|FORCE_SNAPSHOT_DERIVED|M1_BAR_PROXY|NUANCED_BY_RAW|RAW_ROTATION_CONFIRMED|SOURCE_QUALITY_STRONG,KEEP memoire: DIRECTIONAL_PROGRESS_MEMORY; KEEP nuance: raw nuance la scene mais qualite/texture suffisantes pour comparaison B6; provenance FORCE_SNAPSHOT_DERIVED; score memoire 0.950.,Comparer les scenes de progression / deplacement directionnel avec role raw explicite.,family=DIRECTIONAL_PROGRESS_MEMORY; session=ASIAN_SESSION; raw_texture=RAW_ROTATION_CONFIRMED; raw_agreement=NUANCED_BY_RAW; source_quality=SOURCE_QUALITY_STRONG; source_family=FORCE_SNAPSHOT_DERIVED; source_mode=M1_BAR_PROXY,FORCE_SNAPSHOT_DERIVED: reconstruction force_snapshots_v2; not recovered existing summary; proxy/reconstructed reading; not full footprint claim; NUANCED_BY_RAW: useful but not hard-confirmed raw; source_quality_raw=FULL_DAY_M1_PROXY; confidence_cap=0.35; read-only; no DB write; no dashboard; no Telegram; no BUY/SELL; T0113 film card is comparative memory only; no prediction; no BUY/SELL; no probability of success
B6FC_20260507_0701_A9330F01,2026-05-07,2026-05-07T07:01:00+00:00,2026-05-07T08:01:00+00:00,ASIA_LONDON_HANDOVER,FORCE_SNAPSHOT_DERIVED,FORCE_SNAPSHOT_DERIVED,M1_BAR_PROXY,RECONSTRUCTED_FORCE_SNAPSHOT_DERIVED,0.35,FLOW_DIRECTIONAL_DISPLACEMENT,Déplacement directionnel proxy,Base scene: Déplacement directionnel proxy (FLOW_DIRECTIONAL_DISPLACEMENT).,"Reaction raw progressive: delta 17.6 pips, range 22 pips, 5358 ticks.",Projection directionnelle lisible: delta/range=0.80.,KEEP fort: accord raw confirme et source quality forte.,CONFIRMED_BY_RAW,CONFIRMED_BY_RAW,CONFIRMED_BY_RAW,0.880,SOURCE_QUALITY_STRONG,SOURCE_QUALITY_STRONG,0.950,B6_KEEP_CANDIDATE,RAW_PROGRESS_CONFIRMED,17.6,22.0,5358,DIRECTIONAL_PROGRESS_MEMORY,DIRECTIONAL_PROGRESS_MEMORY|FORCE_SNAPSHOT_DERIVED|M1_BAR_PROXY|CONFIRMED_BY_RAW|RAW_PROGRESS_CONFIRMED|SOURCE_QUALITY_STRONG,"KEEP memoire: DIRECTIONAL_PROGRESS_MEMORY; KEEP prioritaire: scene confirmee raw, texture RAW_PROGRESS_CONFIRMED, provenance FORCE_SNAPSHOT_DERIVED, score memoire 0.950.",Comparer les scenes de progression / deplacement directionnel avec role raw explicite.,family=DIRECTIONAL_PROGRESS_MEMORY; session=ASIA_LONDON_HANDOVER; raw_texture=RAW_PROGRESS_CONFIRMED; raw_agreement=CONFIRMED_BY_RAW; source_quality=SOURCE_QUALITY_STRONG; source_family=FORCE_SNAPSHOT_DERIVED; source_mode=M1_BAR_PROXY,FORCE_SNAPSHOT_DERIVED: reconstruction force_snapshots_v2; not recovered existing summary; proxy/reconstructed reading; not full footprint claim; CONFIRMED_BY_RAW: raw supports proxy reading; source_quality_raw=FULL_DAY_M1_PROXY; confidence_cap=0.35; read-only; no DB write; no dashboard; no Telegram; no BUY/SELL; T0113 film card is comparative memory only; no prediction; no BUY/SELL; no probability of success
B6FC_20260507_0801_8729762A,2026-05-07,2026-05-07T08:01:00+00:00,2026-05-07T09:01:00+00:00,LONDON_IGNITION,FORCE_SNAPSHOT_DERIVED,FORCE_SNAPSHOT_DERIVED,M1_BAR_PROXY,RECONSTRUCTED_FORCE_SNAPSHOT_DERIVED,0.35,FLOW_DIRECTIONAL_DISPLACEMENT,Déplacement directionnel proxy,Base scene: Déplacement directionnel proxy (FLOW_DIRECTIONAL_DISPLACEMENT).,"Reaction raw rotationnelle: respiration/rotation de zone, delta -1 pips, range 9.6 pips, 3991 ticks.","Projection faible: effort/rotation absorbe le deplacement, delta/range=0.10.","KEEP nuance: scene utile, raw nuance la lecture sans la durcir en confirmation.",NUANCED_BY_RAW,NUANCED_BY_RAW,NUANCED_BY_RAW,0.880,SOURCE_QUALITY_STRONG,SOURCE_QUALITY_STRONG,0.950,B6_KEEP_CANDIDATE,RAW_ROTATION_CONFIRMED,-1.0,9.6,3991,DIRECTIONAL_PROGRESS_MEMORY,DIRECTIONAL_PROGRESS_MEMORY|FORCE_SNAPSHOT_DERIVED|M1_BAR_PROXY|NUANCED_BY_RAW|RAW_ROTATION_CONFIRMED|SOURCE_QUALITY_STRONG,KEEP memoire: DIRECTIONAL_PROGRESS_MEMORY; KEEP nuance: raw nuance la scene mais qualite/texture suffisantes pour comparaison B6; provenance FORCE_SNAPSHOT_DERIVED; score memoire 0.950.,Comparer les scenes de progression / deplacement directionnel avec role raw explicite.,family=DIRECTIONAL_PROGRESS_MEMORY; session=LONDON_IGNITION; raw_texture=RAW_ROTATION_CONFIRMED; raw_agreement=NUANCED_BY_RAW; source_quality=SOURCE_QUALITY_STRONG; source_family=FORCE_SNAPSHOT_DERIVED; source_mode=M1_BAR_PROXY,FORCE_SNAPSHOT_DERIVED: reconstruction force_snapshots_v2; not recovered existing summary; proxy/reconstructed reading; not full footprint claim; NUANCED_BY_RAW: useful but not hard-confirmed raw; source_quality_raw=FULL_DAY_M1_PROXY; confidence_cap=0.35; read-only; no DB write; no dashboard; no Telegram; no BUY/SELL; T0113 film card is comparative memory only; no prediction; no BUY/SELL; no probability of success
B6FC_20260507_0901_840EBDBF,2026-05-07,2026-05-07T09:01:00+00:00,2026-05-07T10:01:00+00:00,LONDON_IGNITION,FORCE_SNAPSHOT_DERIVED,FORCE_SNAPSHOT_DERIVED,M1_BAR_PROXY,RECONSTRUCTED_FORCE_SNAPSHOT_DERIVED,0.35,FLOW_WEAK_DIRECTIONAL,Flux faible / transition proxy,Base scene: Flux faible / transition proxy (FLOW_WEAK_DIRECTIONAL).,"Reaction raw rotationnelle: respiration/rotation de zone, delta -0.4 pips, range 7.2 pips, 3312 ticks.","Projection faible: effort/rotation absorbe le deplacement, delta/range=0.06.","KEEP nuance: scene utile, raw nuance la lecture sans la durcir en confirmation.",NUANCED_BY_RAW,NUANCED_BY_RAW,NUANCED_BY_RAW,0.880,SOURCE_QUALITY_STRONG,SOURCE_QUALITY_STRONG,0.950,B6_KEEP_CANDIDATE,RAW_ROTATION_CONFIRMED,-0.4,7.2,3312,DIRECTIONAL_PROGRESS_MEMORY,DIRECTIONAL_PROGRESS_MEMORY|FORCE_SNAPSHOT_DERIVED|M1_BAR_PROXY|NUANCED_BY_RAW|RAW_ROTATION_CONFIRMED|SOURCE_QUALITY_STRONG,KEEP memoire: DIRECTIONAL_PROGRESS_MEMORY; KEEP nuance: raw nuance la scene mais qualite/texture suffisantes pour comparaison B6; provenance FORCE_SNAPSHOT_DERIVED; score memoire 0.950.,Comparer les scenes de progression / deplacement directionnel avec role raw explicite.,family=DIRECTIONAL_PROGRESS_MEMORY; session=LONDON_IGNITION; raw_texture=RAW_ROTATION_CONFIRMED; raw_agreement=NUANCED_BY_RAW; source_quality=SOURCE_QUALITY_STRONG; source_family=FORCE_SNAPSHOT_DERIVED; source_mode=M1_BAR_PROXY,FORCE_SNAPSHOT_DERIVED: reconstruction force_snapshots_v2; not recovered existing summary; proxy/reconstructed reading; not full footprint claim; NUANCED_BY_RAW: useful but not hard-confirmed raw; source_quality_raw=FULL_DAY_M1_PROXY; confidence_cap=0.35; read-only; no DB write; no dashboard; no Telegram; no BUY/SELL; T0113 film card is comparative memory only; no prediction; no BUY/SELL; no probability of success
B6FC_20260507_1001_84D69526,2026-05-07,2026-05-07T10:01:00+00:00,2026-05-07T11:01:00+00:00,LONDON_IGNITION,FORCE_SNAPSHOT_DERIVED,FORCE_SNAPSHOT_DERIVED,M1_BAR_PROXY,RECONSTRUCTED_FORCE_SNAPSHOT_DERIVED,0.35,FLOW_DIRECTIONAL_DISPLACEMENT,Déplacement directionnel proxy,Base scene: Déplacement directionnel proxy (FLOW_DIRECTIONAL_DISPLACEMENT).,"Reaction raw progressive: delta 2.1 pips, range 11.9 pips, 3840 ticks.","Projection faible: effort/rotation absorbe le deplacement, delta/range=0.18.",KEEP fort: accord raw confirme et source quality forte.,CONFIRMED_BY_RAW,CONFIRMED_BY_RAW,CONFIRMED_BY_RAW,0.880,SOURCE_QUALITY_STRONG,SOURCE_QUALITY_STRONG,0.950,B6_KEEP_CANDIDATE,RAW_PROGRESS_CONFIRMED,2.1,11.9,3840,DIRECTIONAL_PROGRESS_MEMORY,DIRECTIONAL_PROGRESS_MEMORY|FORCE_SNAPSHOT_DERIVED|M1_BAR_PROXY|CONFIRMED_BY_RAW|RAW_PROGRESS_CONFIRMED|SOURCE_QUALITY_STRONG,"KEEP memoire: DIRECTIONAL_PROGRESS_MEMORY; KEEP prioritaire: scene confirmee raw, texture RAW_PROGRESS_CONFIRMED, provenance FORCE_SNAPSHOT_DERIVED, score memoire 0.950.",Comparer les scenes de progression / deplacement directionnel avec role raw explicite.,family=DIRECTIONAL_PROGRESS_MEMORY; session=LONDON_IGNITION; raw_texture=RAW_PROGRESS_CONFIRMED; raw_agreement=CONFIRMED_BY_RAW; source_quality=SOURCE_QUALITY_STRONG; source_family=FORCE_SNAPSHOT_DERIVED; source_mode=M1_BAR_PROXY,FORCE_SNAPSHOT_DERIVED: reconstruction force_snapshots_v2; not recovered existing summary; proxy/reconstructed reading; not full footprint claim; CONFIRMED_BY_RAW: raw supports proxy reading; source_quality_raw=FULL_DAY_M1_PROXY; confidence_cap=0.35; read-only; no DB write; no dashboard; no Telegram; no BUY/SELL; T0113 film card is comparative memory only; no prediction; no BUY/SELL; no probability of success
B6FC_20260507_1101_DF461CC5,2026-05-07,2026-05-07T11:01:00+00:00,2026-05-07T12:01:00+00:00,LONDON_MIDDAY_TRANSITION,FORCE_SNAPSHOT_DERIVED,FORCE_SNAPSHOT_DERIVED,M1_BAR_PROXY,RECONSTRUCTED_FORCE_SNAPSHOT_DERIVED,0.35,FLOW_ROTATIONAL,Rotation / respiration de zone,Base scene: Rotation / respiration de zone (FLOW_ROTATIONAL).,"Reaction raw progressive: delta -2.8 pips, range 14.7 pips, 3639 ticks.","Projection faible: effort/rotation absorbe le deplacement, delta/range=0.19.",KEEP fort: accord raw confirme et source quality forte.,CONFIRMED_BY_RAW,CONFIRMED_BY_RAW,CONFIRMED_BY_RAW,0.880,SOURCE_QUALITY_STRONG,SOURCE_QUALITY_STRONG,0.950,B6_KEEP_CANDIDATE,RAW_PROGRESS_CONFIRMED,-2.8,14.7,3639,DIRECTIONAL_PROGRESS_MEMORY,DIRECTIONAL_PROGRESS_MEMORY|FORCE_SNAPSHOT_DERIVED|M1_BAR_PROXY|CONFIRMED_BY_RAW|RAW_PROGRESS_CONFIRMED|SOURCE_QUALITY_STRONG,"KEEP memoire: DIRECTIONAL_PROGRESS_MEMORY; KEEP prioritaire: scene confirmee raw, texture RAW_PROGRESS_CONFIRMED, provenance FORCE_SNAPSHOT_DERIVED, score memoire 0.950.",Comparer les scenes de progression / deplacement directionnel avec role raw explicite.,family=DIRECTIONAL_PROGRESS_MEMORY; session=LONDON_MIDDAY_TRANSITION; raw_texture=RAW_PROGRESS_CONFIRMED; raw_agreement=CONFIRMED_BY_RAW; source_quality=SOURCE_QUALITY_STRONG; source_family=FORCE_SNAPSHOT_DERIVED; source_mode=M1_BAR_PROXY,FORCE_SNAPSHOT_DERIVED: reconstruction force_snapshots_v2; not recovered existing summary; proxy/reconstructed reading; not full footprint claim; CONFIRMED_BY_RAW: raw supports proxy reading; source_quality_raw=FULL_DAY_M1_PROXY; confidence_cap=0.35; read-only; no DB write; no dashboard; no Telegram; no BUY/SELL; T0113 film card is comparative memory only; no prediction; no BUY/SELL; no probability of success
B6FC_20260507_1201_D6C4BBD1,2026-05-07,2026-05-07T12:01:00+00:00,2026-05-07T13:01:00+00:00,LONDON_MIDDAY_TRANSITION,FORCE_SNAPSHOT_DERIVED,FORCE_SNAPSHOT_DERIVED,M1_BAR_PROXY,RECONSTRUCTED_FORCE_SNAPSHOT_DERIVED,0.35,FLOW_DIRECTIONAL_DISPLACEMENT,Déplacement directionnel proxy,Base scene: Déplacement directionnel proxy (FLOW_DIRECTIONAL_DISPLACEMENT).,"Reaction raw rotationnelle: respiration/rotation de zone, delta 1.2 pips, range 11.7 pips, 4288 ticks.","Projection faible: effort/rotation absorbe le deplacement, delta/range=0.10.","KEEP nuance: scene utile, raw nuance la lecture sans la durcir en confirmation.",NUANCED_BY_RAW,NUANCED_BY_RAW,NUANCED_BY_RAW,0.880,SOURCE_QUALITY_STRONG,SOURCE_QUALITY_STRONG,0.950,B6_KEEP_CANDIDATE,RAW_ROTATION_CONFIRMED,1.2,11.7,4288,DIRECTIONAL_PROGRESS_MEMORY,DIRECTIONAL_PROGRESS_MEMORY|FORCE_SNAPSHOT_DERIVED|M1_BAR_PROXY|NUANCED_BY_RAW|RAW_ROTATION_CONFIRMED|SOURCE_QUALITY_STRONG,KEEP memoire: DIRECTIONAL_PROGRESS_MEMORY; KEEP nuance: raw nuance la scene mais qualite/texture suffisantes pour comparaison B6; provenance FORCE_SNAPSHOT_DERIVED; score memoire 0.950.,Comparer les scenes de progression / deplacement directionnel avec role raw explicite.,family=DIRECTIONAL_PROGRESS_MEMORY; session=LONDON_MIDDAY_TRANSITION; raw_texture=RAW_ROTATION_CONFIRMED; raw_agreement=NUANCED_BY_RAW; source_quality=SOURCE_QUALITY_STRONG; source_family=FORCE_SNAPSHOT_DERIVED; source_mode=M1_BAR_PROXY,FORCE_SNAPSHOT_DERIVED: reconstruction force_snapshots_v2; not recovered existing summary; proxy/reconstructed reading; not full footprint claim; NUANCED_BY_RAW: useful but not hard-confirmed raw; source_quality_raw=FULL_DAY_M1_PROXY; confidence_cap=0.35; read-only; no DB write; no dashboard; no Telegram; no BUY/SELL; T0113 film card is comparative memory only; no prediction; no BUY/SELL; no probability of success
B6FC_20260507_1301_BF7C2857,2026-05-07,2026-05-07T13:01:00+00:00,2026-05-07T14:01:00+00:00,LONDON_NY_OVERLAP,FORCE_SNAPSHOT_DERIVED,FORCE_SNAPSHOT_DERIVED,M1_BAR_PROXY,RECONSTRUCTED_FORCE_SNAPSHOT_DERIVED,0.35,FLOW_WEAK_DIRECTIONAL,Flux faible / transition proxy,Base scene: Flux faible / transition proxy (FLOW_WEAK_DIRECTIONAL).,"Reaction raw rotationnelle: respiration/rotation de zone, delta -2.5 pips, range 13.2 pips, 5483 ticks.","Projection faible: effort/rotation absorbe le deplacement, delta/range=0.19.","KEEP nuance: scene utile, raw nuance la lecture sans la durcir en confirmation.",NUANCED_BY_RAW,NUANCED_BY_RAW,NUANCED_BY_RAW,0.880,SOURCE_QUALITY_STRONG,SOURCE_QUALITY_STRONG,0.950,B6_KEEP_CANDIDATE,RAW_ROTATION_CONFIRMED,-2.5,13.2,5483,DIRECTIONAL_PROGRESS_MEMORY,DIRECTIONAL_PROGRESS_MEMORY|FORCE_SNAPSHOT_DERIVED|M1_BAR_PROXY|NUANCED_BY_RAW|RAW_ROTATION_CONFIRMED|SOURCE_QUALITY_STRONG,KEEP memoire: DIRECTIONAL_PROGRESS_MEMORY; KEEP nuance: raw nuance la scene mais qualite/texture suffisantes pour comparaison B6; provenance FORCE_SNAPSHOT_DERIVED; score memoire 0.950.,Comparer les scenes de progression / deplacement directionnel avec role raw explicite.,family=DIRECTIONAL_PROGRESS_MEMORY; session=LONDON_NY_OVERLAP; raw_texture=RAW_ROTATION_CONFIRMED; raw_agreement=NUANCED_BY_RAW; source_quality=SOURCE_QUALITY_STRONG; source_family=FORCE_SNAPSHOT_DERIVED; source_mode=M1_BAR_PROXY,FORCE_SNAPSHOT_DERIVED: reconstruction force_snapshots_v2; not recovered existing summary; proxy/reconstructed reading; not full footprint claim; NUANCED_BY_RAW: useful but not hard-confirmed raw; source_quality_raw=FULL_DAY_M1_PROXY; confidence_cap=0.35; read-only; no DB write; no dashboard; no Telegram; no BUY/SELL; T0113 film card is comparative memory only; no prediction; no BUY/SELL; no probability of success
B6FC_20260507_1401_EAA2FC9D,2026-05-07,2026-05-07T14:01:00+00:00,2026-05-07T15:01:00+00:00,LONDON_NY_OVERLAP,FORCE_SNAPSHOT_DERIVED,FORCE_SNAPSHOT_DERIVED,M1_BAR_PROXY,RECONSTRUCTED_FORCE_SNAPSHOT_DERIVED,0.35,FLOW_ROTATIONAL,Rotation / respiration de zone,Base scene: Rotation / respiration de zone (FLOW_ROTATIONAL).,"Reaction raw rotationnelle: respiration/rotation de zone, delta 10.6 pips, range 18.5 pips, 5296 ticks.","Projection partielle: mouvement utile mais encore nuance par la texture, delta/range=0.57.","KEEP nuance: scene utile, raw nuance la lecture sans la durcir en confirmation.",NUANCED_BY_RAW,NUANCED_BY_RAW,NUANCED_BY_RAW,0.880,SOURCE_QUALITY_STRONG,SOURCE_QUALITY_STRONG,0.950,B6_KEEP_CANDIDATE,RAW_ROTATION_CONFIRMED,10.6,18.5,5296,ROTATION_BREATH_MEMORY,ROTATION_BREATH_MEMORY|FORCE_SNAPSHOT_DERIVED|M1_BAR_PROXY|NUANCED_BY_RAW|RAW_ROTATION_CONFIRMED|SOURCE_QUALITY_STRONG,KEEP memoire: ROTATION_BREATH_MEMORY; KEEP nuance: raw nuance la scene mais qualite/texture suffisantes pour comparaison B6; provenance FORCE_SNAPSHOT_DERIVED; score memoire 0.950.,"Comparer les respirations de zone, rotations et transitions sans durcir en prediction.",family=ROTATION_BREATH_MEMORY; session=LONDON_NY_OVERLAP; raw_texture=RAW_ROTATION_CONFIRMED; raw_agreement=NUANCED_BY_RAW; source_quality=SOURCE_QUALITY_STRONG; source_family=FORCE_SNAPSHOT_DERIVED; source_mode=M1_BAR_PROXY,FORCE_SNAPSHOT_DERIVED: reconstruction force_snapshots_v2; not recovered existing summary; proxy/reconstructed reading; not full footprint claim; NUANCED_BY_RAW: useful but not hard-confirmed raw; source_quality_raw=FULL_DAY_M1_PROXY; confidence_cap=0.35; read-only; no DB write; no dashboard; no Telegram; no BUY/SELL; T0113 film card is comparative memory only; no prediction; no BUY/SELL; no probability of success
B6FC_20260507_1501_1425BC5D,2026-05-07,2026-05-07T15:01:00+00:00,2026-05-07T16:01:00+00:00,LONDON_NY_OVERLAP,FORCE_SNAPSHOT_DERIVED,FORCE_SNAPSHOT_DERIVED,M1_BAR_PROXY,RECONSTRUCTED_FORCE_SNAPSHOT_DERIVED,0.35,FLOW_ROTATIONAL,Rotation / respiration de zone,Base scene: Rotation / respiration de zone (FLOW_ROTATIONAL).,"Reaction raw progressive: delta -21.4 pips, range 26 pips, 5779 ticks.",Projection directionnelle lisible: delta/range=0.82.,KEEP fort: accord raw confirme et source quality forte.,CONFIRMED_BY_RAW,CONFIRMED_BY_RAW,CONFIRMED_BY_RAW,0.880,SOURCE_QUALITY_STRONG,SOURCE_QUALITY_STRONG,0.950,B6_KEEP_CANDIDATE,RAW_PROGRESS_CONFIRMED,-21.4,26.0,5779,DIRECTIONAL_PROGRESS_MEMORY,DIRECTIONAL_PROGRESS_MEMORY|FORCE_SNAPSHOT_DERIVED|M1_BAR_PROXY|CONFIRMED_BY_RAW|RAW_PROGRESS_CONFIRMED|SOURCE_QUALITY_STRONG,"KEEP memoire: DIRECTIONAL_PROGRESS_MEMORY; KEEP prioritaire: scene confirmee raw, texture RAW_PROGRESS_CONFIRMED, provenance FORCE_SNAPSHOT_DERIVED, score memoire 0.950.",Comparer les scenes de progression / deplacement directionnel avec role raw explicite.,family=DIRECTIONAL_PROGRESS_MEMORY; session=LONDON_NY_OVERLAP; raw_texture=RAW_PROGRESS_CONFIRMED; raw_agreement=CONFIRMED_BY_RAW; source_quality=SOURCE_QUALITY_STRONG; source_family=FORCE_SNAPSHOT_DERIVED; source_mode=M1_BAR_PROXY,FORCE_SNAPSHOT_DERIVED: reconstruction force_snapshots_v2; not recovered existing summary; proxy/reconstructed reading; not full footprint claim; CONFIRMED_BY_RAW: raw supports proxy reading; source_quality_raw=FULL_DAY_M1_PROXY; confidence_cap=0.35; read-only; no DB write; no dashboard; no Telegram; no BUY/SELL; T0113 film card is comparative memory only; no prediction; no BUY/SELL; no probability of success
B6FC_20260507_1601_E69D7629,2026-05-07,2026-05-07T16:01:00+00:00,2026-05-07T17:01:00+00:00,NY_AFTERNOON,FORCE_SNAPSHOT_DERIVED,FORCE_SNAPSHOT_DERIVED,M1_BAR_PROXY,RECONSTRUCTED_FORCE_SNAPSHOT_DERIVED,0.35,FLOW_ROTATIONAL,Rotation / respiration de zone,Base scene: Rotation / respiration de zone (FLOW_ROTATIONAL).,"Reaction raw progressive: delta -16.2 pips, range 19.9 pips, 5117 ticks.",Projection directionnelle lisible: delta/range=0.81.,KEEP fort: accord raw confirme et source quality forte.,CONFIRMED_BY_RAW,CONFIRMED_BY_RAW,CONFIRMED_BY_RAW,0.880,SOURCE_QUALITY_STRONG,SOURCE_QUALITY_STRONG,0.950,B6_KEEP_CANDIDATE,RAW_PROGRESS_CONFIRMED,-16.2,19.9,5117,DIRECTIONAL_PROGRESS_MEMORY,DIRECTIONAL_PROGRESS_MEMORY|FORCE_SNAPSHOT_DERIVED|M1_BAR_PROXY|CONFIRMED_BY_RAW|RAW_PROGRESS_CONFIRMED|SOURCE_QUALITY_STRONG,"KEEP memoire: DIRECTIONAL_PROGRESS_MEMORY; KEEP prioritaire: scene confirmee raw, texture RAW_PROGRESS_CONFIRMED, provenance FORCE_SNAPSHOT_DERIVED, score memoire 0.950.",Comparer les scenes de progression / deplacement directionnel avec role raw explicite.,family=DIRECTIONAL_PROGRESS_MEMORY; session=NY_AFTERNOON; raw_texture=RAW_PROGRESS_CONFIRMED; raw_agreement=CONFIRMED_BY_RAW; source_quality=SOURCE_QUALITY_STRONG; source_family=FORCE_SNAPSHOT_DERIVED; source_mode=M1_BAR_PROXY,FORCE_SNAPSHOT_DERIVED: reconstruction force_snapshots_v2; not recovered existing summary; proxy/reconstructed reading; not full footprint claim; CONFIRMED_BY_RAW: raw supports proxy reading; source_quality_raw=FULL_DAY_M1_PROXY; confidence_cap=0.35; read-only; no DB write; no dashboard; no Telegram; no BUY/SELL; T0113 film card is comparative memory only; no prediction; no BUY/SELL; no probability of success
B6FC_20260507_1701_EA08BFA0,2026-05-07,2026-05-07T17:01:00+00:00,2026-05-07T18:01:00+00:00,NY_AFTERNOON,FORCE_SNAPSHOT_DERIVED,FORCE_SNAPSHOT_DERIVED,M1_BAR_PROXY,RECONSTRUCTED_FORCE_SNAPSHOT_DERIVED,0.35,FLOW_DIRECTIONAL_DISPLACEMENT,Déplacement directionnel proxy,Base scene: Déplacement directionnel proxy (FLOW_DIRECTIONAL_DISPLACEMENT).,"Reaction raw rotationnelle: respiration/rotation de zone, delta -6.4 pips, range 26.2 pips, 5185 ticks.","Projection faible: effort/rotation absorbe le deplacement, delta/range=0.24.","KEEP nuance: scene utile, raw nuance la lecture sans la durcir en confirmation.",NUANCED_BY_RAW,NUANCED_BY_RAW,NUANCED_BY_RAW,0.880,SOURCE_QUALITY_STRONG,SOURCE_QUALITY_STRONG,0.950,B6_KEEP_CANDIDATE,RAW_ROTATION_CONFIRMED,-6.4,26.2,5185,DIRECTIONAL_PROGRESS_MEMORY,DIRECTIONAL_PROGRESS_MEMORY|FORCE_SNAPSHOT_DERIVED|M1_BAR_PROXY|NUANCED_BY_RAW|RAW_ROTATION_CONFIRMED|SOURCE_QUALITY_STRONG,KEEP memoire: DIRECTIONAL_PROGRESS_MEMORY; KEEP nuance: raw nuance la scene mais qualite/texture suffisantes pour comparaison B6; provenance FORCE_SNAPSHOT_DERIVED; score memoire 0.950.,Comparer les scenes de progression / deplacement directionnel avec role raw explicite.,family=DIRECTIONAL_PROGRESS_MEMORY; session=NY_AFTERNOON; raw_texture=RAW_ROTATION_CONFIRMED; raw_agreement=NUANCED_BY_RAW; source_quality=SOURCE_QUALITY_STRONG; source_family=FORCE_SNAPSHOT_DERIVED; source_mode=M1_BAR_PROXY,FORCE_SNAPSHOT_DERIVED: reconstruction force_snapshots_v2; not recovered existing summary; proxy/reconstructed reading; not full footprint claim; NUANCED_BY_RAW: useful but not hard-confirmed raw; source_quality_raw=FULL_DAY_M1_PROXY; confidence_cap=0.35; read-only; no DB write; no dashboard; no Telegram; no BUY/SELL; T0113 film card is comparative memory only; no prediction; no BUY/SELL; no probability of success
B6FC_20260507_1801_34851863,2026-05-07,2026-05-07T18:01:00+00:00,2026-05-07T19:01:00+00:00,NY_AFTERNOON,FORCE_SNAPSHOT_DERIVED,FORCE_SNAPSHOT_DERIVED,M1_BAR_PROXY,RECONSTRUCTED_FORCE_SNAPSHOT_DERIVED,0.35,FLOW_DIRECTIONAL_DISPLACEMENT,Déplacement directionnel proxy,Base scene: Déplacement directionnel proxy (FLOW_DIRECTIONAL_DISPLACEMENT).,"Reaction raw progressive: delta -8.2 pips, range 14.6 pips, 4462 ticks.","Projection partielle: mouvement utile mais encore nuance par la texture, delta/range=0.56.",KEEP fort: accord raw confirme et source quality forte.,CONFIRMED_BY_RAW,CONFIRMED_BY_RAW,CONFIRMED_BY_RAW,0.880,SOURCE_QUALITY_STRONG,SOURCE_QUALITY_STRONG,0.950,B6_KEEP_CANDIDATE,RAW_PROGRESS_CONFIRMED,-8.2,14.6,4462,DIRECTIONAL_PROGRESS_MEMORY,DIRECTIONAL_PROGRESS_MEMORY|FORCE_SNAPSHOT_DERIVED|M1_BAR_PROXY|CONFIRMED_BY_RAW|RAW_PROGRESS_CONFIRMED|SOURCE_QUALITY_STRONG,"KEEP memoire: DIRECTIONAL_PROGRESS_MEMORY; KEEP prioritaire: scene confirmee raw, texture RAW_PROGRESS_CONFIRMED, provenance FORCE_SNAPSHOT_DERIVED, score memoire 0.950.",Comparer les scenes de progression / deplacement directionnel avec role raw explicite.,family=DIRECTIONAL_PROGRESS_MEMORY; session=NY_AFTERNOON; raw_texture=RAW_PROGRESS_CONFIRMED; raw_agreement=CONFIRMED_BY_RAW; source_quality=SOURCE_QUALITY_STRONG; source_family=FORCE_SNAPSHOT_DERIVED; source_mode=M1_BAR_PROXY,FORCE_SNAPSHOT_DERIVED: reconstruction force_snapshots_v2; not recovered existing summary; proxy/reconstructed reading; not full footprint claim; CONFIRMED_BY_RAW: raw supports proxy reading; source_quality_raw=FULL_DAY_M1_PROXY; confidence_cap=0.35; read-only; no DB write; no dashboard; no Telegram; no BUY/SELL; T0113 film card is comparative memory only; no prediction; no BUY/SELL; no probability of success
B6FC_20260507_1901_9DB1A8C0,2026-05-07,2026-05-07T19:01:00+00:00,2026-05-07T20:01:00+00:00,NY_AFTERNOON,FORCE_SNAPSHOT_DERIVED,FORCE_SNAPSHOT_DERIVED,M1_BAR_PROXY,RECONSTRUCTED_FORCE_SNAPSHOT_DERIVED,0.35,FLOW_DIRECTIONAL_DISPLACEMENT,Déplacement directionnel proxy,Base scene: Déplacement directionnel proxy (FLOW_DIRECTIONAL_DISPLACEMENT).,"Reaction raw progressive: delta -14.5 pips, range 23.6 pips, 4797 ticks.","Projection partielle: mouvement utile mais encore nuance par la texture, delta/range=0.61.",KEEP fort: accord raw confirme et source quality forte.,CONFIRMED_BY_RAW,CONFIRMED_BY_RAW,CONFIRMED_BY_RAW,0.880,SOURCE_QUALITY_STRONG,SOURCE_QUALITY_STRONG,0.950,B6_KEEP_CANDIDATE,RAW_PROGRESS_CONFIRMED,-14.5,23.6,4797,DIRECTIONAL_PROGRESS_MEMORY,DIRECTIONAL_PROGRESS_MEMORY|FORCE_SNAPSHOT_DERIVED|M1_BAR_PROXY|CONFIRMED_BY_RAW|RAW_PROGRESS_CONFIRMED|SOURCE_QUALITY_STRONG,"KEEP memoire: DIRECTIONAL_PROGRESS_MEMORY; KEEP prioritaire: scene confirmee raw, texture RAW_PROGRESS_CONFIRMED, provenance FORCE_SNAPSHOT_DERIVED, score memoire 0.950.",Comparer les scenes de progression / deplacement directionnel avec role raw explicite.,family=DIRECTIONAL_PROGRESS_MEMORY; session=NY_AFTERNOON; raw_texture=RAW_PROGRESS_CONFIRMED; raw_agreement=CONFIRMED_BY_RAW; source_quality=SOURCE_QUALITY_STRONG; source_family=FORCE_SNAPSHOT_DERIVED; source_mode=M1_BAR_PROXY,FORCE_SNAPSHOT_DERIVED: reconstruction force_snapshots_v2; not recovered existing summary; proxy/reconstructed reading; not full footprint claim; CONFIRMED_BY_RAW: raw supports proxy reading; source_quality_raw=FULL_DAY_M1_PROXY; confidence_cap=0.35; read-only; no DB write; no dashboard; no Telegram; no BUY/SELL; T0113 film card is comparative memory only; no prediction; no BUY/SELL; no probability of success
B6FC_20260507_2301_EA921F32,2026-05-07,2026-05-07T23:01:00+00:00,2026-05-08T00:00:00+00:00,LATE_US_ASIA_HANDOVER,FORCE_SNAPSHOT_DERIVED,FORCE_SNAPSHOT_DERIVED,M1_BAR_PROXY,RECONSTRUCTED_FORCE_SNAPSHOT_DERIVED,0.35,FLOW_DIRECTIONAL_DISPLACEMENT,Déplacement directionnel proxy,Base scene: Déplacement directionnel proxy (FLOW_DIRECTIONAL_DISPLACEMENT).,"Reaction raw frictionnelle: activite lisible avec deplacement contraint, delta 0.1 pips, range 0.1 pips, 2 ticks.",Projection directionnelle lisible: delta/range=1.00.,"KEEP nuance: scene utile, raw nuance la lecture sans la durcir en confirmation.",NUANCED_BY_RAW,NUANCED_BY_RAW,NUANCED_BY_RAW,0.830,SOURCE_QUALITY_STRONG,SOURCE_QUALITY_STRONG,0.920,B6_KEEP_CANDIDATE,RAW_FRICTION_CONFIRMED,0.1,0.1,2,FRICTION_ABSORPTION_MEMORY,FRICTION_ABSORPTION_MEMORY|FORCE_SNAPSHOT_DERIVED|M1_BAR_PROXY|NUANCED_BY_RAW|RAW_FRICTION_CONFIRMED|SOURCE_QUALITY_STRONG,KEEP memoire: FRICTION_ABSORPTION_MEMORY; KEEP nuance: raw nuance la scene mais qualite/texture suffisantes pour comparaison B6; provenance FORCE_SNAPSHOT_DERIVED; score memoire 0.920.,"Comparer les scenes d'effort visible sans resultat directionnel propre, absorption ou friction locale.",family=FRICTION_ABSORPTION_MEMORY; session=LATE_US_ASIA_HANDOVER; raw_texture=RAW_FRICTION_CONFIRMED; raw_agreement=NUANCED_BY_RAW; source_quality=SOURCE_QUALITY_STRONG; source_family=FORCE_SNAPSHOT_DERIVED; source_mode=M1_BAR_PROXY,FORCE_SNAPSHOT_DERIVED: reconstruction force_snapshots_v2; not recovered existing summary; proxy/reconstructed reading; not full footprint claim; NUANCED_BY_RAW: useful but not hard-confirmed raw; source_quality_raw=FULL_DAY_M1_PROXY; confidence_cap=0.35; read-only; no DB write; no dashboard; no Telegram; no BUY/SELL; T0113 film card is comparative memory only; no prediction; no BUY/SELL; no probability of success
B6FC_20260508_0004_6DEA5FBA,2026-05-08,2026-05-08T00:04:00+00:00,2026-05-08T01:04:00+00:00,ASIAN_SESSION,FORCE_SNAPSHOT_DERIVED,FORCE_SNAPSHOT_DERIVED,M1_BAR_PROXY,RECONSTRUCTED_FORCE_SNAPSHOT_DERIVED,0.35,FLOW_FRICTION_ABSORPTION_LIKE,Friction / absorption-like proxy,Base scene: Friction / absorption-like proxy (FLOW_FRICTION_ABSORPTION_LIKE).,"Reaction raw rotationnelle: respiration/rotation de zone, delta -3.3 pips, range 12.2 pips, 3732 ticks.","Projection partielle: mouvement utile mais encore nuance par la texture, delta/range=0.27.","KEEP nuance: scene utile, raw nuance la lecture sans la durcir en confirmation.",NUANCED_BY_RAW,NUANCED_BY_RAW,NUANCED_BY_RAW,0.880,SOURCE_QUALITY_STRONG,SOURCE_QUALITY_STRONG,0.950,B6_KEEP_CANDIDATE,RAW_ROTATION_CONFIRMED,-3.3,12.2,3732,FRICTION_ABSORPTION_MEMORY,FRICTION_ABSORPTION_MEMORY|FORCE_SNAPSHOT_DERIVED|M1_BAR_PROXY|NUANCED_BY_RAW|RAW_ROTATION_CONFIRMED|SOURCE_QUALITY_STRONG,KEEP memoire: FRICTION_ABSORPTION_MEMORY; KEEP nuance: raw nuance la scene mais qualite/texture suffisantes pour comparaison B6; provenance FORCE_SNAPSHOT_DERIVED; score memoire 0.950.,"Comparer les scenes d'effort visible sans resultat directionnel propre, absorption ou friction locale.",family=FRICTION_ABSORPTION_MEMORY; session=ASIAN_SESSION; raw_texture=RAW_ROTATION_CONFIRMED; raw_agreement=NUANCED_BY_RAW; source_quality=SOURCE_QUALITY_STRONG; source_family=FORCE_SNAPSHOT_DERIVED; source_mode=M1_BAR_PROXY,FORCE_SNAPSHOT_DERIVED: reconstruction force_snapshots_v2; not recovered existing summary; proxy/reconstructed reading; not full footprint claim; NUANCED_BY_RAW: useful but not hard-confirmed raw; source_quality_raw=FULL_DAY_M1_PROXY; confidence_cap=0.35; read-only; no DB write; no dashboard; no Telegram; no BUY/SELL; T0113 film card is comparative memory only; no prediction; no BUY/SELL; no probability of success
B6FC_20260508_0104_786D57F9,2026-05-08,2026-05-08T01:04:00+00:00,2026-05-08T02:04:00+00:00,ASIAN_SESSION,FORCE_SNAPSHOT_DERIVED,FORCE_SNAPSHOT_DERIVED,M1_BAR_PROXY,RECONSTRUCTED_FORCE_SNAPSHOT_DERIVED,0.35,FLOW_WEAK_DIRECTIONAL,Flux faible / transition proxy,Base scene: Flux faible / transition proxy (FLOW_WEAK_DIRECTIONAL).,"Reaction raw rotationnelle: respiration/rotation de zone, delta 6 pips, range 8.9 pips, 3004 ticks.",Projection directionnelle lisible: delta/range=0.67.,"KEEP nuance: scene utile, raw nuance la lecture sans la durcir en confirmation.",NUANCED_BY_RAW,NUANCED_BY_RAW,NUANCED_BY_RAW,0.880,SOURCE_QUALITY_STRONG,SOURCE_QUALITY_STRONG,0.950,B6_KEEP_CANDIDATE,RAW_ROTATION_CONFIRMED,6.0,8.9,3004,DIRECTIONAL_PROGRESS_MEMORY,DIRECTIONAL_PROGRESS_MEMORY|FORCE_SNAPSHOT_DERIVED|M1_BAR_PROXY|NUANCED_BY_RAW|RAW_ROTATION_CONFIRMED|SOURCE_QUALITY_STRONG,KEEP memoire: DIRECTIONAL_PROGRESS_MEMORY; KEEP nuance: raw nuance la scene mais qualite/texture suffisantes pour comparaison B6; provenance FORCE_SNAPSHOT_DERIVED; score memoire 0.950.,Comparer les scenes de progression / deplacement directionnel avec role raw explicite.,family=DIRECTIONAL_PROGRESS_MEMORY; session=ASIAN_SESSION; raw_texture=RAW_ROTATION_CONFIRMED; raw_agreement=NUANCED_BY_RAW; source_quality=SOURCE_QUALITY_STRONG; source_family=FORCE_SNAPSHOT_DERIVED; source_mode=M1_BAR_PROXY,FORCE_SNAPSHOT_DERIVED: reconstruction force_snapshots_v2; not recovered existing summary; proxy/reconstructed reading; not full footprint claim; NUANCED_BY_RAW: useful but not hard-confirmed raw; source_quality_raw=FULL_DAY_M1_PROXY; confidence_cap=0.35; read-only; no DB write; no dashboard; no Telegram; no BUY/SELL; T0113 film card is comparative memory only; no prediction; no BUY/SELL; no probability of success
B6FC_20260508_0204_41473FF9,2026-05-08,2026-05-08T02:04:00+00:00,2026-05-08T03:04:00+00:00,ASIAN_SESSION,FORCE_SNAPSHOT_DERIVED,FORCE_SNAPSHOT_DERIVED,M1_BAR_PROXY,RECONSTRUCTED_FORCE_SNAPSHOT_DERIVED,0.35,FLOW_DIRECTIONAL_DISPLACEMENT,Déplacement directionnel proxy,Base scene: Déplacement directionnel proxy (FLOW_DIRECTIONAL_DISPLACEMENT).,"Reaction raw rotationnelle: respiration/rotation de zone, delta -2.4 pips, range 11 pips, 2958 ticks.","Projection faible: effort/rotation absorbe le deplacement, delta/range=0.22.","KEEP nuance: scene utile, raw nuance la lecture sans la durcir en confirmation.",NUANCED_BY_RAW,NUANCED_BY_RAW,NUANCED_BY_RAW,0.880,SOURCE_QUALITY_STRONG,SOURCE_QUALITY_STRONG,0.950,B6_KEEP_CANDIDATE,RAW_ROTATION_CONFIRMED,-2.4,11.0,2958,DIRECTIONAL_PROGRESS_MEMORY,DIRECTIONAL_PROGRESS_MEMORY|FORCE_SNAPSHOT_DERIVED|M1_BAR_PROXY|NUANCED_BY_RAW|RAW_ROTATION_CONFIRMED|SOURCE_QUALITY_STRONG,KEEP memoire: DIRECTIONAL_PROGRESS_MEMORY; KEEP nuance: raw nuance la scene mais qualite/texture suffisantes pour comparaison B6; provenance FORCE_SNAPSHOT_DERIVED; score memoire 0.950.,Comparer les scenes de progression / deplacement directionnel avec role raw explicite.,family=DIRECTIONAL_PROGRESS_MEMORY; session=ASIAN_SESSION; raw_texture=RAW_ROTATION_CONFIRMED; raw_agreement=NUANCED_BY_RAW; source_quality=SOURCE_QUALITY_STRONG; source_family=FORCE_SNAPSHOT_DERIVED; source_mode=M1_BAR_PROXY,FORCE_SNAPSHOT_DERIVED: reconstruction force_snapshots_v2; not recovered existing summary; proxy/reconstructed reading; not full footprint claim; NUANCED_BY_RAW: useful but not hard-confirmed raw; source_quality_raw=FULL_DAY_M1_PROXY; confidence_cap=0.35; read-only; no DB write; no dashboard; no Telegram; no BUY/SELL; T0113 film card is comparative memory only; no prediction; no BUY/SELL; no probability of success
B6FC_20260508_0304_34231093,2026-05-08,2026-05-08T03:04:00+00:00,2026-05-08T04:04:00+00:00,ASIAN_SESSION,FORCE_SNAPSHOT_DERIVED,FORCE_SNAPSHOT_DERIVED,M1_BAR_PROXY,RECONSTRUCTED_FORCE_SNAPSHOT_DERIVED,0.35,FLOW_ROTATIONAL,Rotation / respiration de zone,Base scene: Rotation / respiration de zone (FLOW_ROTATIONAL).,"Reaction raw progressive: delta -3.1 pips, range 7.4 pips, 2378 ticks.","Projection partielle: mouvement utile mais encore nuance par la texture, delta/range=0.42.",KEEP fort: accord raw confirme et source quality forte.,CONFIRMED_BY_RAW,CONFIRMED_BY_RAW,CONFIRMED_BY_RAW,0.880,SOURCE_QUALITY_STRONG,SOURCE_QUALITY_STRONG,0.950,B6_KEEP_CANDIDATE,RAW_PROGRESS_CONFIRMED,-3.1,7.4,2378,DIRECTIONAL_PROGRESS_MEMORY,DIRECTIONAL_PROGRESS_MEMORY|FORCE_SNAPSHOT_DERIVED|M1_BAR_PROXY|CONFIRMED_BY_RAW|RAW_PROGRESS_CONFIRMED|SOURCE_QUALITY_STRONG,"KEEP memoire: DIRECTIONAL_PROGRESS_MEMORY; KEEP prioritaire: scene confirmee raw, texture RAW_PROGRESS_CONFIRMED, provenance FORCE_SNAPSHOT_DERIVED, score memoire 0.950.",Comparer les scenes de progression / deplacement directionnel avec role raw explicite.,family=DIRECTIONAL_PROGRESS_MEMORY; session=ASIAN_SESSION; raw_texture=RAW_PROGRESS_CONFIRMED; raw_agreement=CONFIRMED_BY_RAW; source_quality=SOURCE_QUALITY_STRONG; source_family=FORCE_SNAPSHOT_DERIVED; source_mode=M1_BAR_PROXY,FORCE_SNAPSHOT_DERIVED: reconstruction force_snapshots_v2; not recovered existing summary; proxy/reconstructed reading; not full footprint claim; CONFIRMED_BY_RAW: raw supports proxy reading; source_quality_raw=FULL_DAY_M1_PROXY; confidence_cap=0.35; read-only; no DB write; no dashboard; no Telegram; no BUY/SELL; T0113 film card is comparative memory only; no prediction; no BUY/SELL; no probability of success
B6FC_20260508_0404_8B415FE5,2026-05-08,2026-05-08T04:04:00+00:00,2026-05-08T05:04:00+00:00,ASIAN_SESSION,FORCE_SNAPSHOT_DERIVED,FORCE_SNAPSHOT_DERIVED,M1_BAR_PROXY,RECONSTRUCTED_FORCE_SNAPSHOT_DERIVED,0.35,FLOW_DIRECTIONAL_DISPLACEMENT,Déplacement directionnel proxy,Base scene: Déplacement directionnel proxy (FLOW_DIRECTIONAL_DISPLACEMENT).,"Reaction raw progressive: delta 15.9 pips, range 19.6 pips, 2515 ticks.",Projection directionnelle lisible: delta/range=0.81.,KEEP fort: accord raw confirme et source quality forte.,CONFIRMED_BY_RAW,CONFIRMED_BY_RAW,CONFIRMED_BY_RAW,0.880,SOURCE_QUALITY_STRONG,SOURCE_QUALITY_STRONG,0.950,B6_KEEP_CANDIDATE,RAW_PROGRESS_CONFIRMED,15.9,19.6,2515,DIRECTIONAL_PROGRESS_MEMORY,DIRECTIONAL_PROGRESS_MEMORY|FORCE_SNAPSHOT_DERIVED|M1_BAR_PROXY|CONFIRMED_BY_RAW|RAW_PROGRESS_CONFIRMED|SOURCE_QUALITY_STRONG,"KEEP memoire: DIRECTIONAL_PROGRESS_MEMORY; KEEP prioritaire: scene confirmee raw, texture RAW_PROGRESS_CONFIRMED, provenance FORCE_SNAPSHOT_DERIVED, score memoire 0.950.",Comparer les scenes de progression / deplacement directionnel avec role raw explicite.,family=DIRECTIONAL_PROGRESS_MEMORY; session=ASIAN_SESSION; raw_texture=RAW_PROGRESS_CONFIRMED; raw_agreement=CONFIRMED_BY_RAW; source_quality=SOURCE_QUALITY_STRONG; source_family=FORCE_SNAPSHOT_DERIVED; source_mode=M1_BAR_PROXY,FORCE_SNAPSHOT_DERIVED: reconstruction force_snapshots_v2; not recovered existing summary; proxy/reconstructed reading; not full footprint claim; CONFIRMED_BY_RAW: raw supports proxy reading; source_quality_raw=FULL_DAY_M1_PROXY; confidence_cap=0.35; read-only; no DB write; no dashboard; no Telegram; no BUY/SELL; T0113 film card is comparative memory only; no prediction; no BUY/SELL; no probability of success
B6FC_20260508_0504_E3FB8486,2026-05-08,2026-05-08T05:04:00+00:00,2026-05-08T06:04:00+00:00,ASIAN_SESSION,FORCE_SNAPSHOT_DERIVED,FORCE_SNAPSHOT_DERIVED,M1_BAR_PROXY,RECONSTRUCTED_FORCE_SNAPSHOT_DERIVED,0.35,FLOW_WEAK_DIRECTIONAL,Flux faible / transition proxy,Base scene: Flux faible / transition proxy (FLOW_WEAK_DIRECTIONAL).,"Reaction raw rotationnelle: respiration/rotation de zone, delta 11.3 pips, range 15.5 pips, 2823 ticks.",Projection directionnelle lisible: delta/range=0.73.,"KEEP nuance: scene utile, raw nuance la lecture sans la durcir en confirmation.",NUANCED_BY_RAW,NUANCED_BY_RAW,NUANCED_BY_RAW,0.880,SOURCE_QUALITY_STRONG,SOURCE_QUALITY_STRONG,0.950,B6_KEEP_CANDIDATE,RAW_ROTATION_CONFIRMED,11.3,15.5,2823,DIRECTIONAL_PROGRESS_MEMORY,DIRECTIONAL_PROGRESS_MEMORY|FORCE_SNAPSHOT_DERIVED|M1_BAR_PROXY|NUANCED_BY_RAW|RAW_ROTATION_CONFIRMED|SOURCE_QUALITY_STRONG,KEEP memoire: DIRECTIONAL_PROGRESS_MEMORY; KEEP nuance: raw nuance la scene mais qualite/texture suffisantes pour comparaison B6; provenance FORCE_SNAPSHOT_DERIVED; score memoire 0.950.,Comparer les scenes de progression / deplacement directionnel avec role raw explicite.,family=DIRECTIONAL_PROGRESS_MEMORY; session=ASIAN_SESSION; raw_texture=RAW_ROTATION_CONFIRMED; raw_agreement=NUANCED_BY_RAW; source_quality=SOURCE_QUALITY_STRONG; source_family=FORCE_SNAPSHOT_DERIVED; source_mode=M1_BAR_PROXY,FORCE_SNAPSHOT_DERIVED: reconstruction force_snapshots_v2; not recovered existing summary; proxy/reconstructed reading; not full footprint claim; NUANCED_BY_RAW: useful but not hard-confirmed raw; source_quality_raw=FULL_DAY_M1_PROXY; confidence_cap=0.35; read-only; no DB write; no dashboard; no Telegram; no BUY/SELL; T0113 film card is comparative memory only; no prediction; no BUY/SELL; no probability of success
B6FC_20260508_0604_B67B5F87,2026-05-08,2026-05-08T06:04:00+00:00,2026-05-08T07:04:00+00:00,ASIAN_SESSION,FORCE_SNAPSHOT_DERIVED,FORCE_SNAPSHOT_DERIVED,M1_BAR_PROXY,RECONSTRUCTED_FORCE_SNAPSHOT_DERIVED,0.35,FLOW_ROTATIONAL,Rotation / respiration de zone,Base scene: Rotation / respiration de zone (FLOW_ROTATIONAL).,"Reaction raw rotationnelle: respiration/rotation de zone, delta 7.4 pips, range 12.1 pips, 4065 ticks.","Projection partielle: mouvement utile mais encore nuance par la texture, delta/range=0.61.","KEEP nuance: scene utile, raw nuance la lecture sans la durcir en confirmation.",NUANCED_BY_RAW,NUANCED_BY_RAW,NUANCED_BY_RAW,0.880,SOURCE_QUALITY_STRONG,SOURCE_QUALITY_STRONG,0.950,B6_KEEP_CANDIDATE,RAW_ROTATION_CONFIRMED,7.4,12.1,4065,ROTATION_BREATH_MEMORY,ROTATION_BREATH_MEMORY|FORCE_SNAPSHOT_DERIVED|M1_BAR_PROXY|NUANCED_BY_RAW|RAW_ROTATION_CONFIRMED|SOURCE_QUALITY_STRONG,KEEP memoire: ROTATION_BREATH_MEMORY; KEEP nuance: raw nuance la scene mais qualite/texture suffisantes pour comparaison B6; provenance FORCE_SNAPSHOT_DERIVED; score memoire 0.950.,"Comparer les respirations de zone, rotations et transitions sans durcir en prediction.",family=ROTATION_BREATH_MEMORY; session=ASIAN_SESSION; raw_texture=RAW_ROTATION_CONFIRMED; raw_agreement=NUANCED_BY_RAW; source_quality=SOURCE_QUALITY_STRONG; source_family=FORCE_SNAPSHOT_DERIVED; source_mode=M1_BAR_PROXY,FORCE_SNAPSHOT_DERIVED: reconstruction force_snapshots_v2; not recovered existing summary; proxy/reconstructed reading; not full footprint claim; NUANCED_BY_RAW: useful but not hard-confirmed raw; source_quality_raw=FULL_DAY_M1_PROXY; confidence_cap=0.35; read-only; no DB write; no dashboard; no Telegram; no BUY/SELL; T0113 film card is comparative memory only; no prediction; no BUY/SELL; no probability of success
B6FC_20260508_0704_0D378F1C,2026-05-08,2026-05-08T07:04:00+00:00,2026-05-08T08:04:00+00:00,ASIA_LONDON_HANDOVER,FORCE_SNAPSHOT_DERIVED,FORCE_SNAPSHOT_DERIVED,M1_BAR_PROXY,RECONSTRUCTED_FORCE_SNAPSHOT_DERIVED,0.35,FLOW_DIRECTIONAL_DISPLACEMENT,Déplacement directionnel proxy,Base scene: Déplacement directionnel proxy (FLOW_DIRECTIONAL_DISPLACEMENT).,"Reaction raw rotationnelle: respiration/rotation de zone, delta -4.7 pips, range 11.3 pips, 4096 ticks.","Projection partielle: mouvement utile mais encore nuance par la texture, delta/range=0.42.","KEEP nuance: scene utile, raw nuance la lecture sans la durcir en confirmation.",NUANCED_BY_RAW,NUANCED_BY_RAW,NUANCED_BY_RAW,0.880,SOURCE_QUALITY_STRONG,SOURCE_QUALITY_STRONG,0.950,B6_KEEP_CANDIDATE,RAW_ROTATION_CONFIRMED,-4.7,11.3,4096,DIRECTIONAL_PROGRESS_MEMORY,DIRECTIONAL_PROGRESS_MEMORY|FORCE_SNAPSHOT_DERIVED|M1_BAR_PROXY|NUANCED_BY_RAW|RAW_ROTATION_CONFIRMED|SOURCE_QUALITY_STRONG,KEEP memoire: DIRECTIONAL_PROGRESS_MEMORY; KEEP nuance: raw nuance la scene mais qualite/texture suffisantes pour comparaison B6; provenance FORCE_SNAPSHOT_DERIVED; score memoire 0.950.,Comparer les scenes de progression / deplacement directionnel avec role raw explicite.,family=DIRECTIONAL_PROGRESS_MEMORY; session=ASIA_LONDON_HANDOVER; raw_texture=RAW_ROTATION_CONFIRMED; raw_agreement=NUANCED_BY_RAW; source_quality=SOURCE_QUALITY_STRONG; source_family=FORCE_SNAPSHOT_DERIVED; source_mode=M1_BAR_PROXY,FORCE_SNAPSHOT_DERIVED: reconstruction force_snapshots_v2; not recovered existing summary; proxy/reconstructed reading; not full footprint claim; NUANCED_BY_RAW: useful but not hard-confirmed raw; source_quality_raw=FULL_DAY_M1_PROXY; confidence_cap=0.35; read-only; no DB write; no dashboard; no Telegram; no BUY/SELL; T0113 film card is comparative memory only; no prediction; no BUY/SELL; no probability of success
B6FC_20260508_0804_3A61E0D1,2026-05-08,2026-05-08T08:04:00+00:00,2026-05-08T09:04:00+00:00,LONDON_IGNITION,FORCE_SNAPSHOT_DERIVED,FORCE_SNAPSHOT_DERIVED,M1_BAR_PROXY,RECONSTRUCTED_FORCE_SNAPSHOT_DERIVED,0.35,FLOW_DIRECTIONAL_DISPLACEMENT,Déplacement directionnel proxy,Base scene: Déplacement directionnel proxy (FLOW_DIRECTIONAL_DISPLACEMENT).,"Reaction raw progressive: delta 33.5 pips, range 40.3 pips, 3939 ticks.",Projection directionnelle lisible: delta/range=0.83.,KEEP fort: accord raw confirme et source quality forte.,CONFIRMED_BY_RAW,CONFIRMED_BY_RAW,CONFIRMED_BY_RAW,0.880,SOURCE_QUALITY_STRONG,SOURCE_QUALITY_STRONG,0.950,B6_KEEP_CANDIDATE,RAW_PROGRESS_CONFIRMED,33.5,40.3,3939,DIRECTIONAL_PROGRESS_MEMORY,DIRECTIONAL_PROGRESS_MEMORY|FORCE_SNAPSHOT_DERIVED|M1_BAR_PROXY|CONFIRMED_BY_RAW|RAW_PROGRESS_CONFIRMED|SOURCE_QUALITY_STRONG,"KEEP memoire: DIRECTIONAL_PROGRESS_MEMORY; KEEP prioritaire: scene confirmee raw, texture RAW_PROGRESS_CONFIRMED, provenance FORCE_SNAPSHOT_DERIVED, score memoire 0.950.",Comparer les scenes de progression / deplacement directionnel avec role raw explicite.,family=DIRECTIONAL_PROGRESS_MEMORY; session=LONDON_IGNITION; raw_texture=RAW_PROGRESS_CONFIRMED; raw_agreement=CONFIRMED_BY_RAW; source_quality=SOURCE_QUALITY_STRONG; source_family=FORCE_SNAPSHOT_DERIVED; source_mode=M1_BAR_PROXY,FORCE_SNAPSHOT_DERIVED: reconstruction force_snapshots_v2; not recovered existing summary; proxy/reconstructed reading; not full footprint claim; CONFIRMED_BY_RAW: raw supports proxy reading; source_quality_raw=FULL_DAY_M1_PROXY; confidence_cap=0.35; read-only; no DB write; no dashboard; no Telegram; no BUY/SELL; T0113 film card is comparative memory only; no prediction; no BUY/SELL; no probability of success
B6FC_20260508_0904_39480989,2026-05-08,2026-05-08T09:04:00+00:00,2026-05-08T10:04:00+00:00,LONDON_IGNITION,FORCE_SNAPSHOT_DERIVED,FORCE_SNAPSHOT_DERIVED,M1_BAR_PROXY,RECONSTRUCTED_FORCE_SNAPSHOT_DERIVED,0.35,FLOW_DIRECTIONAL_DISPLACEMENT,Déplacement directionnel proxy,Base scene: Déplacement directionnel proxy (FLOW_DIRECTIONAL_DISPLACEMENT).,"Reaction raw rotationnelle: respiration/rotation de zone, delta 1.5 pips, range 10.5 pips, 3160 ticks.","Projection faible: effort/rotation absorbe le deplacement, delta/range=0.14.","KEEP nuance: scene utile, raw nuance la lecture sans la durcir en confirmation.",NUANCED_BY_RAW,NUANCED_BY_RAW,NUANCED_BY_RAW,0.880,SOURCE_QUALITY_STRONG,SOURCE_QUALITY_STRONG,0.950,B6_KEEP_CANDIDATE,RAW_ROTATION_CONFIRMED,1.5,10.5,3160,DIRECTIONAL_PROGRESS_MEMORY,DIRECTIONAL_PROGRESS_MEMORY|FORCE_SNAPSHOT_DERIVED|M1_BAR_PROXY|NUANCED_BY_RAW|RAW_ROTATION_CONFIRMED|SOURCE_QUALITY_STRONG,KEEP memoire: DIRECTIONAL_PROGRESS_MEMORY; KEEP nuance: raw nuance la scene mais qualite/texture suffisantes pour comparaison B6; provenance FORCE_SNAPSHOT_DERIVED; score memoire 0.950.,Comparer les scenes de progression / deplacement directionnel avec role raw explicite.,family=DIRECTIONAL_PROGRESS_MEMORY; session=LONDON_IGNITION; raw_texture=RAW_ROTATION_CONFIRMED; raw_agreement=NUANCED_BY_RAW; source_quality=SOURCE_QUALITY_STRONG; source_family=FORCE_SNAPSHOT_DERIVED; source_mode=M1_BAR_PROXY,FORCE_SNAPSHOT_DERIVED: reconstruction force_snapshots_v2; not recovered existing summary; proxy/reconstructed reading; not full footprint claim; NUANCED_BY_RAW: useful but not hard-confirmed raw; source_quality_raw=FULL_DAY_M1_PROXY; confidence_cap=0.35; read-only; no DB write; no dashboard; no Telegram; no BUY/SELL; T0113 film card is comparative memory only; no prediction; no BUY/SELL; no probability of success
B6FC_20260508_1004_AF9ACB99,2026-05-08,2026-05-08T10:04:00+00:00,2026-05-08T11:04:00+00:00,LONDON_IGNITION,FORCE_SNAPSHOT_DERIVED,FORCE_SNAPSHOT_DERIVED,M1_BAR_PROXY,RECONSTRUCTED_FORCE_SNAPSHOT_DERIVED,0.35,FLOW_ROTATIONAL,Rotation / respiration de zone,Base scene: Rotation / respiration de zone (FLOW_ROTATIONAL).,"Reaction raw progressive: delta -15.1 pips, range 18 pips, 2584 ticks.",Projection directionnelle lisible: delta/range=0.84.,KEEP fort: accord raw confirme et source quality forte.,CONFIRMED_BY_RAW,CONFIRMED_BY_RAW,CONFIRMED_BY_RAW,0.880,SOURCE_QUALITY_STRONG,SOURCE_QUALITY_STRONG,0.950,B6_KEEP_CANDIDATE,RAW_PROGRESS_CONFIRMED,-15.1,18.0,2584,DIRECTIONAL_PROGRESS_MEMORY,DIRECTIONAL_PROGRESS_MEMORY|FORCE_SNAPSHOT_DERIVED|M1_BAR_PROXY|CONFIRMED_BY_RAW|RAW_PROGRESS_CONFIRMED|SOURCE_QUALITY_STRONG,"KEEP memoire: DIRECTIONAL_PROGRESS_MEMORY; KEEP prioritaire: scene confirmee raw, texture RAW_PROGRESS_CONFIRMED, provenance FORCE_SNAPSHOT_DERIVED, score memoire 0.950.",Comparer les scenes de progression / deplacement directionnel avec role raw explicite.,family=DIRECTIONAL_PROGRESS_MEMORY; session=LONDON_IGNITION; raw_texture=RAW_PROGRESS_CONFIRMED; raw_agreement=CONFIRMED_BY_RAW; source_quality=SOURCE_QUALITY_STRONG; source_family=FORCE_SNAPSHOT_DERIVED; source_mode=M1_BAR_PROXY,FORCE_SNAPSHOT_DERIVED: reconstruction force_snapshots_v2; not recovered existing summary; proxy/reconstructed reading; not full footprint claim; CONFIRMED_BY_RAW: raw supports proxy reading; source_quality_raw=FULL_DAY_M1_PROXY; confidence_cap=0.35; read-only; no DB write; no dashboard; no Telegram; no BUY/SELL; T0113 film card is comparative memory only; no prediction; no BUY/SELL; no probability of success
B6FC_20260508_1104_9080644A,2026-05-08,2026-05-08T11:04:00+00:00,2026-05-08T12:04:00+00:00,LONDON_MIDDAY_TRANSITION,FORCE_SNAPSHOT_DERIVED,FORCE_SNAPSHOT_DERIVED,M1_BAR_PROXY,RECONSTRUCTED_FORCE_SNAPSHOT_DERIVED,0.35,FLOW_DIRECTIONAL_DISPLACEMENT,Déplacement directionnel proxy,Base scene: Déplacement directionnel proxy (FLOW_DIRECTIONAL_DISPLACEMENT).,"Reaction raw progressive: delta 8.1 pips, range 13.5 pips, 3366 ticks.","Projection partielle: mouvement utile mais encore nuance par la texture, delta/range=0.60.",KEEP fort: accord raw confirme et source quality forte.,CONFIRMED_BY_RAW,CONFIRMED_BY_RAW,CONFIRMED_BY_RAW,0.880,SOURCE_QUALITY_STRONG,SOURCE_QUALITY_STRONG,0.950,B6_KEEP_CANDIDATE,RAW_PROGRESS_CONFIRMED,8.1,13.5,3366,DIRECTIONAL_PROGRESS_MEMORY,DIRECTIONAL_PROGRESS_MEMORY|FORCE_SNAPSHOT_DERIVED|M1_BAR_PROXY|CONFIRMED_BY_RAW|RAW_PROGRESS_CONFIRMED|SOURCE_QUALITY_STRONG,"KEEP memoire: DIRECTIONAL_PROGRESS_MEMORY; KEEP prioritaire: scene confirmee raw, texture RAW_PROGRESS_CONFIRMED, provenance FORCE_SNAPSHOT_DERIVED, score memoire 0.950.",Comparer les scenes de progression / deplacement directionnel avec role raw explicite.,family=DIRECTIONAL_PROGRESS_MEMORY; session=LONDON_MIDDAY_TRANSITION; raw_texture=RAW_PROGRESS_CONFIRMED; raw_agreement=CONFIRMED_BY_RAW; source_quality=SOURCE_QUALITY_STRONG; source_family=FORCE_SNAPSHOT_DERIVED; source_mode=M1_BAR_PROXY,FORCE_SNAPSHOT_DERIVED: reconstruction force_snapshots_v2; not recovered existing summary; proxy/reconstructed reading; not full footprint claim; CONFIRMED_BY_RAW: raw supports proxy reading; source_quality_raw=FULL_DAY_M1_PROXY; confidence_cap=0.35; read-only; no DB write; no dashboard; no Telegram; no BUY/SELL; T0113 film card is comparative memory only; no prediction; no BUY/SELL; no probability of success
B6FC_20260508_1204_3ADF3899,2026-05-08,2026-05-08T12:04:00+00:00,2026-05-08T13:04:00+00:00,LONDON_MIDDAY_TRANSITION,FORCE_SNAPSHOT_DERIVED,FORCE_SNAPSHOT_DERIVED,M1_BAR_PROXY,RECONSTRUCTED_FORCE_SNAPSHOT_DERIVED,0.35,FLOW_ROTATIONAL,Rotation / respiration de zone,Base scene: Rotation / respiration de zone (FLOW_ROTATIONAL).,"Reaction raw progressive: delta 2.9 pips, range 22.1 pips, 5310 ticks.","Projection faible: effort/rotation absorbe le deplacement, delta/range=0.13.",KEEP fort: accord raw confirme et source quality forte.,CONFIRMED_BY_RAW,CONFIRMED_BY_RAW,CONFIRMED_BY_RAW,0.880,SOURCE_QUALITY_STRONG,SOURCE_QUALITY_STRONG,0.950,B6_KEEP_CANDIDATE,RAW_PROGRESS_CONFIRMED,2.9,22.1,5310,DIRECTIONAL_PROGRESS_MEMORY,DIRECTIONAL_PROGRESS_MEMORY|FORCE_SNAPSHOT_DERIVED|M1_BAR_PROXY|CONFIRMED_BY_RAW|RAW_PROGRESS_CONFIRMED|SOURCE_QUALITY_STRONG,"KEEP memoire: DIRECTIONAL_PROGRESS_MEMORY; KEEP prioritaire: scene confirmee raw, texture RAW_PROGRESS_CONFIRMED, provenance FORCE_SNAPSHOT_DERIVED, score memoire 0.950.",Comparer les scenes de progression / deplacement directionnel avec role raw explicite.,family=DIRECTIONAL_PROGRESS_MEMORY; session=LONDON_MIDDAY_TRANSITION; raw_texture=RAW_PROGRESS_CONFIRMED; raw_agreement=CONFIRMED_BY_RAW; source_quality=SOURCE_QUALITY_STRONG; source_family=FORCE_SNAPSHOT_DERIVED; source_mode=M1_BAR_PROXY,FORCE_SNAPSHOT_DERIVED: reconstruction force_snapshots_v2; not recovered existing summary; proxy/reconstructed reading; not full footprint claim; CONFIRMED_BY_RAW: raw supports proxy reading; source_quality_raw=FULL_DAY_M1_PROXY; confidence_cap=0.35; read-only; no DB write; no dashboard; no Telegram; no BUY/SELL; T0113 film card is comparative memory only; no prediction; no BUY/SELL; no probability of success
B6FC_20260508_1304_57F92CA8,2026-05-08,2026-05-08T13:04:00+00:00,2026-05-08T14:04:00+00:00,LONDON_NY_OVERLAP,FORCE_SNAPSHOT_DERIVED,FORCE_SNAPSHOT_DERIVED,M1_BAR_PROXY,RECONSTRUCTED_FORCE_SNAPSHOT_DERIVED,0.35,FLOW_DIRECTIONAL_DISPLACEMENT,Déplacement directionnel proxy,Base scene: Déplacement directionnel proxy (FLOW_DIRECTIONAL_DISPLACEMENT).,"Reaction raw rotationnelle: respiration/rotation de zone, delta 4.8 pips, range 24.6 pips, 5381 ticks.","Projection faible: effort/rotation absorbe le deplacement, delta/range=0.20.","KEEP nuance: scene utile, raw nuance la lecture sans la durcir en confirmation.",NUANCED_BY_RAW,NUANCED_BY_RAW,NUANCED_BY_RAW,0.880,SOURCE_QUALITY_STRONG,SOURCE_QUALITY_STRONG,0.950,B6_KEEP_CANDIDATE,RAW_ROTATION_CONFIRMED,4.8,24.6,5381,DIRECTIONAL_PROGRESS_MEMORY,DIRECTIONAL_PROGRESS_MEMORY|FORCE_SNAPSHOT_DERIVED|M1_BAR_PROXY|NUANCED_BY_RAW|RAW_ROTATION_CONFIRMED|SOURCE_QUALITY_STRONG,KEEP memoire: DIRECTIONAL_PROGRESS_MEMORY; KEEP nuance: raw nuance la scene mais qualite/texture suffisantes pour comparaison B6; provenance FORCE_SNAPSHOT_DERIVED; score memoire 0.950.,Comparer les scenes de progression / deplacement directionnel avec role raw explicite.,family=DIRECTIONAL_PROGRESS_MEMORY; session=LONDON_NY_OVERLAP; raw_texture=RAW_ROTATION_CONFIRMED; raw_agreement=NUANCED_BY_RAW; source_quality=SOURCE_QUALITY_STRONG; source_family=FORCE_SNAPSHOT_DERIVED; source_mode=M1_BAR_PROXY,FORCE_SNAPSHOT_DERIVED: reconstruction force_snapshots_v2; not recovered existing summary; proxy/reconstructed reading; not full footprint claim; NUANCED_BY_RAW: useful but not hard-confirmed raw; source_quality_raw=FULL_DAY_M1_PROXY; confidence_cap=0.35; read-only; no DB write; no dashboard; no Telegram; no BUY/SELL; T0113 film card is comparative memory only; no prediction; no BUY/SELL; no probability of success
B6FC_20260508_1404_EB4149AD,2026-05-08,2026-05-08T14:04:00+00:00,2026-05-08T15:04:00+00:00,LONDON_NY_OVERLAP,FORCE_SNAPSHOT_DERIVED,FORCE_SNAPSHOT_DERIVED,M1_BAR_PROXY,RECONSTRUCTED_FORCE_SNAPSHOT_DERIVED,0.35,FLOW_DIRECTIONAL_DISPLACEMENT,Déplacement directionnel proxy,Base scene: Déplacement directionnel proxy (FLOW_DIRECTIONAL_DISPLACEMENT).,"Reaction raw progressive: delta 2.5 pips, range 17.5 pips, 5826 ticks.","Projection faible: effort/rotation absorbe le deplacement, delta/range=0.14.",KEEP fort: accord raw confirme et source quality forte.,CONFIRMED_BY_RAW,CONFIRMED_BY_RAW,CONFIRMED_BY_RAW,0.880,SOURCE_QUALITY_STRONG,SOURCE_QUALITY_STRONG,0.950,B6_KEEP_CANDIDATE,RAW_PROGRESS_CONFIRMED,2.5,17.5,5826,DIRECTIONAL_PROGRESS_MEMORY,DIRECTIONAL_PROGRESS_MEMORY|FORCE_SNAPSHOT_DERIVED|M1_BAR_PROXY|CONFIRMED_BY_RAW|RAW_PROGRESS_CONFIRMED|SOURCE_QUALITY_STRONG,"KEEP memoire: DIRECTIONAL_PROGRESS_MEMORY; KEEP prioritaire: scene confirmee raw, texture RAW_PROGRESS_CONFIRMED, provenance FORCE_SNAPSHOT_DERIVED, score memoire 0.950.",Comparer les scenes de progression / deplacement directionnel avec role raw explicite.,family=DIRECTIONAL_PROGRESS_MEMORY; session=LONDON_NY_OVERLAP; raw_texture=RAW_PROGRESS_CONFIRMED; raw_agreement=CONFIRMED_BY_RAW; source_quality=SOURCE_QUALITY_STRONG; source_family=FORCE_SNAPSHOT_DERIVED; source_mode=M1_BAR_PROXY,FORCE_SNAPSHOT_DERIVED: reconstruction force_snapshots_v2; not recovered existing summary; proxy/reconstructed reading; not full footprint claim; CONFIRMED_BY_RAW: raw supports proxy reading; source_quality_raw=FULL_DAY_M1_PROXY; confidence_cap=0.35; read-only; no DB write; no dashboard; no Telegram; no BUY/SELL; T0113 film card is comparative memory only; no prediction; no BUY/SELL; no probability of success
B6FC_20260508_1504_16F648C8,2026-05-08,2026-05-08T15:04:00+00:00,2026-05-08T16:04:00+00:00,LONDON_NY_OVERLAP,FORCE_SNAPSHOT_DERIVED,FORCE_SNAPSHOT_DERIVED,M1_BAR_PROXY,RECONSTRUCTED_FORCE_SNAPSHOT_DERIVED,0.35,FLOW_ROTATIONAL,Rotation / respiration de zone,Base scene: Rotation / respiration de zone (FLOW_ROTATIONAL).,"Reaction raw progressive: delta 6.8 pips, range 12.1 pips, 5157 ticks.","Projection partielle: mouvement utile mais encore nuance par la texture, delta/range=0.56.",KEEP fort: accord raw confirme et source quality forte.,CONFIRMED_BY_RAW,CONFIRMED_BY_RAW,CONFIRMED_BY_RAW,0.880,SOURCE_QUALITY_STRONG,SOURCE_QUALITY_STRONG,0.950,B6_KEEP_CANDIDATE,RAW_PROGRESS_CONFIRMED,6.8,12.1,5157,DIRECTIONAL_PROGRESS_MEMORY,DIRECTIONAL_PROGRESS_MEMORY|FORCE_SNAPSHOT_DERIVED|M1_BAR_PROXY|CONFIRMED_BY_RAW|RAW_PROGRESS_CONFIRMED|SOURCE_QUALITY_STRONG,"KEEP memoire: DIRECTIONAL_PROGRESS_MEMORY; KEEP prioritaire: scene confirmee raw, texture RAW_PROGRESS_CONFIRMED, provenance FORCE_SNAPSHOT_DERIVED, score memoire 0.950.",Comparer les scenes de progression / deplacement directionnel avec role raw explicite.,family=DIRECTIONAL_PROGRESS_MEMORY; session=LONDON_NY_OVERLAP; raw_texture=RAW_PROGRESS_CONFIRMED; raw_agreement=CONFIRMED_BY_RAW; source_quality=SOURCE_QUALITY_STRONG; source_family=FORCE_SNAPSHOT_DERIVED; source_mode=M1_BAR_PROXY,FORCE_SNAPSHOT_DERIVED: reconstruction force_snapshots_v2; not recovered existing summary; proxy/reconstructed reading; not full footprint claim; CONFIRMED_BY_RAW: raw supports proxy reading; source_quality_raw=FULL_DAY_M1_PROXY; confidence_cap=0.35; read-only; no DB write; no dashboard; no Telegram; no BUY/SELL; T0113 film card is comparative memory only; no prediction; no BUY/SELL; no probability of success
B6FC_20260508_1604_8E179333,2026-05-08,2026-05-08T16:04:00+00:00,2026-05-08T17:04:00+00:00,NY_AFTERNOON,FORCE_SNAPSHOT_DERIVED,FORCE_SNAPSHOT_DERIVED,M1_BAR_PROXY,RECONSTRUCTED_FORCE_SNAPSHOT_DERIVED,0.35,FLOW_WEAK_DIRECTIONAL,Flux faible / transition proxy,Base scene: Flux faible / transition proxy (FLOW_WEAK_DIRECTIONAL).,"Reaction raw rotationnelle: respiration/rotation de zone, delta -9.1 pips, range 14.7 pips, 3175 ticks.","Projection partielle: mouvement utile mais encore nuance par la texture, delta/range=0.62.","KEEP nuance: scene utile, raw nuance la lecture sans la durcir en confirmation.",NUANCED_BY_RAW,NUANCED_BY_RAW,NUANCED_BY_RAW,0.880,SOURCE_QUALITY_STRONG,SOURCE_QUALITY_STRONG,0.950,B6_KEEP_CANDIDATE,RAW_ROTATION_CONFIRMED,-9.1,14.7,3175,DIRECTIONAL_PROGRESS_MEMORY,DIRECTIONAL_PROGRESS_MEMORY|FORCE_SNAPSHOT_DERIVED|M1_BAR_PROXY|NUANCED_BY_RAW|RAW_ROTATION_CONFIRMED|SOURCE_QUALITY_STRONG,KEEP memoire: DIRECTIONAL_PROGRESS_MEMORY; KEEP nuance: raw nuance la scene mais qualite/texture suffisantes pour comparaison B6; provenance FORCE_SNAPSHOT_DERIVED; score memoire 0.950.,Comparer les scenes de progression / deplacement directionnel avec role raw explicite.,family=DIRECTIONAL_PROGRESS_MEMORY; session=NY_AFTERNOON; raw_texture=RAW_ROTATION_CONFIRMED; raw_agreement=NUANCED_BY_RAW; source_quality=SOURCE_QUALITY_STRONG; source_family=FORCE_SNAPSHOT_DERIVED; source_mode=M1_BAR_PROXY,FORCE_SNAPSHOT_DERIVED: reconstruction force_snapshots_v2; not recovered existing summary; proxy/reconstructed reading; not full footprint claim; NUANCED_BY_RAW: useful but not hard-confirmed raw; source_quality_raw=FULL_DAY_M1_PROXY; confidence_cap=0.35; read-only; no DB write; no dashboard; no Telegram; no BUY/SELL; T0113 film card is comparative memory only; no prediction; no BUY/SELL; no probability of success
B6FC_20260508_1704_14C45C92,2026-05-08,2026-05-08T17:04:00+00:00,2026-05-08T18:04:00+00:00,NY_AFTERNOON,FORCE_SNAPSHOT_DERIVED,FORCE_SNAPSHOT_DERIVED,M1_BAR_PROXY,RECONSTRUCTED_FORCE_SNAPSHOT_DERIVED,0.35,FLOW_ROTATIONAL,Rotation / respiration de zone,Base scene: Rotation / respiration de zone (FLOW_ROTATIONAL).,"Reaction raw rotationnelle: respiration/rotation de zone, delta 9.9 pips, range 10.9 pips, 2919 ticks.",Projection directionnelle lisible: delta/range=0.91.,"KEEP nuance: scene utile, raw nuance la lecture sans la durcir en confirmation.",NUANCED_BY_RAW,NUANCED_BY_RAW,NUANCED_BY_RAW,0.880,SOURCE_QUALITY_STRONG,SOURCE_QUALITY_STRONG,0.950,B6_KEEP_CANDIDATE,RAW_ROTATION_CONFIRMED,9.9,10.9,2919,ROTATION_BREATH_MEMORY,ROTATION_BREATH_MEMORY|FORCE_SNAPSHOT_DERIVED|M1_BAR_PROXY|NUANCED_BY_RAW|RAW_ROTATION_CONFIRMED|SOURCE_QUALITY_STRONG,KEEP memoire: ROTATION_BREATH_MEMORY; KEEP nuance: raw nuance la scene mais qualite/texture suffisantes pour comparaison B6; provenance FORCE_SNAPSHOT_DERIVED; score memoire 0.950.,"Comparer les respirations de zone, rotations et transitions sans durcir en prediction.",family=ROTATION_BREATH_MEMORY; session=NY_AFTERNOON; raw_texture=RAW_ROTATION_CONFIRMED; raw_agreement=NUANCED_BY_RAW; source_quality=SOURCE_QUALITY_STRONG; source_family=FORCE_SNAPSHOT_DERIVED; source_mode=M1_BAR_PROXY,FORCE_SNAPSHOT_DERIVED: reconstruction force_snapshots_v2; not recovered existing summary; proxy/reconstructed reading; not full footprint claim; NUANCED_BY_RAW: useful but not hard-confirmed raw; source_quality_raw=FULL_DAY_M1_PROXY; confidence_cap=0.35; read-only; no DB write; no dashboard; no Telegram; no BUY/SELL; T0113 film card is comparative memory only; no prediction; no BUY/SELL; no probability of success
B6FC_20260508_1804_E468E776,2026-05-08,2026-05-08T18:04:00+00:00,2026-05-08T19:04:00+00:00,NY_AFTERNOON,FORCE_SNAPSHOT_DERIVED,FORCE_SNAPSHOT_DERIVED,M1_BAR_PROXY,RECONSTRUCTED_FORCE_SNAPSHOT_DERIVED,0.35,FLOW_WEAK_DIRECTIONAL,Flux faible / transition proxy,Base scene: Flux faible / transition proxy (FLOW_WEAK_DIRECTIONAL).,"Reaction raw rotationnelle: respiration/rotation de zone, delta -2.9 pips, range 11.7 pips, 3136 ticks.","Projection faible: effort/rotation absorbe le deplacement, delta/range=0.25.","KEEP nuance: scene utile, raw nuance la lecture sans la durcir en confirmation.",NUANCED_BY_RAW,NUANCED_BY_RAW,NUANCED_BY_RAW,0.880,SOURCE_QUALITY_STRONG,SOURCE_QUALITY_STRONG,0.950,B6_KEEP_CANDIDATE,RAW_ROTATION_CONFIRMED,-2.9,11.7,3136,DIRECTIONAL_PROGRESS_MEMORY,DIRECTIONAL_PROGRESS_MEMORY|FORCE_SNAPSHOT_DERIVED|M1_BAR_PROXY|NUANCED_BY_RAW|RAW_ROTATION_CONFIRMED|SOURCE_QUALITY_STRONG,KEEP memoire: DIRECTIONAL_PROGRESS_MEMORY; KEEP nuance: raw nuance la scene mais qualite/texture suffisantes pour comparaison B6; provenance FORCE_SNAPSHOT_DERIVED; score memoire 0.950.,Comparer les scenes de progression / deplacement directionnel avec role raw explicite.,family=DIRECTIONAL_PROGRESS_MEMORY; session=NY_AFTERNOON; raw_texture=RAW_ROTATION_CONFIRMED; raw_agreement=NUANCED_BY_RAW; source_quality=SOURCE_QUALITY_STRONG; source_family=FORCE_SNAPSHOT_DERIVED; source_mode=M1_BAR_PROXY,FORCE_SNAPSHOT_DERIVED: reconstruction force_snapshots_v2; not recovered existing summary; proxy/reconstructed reading; not full footprint claim; NUANCED_BY_RAW: useful but not hard-confirmed raw; source_quality_raw=FULL_DAY_M1_PROXY; confidence_cap=0.35; read-only; no DB write; no dashboard; no Telegram; no BUY/SELL; T0113 film card is comparative memory only; no prediction; no BUY/SELL; no probability of success
B6FC_20260508_1904_172E5ECE,2026-05-08,2026-05-08T19:04:00+00:00,2026-05-08T20:04:00+00:00,NY_AFTERNOON,FORCE_SNAPSHOT_DERIVED,FORCE_SNAPSHOT_DERIVED,M1_BAR_PROXY,RECONSTRUCTED_FORCE_SNAPSHOT_DERIVED,0.35,FLOW_DIRECTIONAL_DISPLACEMENT,Déplacement directionnel proxy,Base scene: Déplacement directionnel proxy (FLOW_DIRECTIONAL_DISPLACEMENT).,"Reaction raw rotationnelle: respiration/rotation de zone, delta 3.1 pips, range 7.1 pips, 2956 ticks.","Projection partielle: mouvement utile mais encore nuance par la texture, delta/range=0.44.","KEEP nuance: scene utile, raw nuance la lecture sans la durcir en confirmation.",NUANCED_BY_RAW,NUANCED_BY_RAW,NUANCED_BY_RAW,0.880,SOURCE_QUALITY_STRONG,SOURCE_QUALITY_STRONG,0.950,B6_KEEP_CANDIDATE,RAW_ROTATION_CONFIRMED,3.1,7.1,2956,DIRECTIONAL_PROGRESS_MEMORY,DIRECTIONAL_PROGRESS_MEMORY|FORCE_SNAPSHOT_DERIVED|M1_BAR_PROXY|NUANCED_BY_RAW|RAW_ROTATION_CONFIRMED|SOURCE_QUALITY_STRONG,KEEP memoire: DIRECTIONAL_PROGRESS_MEMORY; KEEP nuance: raw nuance la scene mais qualite/texture suffisantes pour comparaison B6; provenance FORCE_SNAPSHOT_DERIVED; score memoire 0.950.,Comparer les scenes de progression / deplacement directionnel avec role raw explicite.,family=DIRECTIONAL_PROGRESS_MEMORY; session=NY_AFTERNOON; raw_texture=RAW_ROTATION_CONFIRMED; raw_agreement=NUANCED_BY_RAW; source_quality=SOURCE_QUALITY_STRONG; source_family=FORCE_SNAPSHOT_DERIVED; source_mode=M1_BAR_PROXY,FORCE_SNAPSHOT_DERIVED: reconstruction force_snapshots_v2; not recovered existing summary; proxy/reconstructed reading; not full footprint claim; NUANCED_BY_RAW: useful but not hard-confirmed raw; source_quality_raw=FULL_DAY_M1_PROXY; confidence_cap=0.35; read-only; no DB write; no dashboard; no Telegram; no BUY/SELL; T0113 film card is comparative memory only; no prediction; no BUY/SELL; no probability of success
B6FC_20260511_0007_6657A9A2,2026-05-11,2026-05-11T00:07:00+00:00,2026-05-11T00:09:00+00:00,ASIAN_SESSION,FORCE_SNAPSHOT_DERIVED,FORCE_SNAPSHOT_DERIVED,M1_BAR_PROXY,RECONSTRUCTED_FORCE_SNAPSHOT_DERIVED,0.35,FLOW_DIRECTIONAL_DISPLACEMENT,Déplacement directionnel proxy,Base scene: Déplacement directionnel proxy (FLOW_DIRECTIONAL_DISPLACEMENT).,"Reaction raw frictionnelle: activite lisible avec deplacement contraint, delta -0.1 pips, range 2.1 pips, 83 ticks.","Projection faible: effort/rotation absorbe le deplacement, delta/range=0.05.","KEEP nuance: scene utile, raw nuance la lecture sans la durcir en confirmation.",NUANCED_BY_RAW,NUANCED_BY_RAW,NUANCED_BY_RAW,0.680,SOURCE_QUALITY_USABLE,SOURCE_QUALITY_USABLE,0.800,B6_KEEP_CANDIDATE,RAW_FRICTION_CONFIRMED,-0.1,2.1,83,FRICTION_ABSORPTION_MEMORY,FRICTION_ABSORPTION_MEMORY|FORCE_SNAPSHOT_DERIVED|M1_BAR_PROXY|NUANCED_BY_RAW|RAW_FRICTION_CONFIRMED|SOURCE_QUALITY_USABLE,KEEP memoire: FRICTION_ABSORPTION_MEMORY; KEEP nuance: raw nuance la scene mais qualite/texture suffisantes pour comparaison B6; provenance FORCE_SNAPSHOT_DERIVED; score memoire 0.800.,"Comparer les scenes d'effort visible sans resultat directionnel propre, absorption ou friction locale.",family=FRICTION_ABSORPTION_MEMORY; session=ASIAN_SESSION; raw_texture=RAW_FRICTION_CONFIRMED; raw_agreement=NUANCED_BY_RAW; source_quality=SOURCE_QUALITY_USABLE; source_family=FORCE_SNAPSHOT_DERIVED; source_mode=M1_BAR_PROXY,FORCE_SNAPSHOT_DERIVED: reconstruction force_snapshots_v2; not recovered existing summary; proxy/reconstructed reading; not full footprint claim; NUANCED_BY_RAW: useful but not hard-confirmed raw; source_quality_raw=PARTIAL_PROXY_COVERAGE; confidence_cap=0.35; read-only; no DB write; no dashboard; no Telegram; no BUY/SELL; T0113 film card is comparative memory only; no prediction; no BUY/SELL; no probability of success
B6FC_20260511_0012_767954BD,2026-05-11,2026-05-11T00:12:00+00:00,2026-05-11T00:13:00+00:00,ASIAN_SESSION,FORCE_SNAPSHOT_DERIVED,FORCE_SNAPSHOT_DERIVED,M1_BAR_PROXY,RECONSTRUCTED_FORCE_SNAPSHOT_DERIVED,0.35,FLOW_ROTATIONAL,Rotation / respiration de zone,Base scene: Rotation / respiration de zone (FLOW_ROTATIONAL).,"Reaction raw frictionnelle: activite lisible avec deplacement contraint, delta 0 pips, range 0.8 pips, 44 ticks.","Projection faible: effort/rotation absorbe le deplacement, delta/range=0.00.","KEEP nuance: scene utile, raw nuance la lecture sans la durcir en confirmation.",NUANCED_BY_RAW,NUANCED_BY_RAW,NUANCED_BY_RAW,0.680,SOURCE_QUALITY_USABLE,SOURCE_QUALITY_USABLE,0.770,B6_KEEP_CANDIDATE,RAW_FRICTION_CONFIRMED,0.0,0.8,44,FRICTION_ABSORPTION_MEMORY,FRICTION_ABSORPTION_MEMORY|FORCE_SNAPSHOT_DERIVED|M1_BAR_PROXY|NUANCED_BY_RAW|RAW_FRICTION_CONFIRMED|SOURCE_QUALITY_USABLE,KEEP memoire: FRICTION_ABSORPTION_MEMORY; KEEP nuance: raw nuance la scene mais qualite/texture suffisantes pour comparaison B6; provenance FORCE_SNAPSHOT_DERIVED; score memoire 0.770.,"Comparer les scenes d'effort visible sans resultat directionnel propre, absorption ou friction locale.",family=FRICTION_ABSORPTION_MEMORY; session=ASIAN_SESSION; raw_texture=RAW_FRICTION_CONFIRMED; raw_agreement=NUANCED_BY_RAW; source_quality=SOURCE_QUALITY_USABLE; source_family=FORCE_SNAPSHOT_DERIVED; source_mode=M1_BAR_PROXY,FORCE_SNAPSHOT_DERIVED: reconstruction force_snapshots_v2; not recovered existing summary; proxy/reconstructed reading; not full footprint claim; NUANCED_BY_RAW: useful but not hard-confirmed raw; source_quality_raw=PARTIAL_PROXY_COVERAGE; confidence_cap=0.35; read-only; no DB write; no dashboard; no Telegram; no BUY/SELL; T0113 film card is comparative memory only; no prediction; no BUY/SELL; no probability of success
B6FC_20260511_0015_64766FA0,2026-05-11,2026-05-11T00:15:00+00:00,2026-05-11T00:26:00+00:00,ASIAN_SESSION,FORCE_SNAPSHOT_DERIVED,FORCE_SNAPSHOT_DERIVED,M1_BAR_PROXY,RECONSTRUCTED_FORCE_SNAPSHOT_DERIVED,0.35,FLOW_FRICTION_ABSORPTION_LIKE,Friction / absorption-like proxy,Base scene: Friction / absorption-like proxy (FLOW_FRICTION_ABSORPTION_LIKE).,"Reaction raw progressive: delta 3.1 pips, range 5.5 pips, 373 ticks.","Projection partielle: mouvement utile mais encore nuance par la texture, delta/range=0.56.","Judgment technique: B6_KEEP_CANDIDATE, CONFIRMED_BY_RAW, SOURCE_QUALITY_USABLE.",CONFIRMED_BY_RAW,CONFIRMED_BY_RAW,CONFIRMED_BY_RAW,0.760,SOURCE_QUALITY_USABLE,SOURCE_QUALITY_USABLE,0.880,B6_KEEP_CANDIDATE,RAW_PROGRESS_CONFIRMED,3.1,5.5,373,FRICTION_ABSORPTION_MEMORY,FRICTION_ABSORPTION_MEMORY|FORCE_SNAPSHOT_DERIVED|M1_BAR_PROXY|CONFIRMED_BY_RAW|RAW_PROGRESS_CONFIRMED|SOURCE_QUALITY_USABLE,"KEEP memoire: FRICTION_ABSORPTION_MEMORY; KEEP prioritaire: scene confirmee raw, texture RAW_PROGRESS_CONFIRMED, provenance FORCE_SNAPSHOT_DERIVED, score memoire 0.880.","Comparer les scenes d'effort visible sans resultat directionnel propre, absorption ou friction locale.",family=FRICTION_ABSORPTION_MEMORY; session=ASIAN_SESSION; raw_texture=RAW_PROGRESS_CONFIRMED; raw_agreement=CONFIRMED_BY_RAW; source_quality=SOURCE_QUALITY_USABLE; source_family=FORCE_SNAPSHOT_DERIVED; source_mode=M1_BAR_PROXY,FORCE_SNAPSHOT_DERIVED: reconstruction force_snapshots_v2; not recovered existing summary; proxy/reconstructed reading; not full footprint claim; CONFIRMED_BY_RAW: raw supports proxy reading; source_quality_raw=PARTIAL_PROXY_COVERAGE; confidence_cap=0.35; read-only; no DB write; no dashboard; no Telegram; no BUY/SELL; T0113 film card is comparative memory only; no prediction; no BUY/SELL; no probability of success
B6FC_20260511_0124_E6F9478C,2026-05-11,2026-05-11T01:24:00+00:00,2026-05-11T01:26:00+00:00,ASIAN_SESSION,FORCE_SNAPSHOT_DERIVED,FORCE_SNAPSHOT_DERIVED,M1_BAR_PROXY,RECONSTRUCTED_FORCE_SNAPSHOT_DERIVED,0.35,FLOW_WEAK_DIRECTIONAL,Flux faible / transition proxy,Base scene: Flux faible / transition proxy (FLOW_WEAK_DIRECTIONAL).,"Reaction raw frictionnelle: activite lisible avec deplacement contraint, delta -1.2 pips, range 1.9 pips, 44 ticks.","Projection partielle: mouvement utile mais encore nuance par la texture, delta/range=0.63.","KEEP nuance: scene utile, raw nuance la lecture sans la durcir en confirmation.",NUANCED_BY_RAW,NUANCED_BY_RAW,NUANCED_BY_RAW,0.680,SOURCE_QUALITY_USABLE,SOURCE_QUALITY_USABLE,0.770,B6_KEEP_CANDIDATE,RAW_FRICTION_CONFIRMED,-1.2,1.9,44,FRICTION_ABSORPTION_MEMORY,FRICTION_ABSORPTION_MEMORY|FORCE_SNAPSHOT_DERIVED|M1_BAR_PROXY|NUANCED_BY_RAW|RAW_FRICTION_CONFIRMED|SOURCE_QUALITY_USABLE,KEEP memoire: FRICTION_ABSORPTION_MEMORY; KEEP nuance: raw nuance la scene mais qualite/texture suffisantes pour comparaison B6; provenance FORCE_SNAPSHOT_DERIVED; score memoire 0.770.,"Comparer les scenes d'effort visible sans resultat directionnel propre, absorption ou friction locale.",family=FRICTION_ABSORPTION_MEMORY; session=ASIAN_SESSION; raw_texture=RAW_FRICTION_CONFIRMED; raw_agreement=NUANCED_BY_RAW; source_quality=SOURCE_QUALITY_USABLE; source_family=FORCE_SNAPSHOT_DERIVED; source_mode=M1_BAR_PROXY,FORCE_SNAPSHOT_DERIVED: reconstruction force_snapshots_v2; not recovered existing summary; proxy/reconstructed reading; not full footprint claim; NUANCED_BY_RAW: useful but not hard-confirmed raw; source_quality_raw=PARTIAL_PROXY_COVERAGE; confidence_cap=0.35; read-only; no DB write; no dashboard; no Telegram; no BUY/SELL; T0113 film card is comparative memory only; no prediction; no BUY/SELL; no probability of success
B6FC_20260511_1141_6F9ED3A5,2026-05-11,2026-05-11T11:41:00+00:00,2026-05-11T12:41:00+00:00,LONDON_MIDDAY_TRANSITION,FORCE_SNAPSHOT_DERIVED,FORCE_SNAPSHOT_DERIVED,M1_BAR_PROXY,RECONSTRUCTED_FORCE_SNAPSHOT_DERIVED,0.35,FLOW_DIRECTIONAL_DISPLACEMENT,Déplacement directionnel proxy,Base scene: Déplacement directionnel proxy (FLOW_DIRECTIONAL_DISPLACEMENT).,"Reaction raw rotationnelle: respiration/rotation de zone, delta 3.4 pips, range 16 pips, 4651 ticks.","Projection faible: effort/rotation absorbe le deplacement, delta/range=0.21.","KEEP nuance: scene utile, raw nuance la lecture sans la durcir en confirmation.",NUANCED_BY_RAW,NUANCED_BY_RAW,NUANCED_BY_RAW,0.760,SOURCE_QUALITY_USABLE,SOURCE_QUALITY_USABLE,0.880,B6_KEEP_CANDIDATE,RAW_ROTATION_CONFIRMED,3.4,16.0,4651,DIRECTIONAL_PROGRESS_MEMORY,DIRECTIONAL_PROGRESS_MEMORY|FORCE_SNAPSHOT_DERIVED|M1_BAR_PROXY|NUANCED_BY_RAW|RAW_ROTATION_CONFIRMED|SOURCE_QUALITY_USABLE,KEEP memoire: DIRECTIONAL_PROGRESS_MEMORY; KEEP nuance: raw nuance la scene mais qualite/texture suffisantes pour comparaison B6; provenance FORCE_SNAPSHOT_DERIVED; score memoire 0.880.,Comparer les scenes de progression / deplacement directionnel avec role raw explicite.,family=DIRECTIONAL_PROGRESS_MEMORY; session=LONDON_MIDDAY_TRANSITION; raw_texture=RAW_ROTATION_CONFIRMED; raw_agreement=NUANCED_BY_RAW; source_quality=SOURCE_QUALITY_USABLE; source_family=FORCE_SNAPSHOT_DERIVED; source_mode=M1_BAR_PROXY,FORCE_SNAPSHOT_DERIVED: reconstruction force_snapshots_v2; not recovered existing summary; proxy/reconstructed reading; not full footprint claim; NUANCED_BY_RAW: useful but not hard-confirmed raw; source_quality_raw=PARTIAL_PROXY_COVERAGE; confidence_cap=0.35; read-only; no DB write; no dashboard; no Telegram; no BUY/SELL; T0113 film card is comparative memory only; no prediction; no BUY/SELL; no probability of success
B6FC_20260511_1241_DFF45176,2026-05-11,2026-05-11T12:41:00+00:00,2026-05-11T13:41:00+00:00,LONDON_MIDDAY_TRANSITION,FORCE_SNAPSHOT_DERIVED,FORCE_SNAPSHOT_DERIVED,M1_BAR_PROXY,RECONSTRUCTED_FORCE_SNAPSHOT_DERIVED,0.35,FLOW_WEAK_DIRECTIONAL,Flux faible / transition proxy,Base scene: Flux faible / transition proxy (FLOW_WEAK_DIRECTIONAL).,"Reaction raw rotationnelle: respiration/rotation de zone, delta 15.5 pips, range 25.2 pips, 4863 ticks.","Projection partielle: mouvement utile mais encore nuance par la texture, delta/range=0.62.","KEEP nuance: scene utile, raw nuance la lecture sans la durcir en confirmation.",NUANCED_BY_RAW,NUANCED_BY_RAW,NUANCED_BY_RAW,0.760,SOURCE_QUALITY_USABLE,SOURCE_QUALITY_USABLE,0.880,B6_KEEP_CANDIDATE,RAW_ROTATION_CONFIRMED,15.5,25.2,4863,DIRECTIONAL_PROGRESS_MEMORY,DIRECTIONAL_PROGRESS_MEMORY|FORCE_SNAPSHOT_DERIVED|M1_BAR_PROXY|NUANCED_BY_RAW|RAW_ROTATION_CONFIRMED|SOURCE_QUALITY_USABLE,KEEP memoire: DIRECTIONAL_PROGRESS_MEMORY; KEEP nuance: raw nuance la scene mais qualite/texture suffisantes pour comparaison B6; provenance FORCE_SNAPSHOT_DERIVED; score memoire 0.880.,Comparer les scenes de progression / deplacement directionnel avec role raw explicite.,family=DIRECTIONAL_PROGRESS_MEMORY; session=LONDON_MIDDAY_TRANSITION; raw_texture=RAW_ROTATION_CONFIRMED; raw_agreement=NUANCED_BY_RAW; source_quality=SOURCE_QUALITY_USABLE; source_family=FORCE_SNAPSHOT_DERIVED; source_mode=M1_BAR_PROXY,FORCE_SNAPSHOT_DERIVED: reconstruction force_snapshots_v2; not recovered existing summary; proxy/reconstructed reading; not full footprint claim; NUANCED_BY_RAW: useful but not hard-confirmed raw; source_quality_raw=PARTIAL_PROXY_COVERAGE; confidence_cap=0.35; read-only; no DB write; no dashboard; no Telegram; no BUY/SELL; T0113 film card is comparative memory only; no prediction; no BUY/SELL; no probability of success
B6FC_20260511_1341_5F9888C6,2026-05-11,2026-05-11T13:41:00+00:00,2026-05-11T14:41:00+00:00,LONDON_NY_OVERLAP,FORCE_SNAPSHOT_DERIVED,FORCE_SNAPSHOT_DERIVED,M1_BAR_PROXY,RECONSTRUCTED_FORCE_SNAPSHOT_DERIVED,0.35,FLOW_WEAK_DIRECTIONAL,Flux faible / transition proxy,Base scene: Flux faible / transition proxy (FLOW_WEAK_DIRECTIONAL).,"Reaction raw progressive: delta 2.1 pips, range 13 pips, 5291 ticks.","Projection faible: effort/rotation absorbe le deplacement, delta/range=0.16.","Judgment technique: B6_KEEP_CANDIDATE, CONFIRMED_BY_RAW, SOURCE_QUALITY_USABLE.",CONFIRMED_BY_RAW,CONFIRMED_BY_RAW,CONFIRMED_BY_RAW,0.760,SOURCE_QUALITY_USABLE,SOURCE_QUALITY_USABLE,0.880,B6_KEEP_CANDIDATE,RAW_PROGRESS_CONFIRMED,2.1,13.0,5291,DIRECTIONAL_PROGRESS_MEMORY,DIRECTIONAL_PROGRESS_MEMORY|FORCE_SNAPSHOT_DERIVED|M1_BAR_PROXY|CONFIRMED_BY_RAW|RAW_PROGRESS_CONFIRMED|SOURCE_QUALITY_USABLE,"KEEP memoire: DIRECTIONAL_PROGRESS_MEMORY; KEEP prioritaire: scene confirmee raw, texture RAW_PROGRESS_CONFIRMED, provenance FORCE_SNAPSHOT_DERIVED, score memoire 0.880.",Comparer les scenes de progression / deplacement directionnel avec role raw explicite.,family=DIRECTIONAL_PROGRESS_MEMORY; session=LONDON_NY_OVERLAP; raw_texture=RAW_PROGRESS_CONFIRMED; raw_agreement=CONFIRMED_BY_RAW; source_quality=SOURCE_QUALITY_USABLE; source_family=FORCE_SNAPSHOT_DERIVED; source_mode=M1_BAR_PROXY,FORCE_SNAPSHOT_DERIVED: reconstruction force_snapshots_v2; not recovered existing summary; proxy/reconstructed reading; not full footprint claim; CONFIRMED_BY_RAW: raw supports proxy reading; source_quality_raw=PARTIAL_PROXY_COVERAGE; confidence_cap=0.35; read-only; no DB write; no dashboard; no Telegram; no BUY/SELL; T0113 film card is comparative memory only; no prediction; no BUY/SELL; no probability of success
B6FC_20260511_1441_9C99B859,2026-05-11,2026-05-11T14:41:00+00:00,2026-05-11T15:41:00+00:00,LONDON_NY_OVERLAP,FORCE_SNAPSHOT_DERIVED,FORCE_SNAPSHOT_DERIVED,M1_BAR_PROXY,RECONSTRUCTED_FORCE_SNAPSHOT_DERIVED,0.35,FLOW_ROTATIONAL,Rotation / respiration de zone,Base scene: Rotation / respiration de zone (FLOW_ROTATIONAL).,"Reaction raw progressive: delta 22.1 pips, range 31.6 pips, 5445 ticks.",Projection directionnelle lisible: delta/range=0.70.,"Judgment technique: B6_KEEP_CANDIDATE, CONFIRMED_BY_RAW, SOURCE_QUALITY_USABLE.",CONFIRMED_BY_RAW,CONFIRMED_BY_RAW,CONFIRMED_BY_RAW,0.760,SOURCE_QUALITY_USABLE,SOURCE_QUALITY_USABLE,0.880,B6_KEEP_CANDIDATE,RAW_PROGRESS_CONFIRMED,22.1,31.6,5445,DIRECTIONAL_PROGRESS_MEMORY,DIRECTIONAL_PROGRESS_MEMORY|FORCE_SNAPSHOT_DERIVED|M1_BAR_PROXY|CONFIRMED_BY_RAW|RAW_PROGRESS_CONFIRMED|SOURCE_QUALITY_USABLE,"KEEP memoire: DIRECTIONAL_PROGRESS_MEMORY; KEEP prioritaire: scene confirmee raw, texture RAW_PROGRESS_CONFIRMED, provenance FORCE_SNAPSHOT_DERIVED, score memoire 0.880.",Comparer les scenes de progression / deplacement directionnel avec role raw explicite.,family=DIRECTIONAL_PROGRESS_MEMORY; session=LONDON_NY_OVERLAP; raw_texture=RAW_PROGRESS_CONFIRMED; raw_agreement=CONFIRMED_BY_RAW; source_quality=SOURCE_QUALITY_USABLE; source_family=FORCE_SNAPSHOT_DERIVED; source_mode=M1_BAR_PROXY,FORCE_SNAPSHOT_DERIVED: reconstruction force_snapshots_v2; not recovered existing summary; proxy/reconstructed reading; not full footprint claim; CONFIRMED_BY_RAW: raw supports proxy reading; source_quality_raw=PARTIAL_PROXY_COVERAGE; confidence_cap=0.35; read-only; no DB write; no dashboard; no Telegram; no BUY/SELL; T0113 film card is comparative memory only; no prediction; no BUY/SELL; no probability of success
B6FC_20260511_1541_2356B7B8,2026-05-11,2026-05-11T15:41:00+00:00,2026-05-11T16:41:00+00:00,LONDON_NY_OVERLAP,FORCE_SNAPSHOT_DERIVED,FORCE_SNAPSHOT_DERIVED,M1_BAR_PROXY,RECONSTRUCTED_FORCE_SNAPSHOT_DERIVED,0.35,FLOW_DIRECTIONAL_DISPLACEMENT,Déplacement directionnel proxy,Base scene: Déplacement directionnel proxy (FLOW_DIRECTIONAL_DISPLACEMENT).,"Reaction raw rotationnelle: respiration/rotation de zone, delta -10.4 pips, range 12.7 pips, 4193 ticks.",Projection directionnelle lisible: delta/range=0.82.,"KEEP nuance: scene utile, raw nuance la lecture sans la durcir en confirmation.",NUANCED_BY_RAW,NUANCED_BY_RAW,NUANCED_BY_RAW,0.760,SOURCE_QUALITY_USABLE,SOURCE_QUALITY_USABLE,0.880,B6_KEEP_CANDIDATE,RAW_ROTATION_CONFIRMED,-10.4,12.7,4193,DIRECTIONAL_PROGRESS_MEMORY,DIRECTIONAL_PROGRESS_MEMORY|FORCE_SNAPSHOT_DERIVED|M1_BAR_PROXY|NUANCED_BY_RAW|RAW_ROTATION_CONFIRMED|SOURCE_QUALITY_USABLE,KEEP memoire: DIRECTIONAL_PROGRESS_MEMORY; KEEP nuance: raw nuance la scene mais qualite/texture suffisantes pour comparaison B6; provenance FORCE_SNAPSHOT_DERIVED; score memoire 0.880.,Comparer les scenes de progression / deplacement directionnel avec role raw explicite.,family=DIRECTIONAL_PROGRESS_MEMORY; session=LONDON_NY_OVERLAP; raw_texture=RAW_ROTATION_CONFIRMED; raw_agreement=NUANCED_BY_RAW; source_quality=SOURCE_QUALITY_USABLE; source_family=FORCE_SNAPSHOT_DERIVED; source_mode=M1_BAR_PROXY,FORCE_SNAPSHOT_DERIVED: reconstruction force_snapshots_v2; not recovered existing summary; proxy/reconstructed reading; not full footprint claim; NUANCED_BY_RAW: useful but not hard-confirmed raw; source_quality_raw=PARTIAL_PROXY_COVERAGE; confidence_cap=0.35; read-only; no DB write; no dashboard; no Telegram; no BUY/SELL; T0113 film card is comparative memory only; no prediction; no BUY/SELL; no probability of success
B6FC_20260511_1641_010496DB,2026-05-11,2026-05-11T16:41:00+00:00,2026-05-11T17:41:00+00:00,NY_AFTERNOON,FORCE_SNAPSHOT_DERIVED,FORCE_SNAPSHOT_DERIVED,M1_BAR_PROXY,RECONSTRUCTED_FORCE_SNAPSHOT_DERIVED,0.35,FLOW_ROTATIONAL,Rotation / respiration de zone,Base scene: Rotation / respiration de zone (FLOW_ROTATIONAL).,"Reaction raw progressive: delta 2.2 pips, range 9.4 pips, 3880 ticks.","Projection faible: effort/rotation absorbe le deplacement, delta/range=0.23.","Judgment technique: B6_KEEP_CANDIDATE, CONFIRMED_BY_RAW, SOURCE_QUALITY_USABLE.",CONFIRMED_BY_RAW,CONFIRMED_BY_RAW,CONFIRMED_BY_RAW,0.760,SOURCE_QUALITY_USABLE,SOURCE_QUALITY_USABLE,0.880,B6_KEEP_CANDIDATE,RAW_PROGRESS_CONFIRMED,2.2,9.4,3880,DIRECTIONAL_PROGRESS_MEMORY,DIRECTIONAL_PROGRESS_MEMORY|FORCE_SNAPSHOT_DERIVED|M1_BAR_PROXY|CONFIRMED_BY_RAW|RAW_PROGRESS_CONFIRMED|SOURCE_QUALITY_USABLE,"KEEP memoire: DIRECTIONAL_PROGRESS_MEMORY; KEEP prioritaire: scene confirmee raw, texture RAW_PROGRESS_CONFIRMED, provenance FORCE_SNAPSHOT_DERIVED, score memoire 0.880.",Comparer les scenes de progression / deplacement directionnel avec role raw explicite.,family=DIRECTIONAL_PROGRESS_MEMORY; session=NY_AFTERNOON; raw_texture=RAW_PROGRESS_CONFIRMED; raw_agreement=CONFIRMED_BY_RAW; source_quality=SOURCE_QUALITY_USABLE; source_family=FORCE_SNAPSHOT_DERIVED; source_mode=M1_BAR_PROXY,FORCE_SNAPSHOT_DERIVED: reconstruction force_snapshots_v2; not recovered existing summary; proxy/reconstructed reading; not full footprint claim; CONFIRMED_BY_RAW: raw supports proxy reading; source_quality_raw=PARTIAL_PROXY_COVERAGE; confidence_cap=0.35; read-only; no DB write; no dashboard; no Telegram; no BUY/SELL; T0113 film card is comparative memory only; no prediction; no BUY/SELL; no probability of success
B6FC_20260511_1741_87EC7902,2026-05-11,2026-05-11T17:41:00+00:00,2026-05-11T18:41:00+00:00,NY_AFTERNOON,FORCE_SNAPSHOT_DERIVED,FORCE_SNAPSHOT_DERIVED,M1_BAR_PROXY,RECONSTRUCTED_FORCE_SNAPSHOT_DERIVED,0.35,FLOW_DIRECTIONAL_DISPLACEMENT,Déplacement directionnel proxy,Base scene: Déplacement directionnel proxy (FLOW_DIRECTIONAL_DISPLACEMENT).,"Reaction raw rotationnelle: respiration/rotation de zone, delta -11.1 pips, range 12.4 pips, 2922 ticks.",Projection directionnelle lisible: delta/range=0.90.,"KEEP nuance: scene utile, raw nuance la lecture sans la durcir en confirmation.",NUANCED_BY_RAW,NUANCED_BY_RAW,NUANCED_BY_RAW,0.760,SOURCE_QUALITY_USABLE,SOURCE_QUALITY_USABLE,0.880,B6_KEEP_CANDIDATE,RAW_ROTATION_CONFIRMED,-11.1,12.4,2922,DIRECTIONAL_PROGRESS_MEMORY,DIRECTIONAL_PROGRESS_MEMORY|FORCE_SNAPSHOT_DERIVED|M1_BAR_PROXY|NUANCED_BY_RAW|RAW_ROTATION_CONFIRMED|SOURCE_QUALITY_USABLE,KEEP memoire: DIRECTIONAL_PROGRESS_MEMORY; KEEP nuance: raw nuance la scene mais qualite/texture suffisantes pour comparaison B6; provenance FORCE_SNAPSHOT_DERIVED; score memoire 0.880.,Comparer les scenes de progression / deplacement directionnel avec role raw explicite.,family=DIRECTIONAL_PROGRESS_MEMORY; session=NY_AFTERNOON; raw_texture=RAW_ROTATION_CONFIRMED; raw_agreement=NUANCED_BY_RAW; source_quality=SOURCE_QUALITY_USABLE; source_family=FORCE_SNAPSHOT_DERIVED; source_mode=M1_BAR_PROXY,FORCE_SNAPSHOT_DERIVED: reconstruction force_snapshots_v2; not recovered existing summary; proxy/reconstructed reading; not full footprint claim; NUANCED_BY_RAW: useful but not hard-confirmed raw; source_quality_raw=PARTIAL_PROXY_COVERAGE; confidence_cap=0.35; read-only; no DB write; no dashboard; no Telegram; no BUY/SELL; T0113 film card is comparative memory only; no prediction; no BUY/SELL; no probability of success
B6FC_20260511_1841_21FF62F9,2026-05-11,2026-05-11T18:41:00+00:00,2026-05-11T19:41:00+00:00,NY_AFTERNOON,FORCE_SNAPSHOT_DERIVED,FORCE_SNAPSHOT_DERIVED,M1_BAR_PROXY,RECONSTRUCTED_FORCE_SNAPSHOT_DERIVED,0.35,FLOW_ROTATIONAL,Rotation / respiration de zone,Base scene: Rotation / respiration de zone (FLOW_ROTATIONAL).,"Reaction raw progressive: delta -11.6 pips, range 12.1 pips, 3328 ticks.",Projection directionnelle lisible: delta/range=0.96.,"Judgment technique: B6_KEEP_CANDIDATE, CONFIRMED_BY_RAW, SOURCE_QUALITY_USABLE.",CONFIRMED_BY_RAW,CONFIRMED_BY_RAW,CONFIRMED_BY_RAW,0.760,SOURCE_QUALITY_USABLE,SOURCE_QUALITY_USABLE,0.880,B6_KEEP_CANDIDATE,RAW_PROGRESS_CONFIRMED,-11.6,12.1,3328,DIRECTIONAL_PROGRESS_MEMORY,DIRECTIONAL_PROGRESS_MEMORY|FORCE_SNAPSHOT_DERIVED|M1_BAR_PROXY|CONFIRMED_BY_RAW|RAW_PROGRESS_CONFIRMED|SOURCE_QUALITY_USABLE,"KEEP memoire: DIRECTIONAL_PROGRESS_MEMORY; KEEP prioritaire: scene confirmee raw, texture RAW_PROGRESS_CONFIRMED, provenance FORCE_SNAPSHOT_DERIVED, score memoire 0.880.",Comparer les scenes de progression / deplacement directionnel avec role raw explicite.,family=DIRECTIONAL_PROGRESS_MEMORY; session=NY_AFTERNOON; raw_texture=RAW_PROGRESS_CONFIRMED; raw_agreement=CONFIRMED_BY_RAW; source_quality=SOURCE_QUALITY_USABLE; source_family=FORCE_SNAPSHOT_DERIVED; source_mode=M1_BAR_PROXY,FORCE_SNAPSHOT_DERIVED: reconstruction force_snapshots_v2; not recovered existing summary; proxy/reconstructed reading; not full footprint claim; CONFIRMED_BY_RAW: raw supports proxy reading; source_quality_raw=PARTIAL_PROXY_COVERAGE; confidence_cap=0.35; read-only; no DB write; no dashboard; no Telegram; no BUY/SELL; T0113 film card is comparative memory only; no prediction; no BUY/SELL; no probability of success
B6FC_20260511_1941_35AF0F1A,2026-05-11,2026-05-11T19:41:00+00:00,2026-05-11T20:41:00+00:00,NY_AFTERNOON,FORCE_SNAPSHOT_DERIVED,FORCE_SNAPSHOT_DERIVED,M1_BAR_PROXY,RECONSTRUCTED_FORCE_SNAPSHOT_DERIVED,0.35,FLOW_WEAK_DIRECTIONAL,Flux faible / transition proxy,Base scene: Flux faible / transition proxy (FLOW_WEAK_DIRECTIONAL).,"Reaction raw rotationnelle: respiration/rotation de zone, delta -1.6 pips, range 4.7 pips, 1018 ticks.","Projection partielle: mouvement utile mais encore nuance par la texture, delta/range=0.34.","KEEP nuance: scene utile, raw nuance la lecture sans la durcir en confirmation.",NUANCED_BY_RAW,NUANCED_BY_RAW,NUANCED_BY_RAW,0.760,SOURCE_QUALITY_USABLE,SOURCE_QUALITY_USABLE,0.880,B6_KEEP_CANDIDATE,RAW_ROTATION_CONFIRMED,-1.6,4.7,1018,DIRECTIONAL_PROGRESS_MEMORY,DIRECTIONAL_PROGRESS_MEMORY|FORCE_SNAPSHOT_DERIVED|M1_BAR_PROXY|NUANCED_BY_RAW|RAW_ROTATION_CONFIRMED|SOURCE_QUALITY_USABLE,KEEP memoire: DIRECTIONAL_PROGRESS_MEMORY; KEEP nuance: raw nuance la scene mais qualite/texture suffisantes pour comparaison B6; provenance FORCE_SNAPSHOT_DERIVED; score memoire 0.880.,Comparer les scenes de progression / deplacement directionnel avec role raw explicite.,family=DIRECTIONAL_PROGRESS_MEMORY; session=NY_AFTERNOON; raw_texture=RAW_ROTATION_CONFIRMED; raw_agreement=NUANCED_BY_RAW; source_quality=SOURCE_QUALITY_USABLE; source_family=FORCE_SNAPSHOT_DERIVED; source_mode=M1_BAR_PROXY,FORCE_SNAPSHOT_DERIVED: reconstruction force_snapshots_v2; not recovered existing summary; proxy/reconstructed reading; not full footprint claim; NUANCED_BY_RAW: useful but not hard-confirmed raw; source_quality_raw=PARTIAL_PROXY_COVERAGE; confidence_cap=0.35; read-only; no DB write; no dashboard; no Telegram; no BUY/SELL; T0113 film card is comparative memory only; no prediction; no BUY/SELL; no probability of success
B6FC_20260511_2341_1DE6064B,2026-05-11,2026-05-11T23:41:00+00:00,2026-05-12T00:00:00+00:00,LATE_US_ASIA_HANDOVER,FORCE_SNAPSHOT_DERIVED,FORCE_SNAPSHOT_DERIVED,M1_BAR_PROXY,RECONSTRUCTED_FORCE_SNAPSHOT_DERIVED,0.35,FLOW_DIRECTIONAL_DISPLACEMENT,Déplacement directionnel proxy,Base scene: Déplacement directionnel proxy (FLOW_DIRECTIONAL_DISPLACEMENT).,"Reaction raw frictionnelle: activite lisible avec deplacement contraint, delta -0.1 pips, range 0.1 pips, 2 ticks.",Projection directionnelle lisible: delta/range=1.00.,"KEEP nuance: scene utile, raw nuance la lecture sans la durcir en confirmation.",NUANCED_BY_RAW,NUANCED_BY_RAW,NUANCED_BY_RAW,0.680,SOURCE_QUALITY_USABLE,SOURCE_QUALITY_USABLE,0.770,B6_KEEP_CANDIDATE,RAW_FRICTION_CONFIRMED,-0.1,0.1,2,FRICTION_ABSORPTION_MEMORY,FRICTION_ABSORPTION_MEMORY|FORCE_SNAPSHOT_DERIVED|M1_BAR_PROXY|NUANCED_BY_RAW|RAW_FRICTION_CONFIRMED|SOURCE_QUALITY_USABLE,KEEP memoire: FRICTION_ABSORPTION_MEMORY; KEEP nuance: raw nuance la scene mais qualite/texture suffisantes pour comparaison B6; provenance FORCE_SNAPSHOT_DERIVED; score memoire 0.770.,"Comparer les scenes d'effort visible sans resultat directionnel propre, absorption ou friction locale.",family=FRICTION_ABSORPTION_MEMORY; session=LATE_US_ASIA_HANDOVER; raw_texture=RAW_FRICTION_CONFIRMED; raw_agreement=NUANCED_BY_RAW; source_quality=SOURCE_QUALITY_USABLE; source_family=FORCE_SNAPSHOT_DERIVED; source_mode=M1_BAR_PROXY,FORCE_SNAPSHOT_DERIVED: reconstruction force_snapshots_v2; not recovered existing summary; proxy/reconstructed reading; not full footprint claim; NUANCED_BY_RAW: useful but not hard-confirmed raw; source_quality_raw=PARTIAL_PROXY_COVERAGE; confidence_cap=0.35; read-only; no DB write; no dashboard; no Telegram; no BUY/SELL; T0113 film card is comparative memory only; no prediction; no BUY/SELL; no probability of success
B6FC_20260512_0001_2C784740,2026-05-12,2026-05-12T00:01:00+00:00,2026-05-12T00:29:00+00:00,ASIAN_SESSION,FORCE_SNAPSHOT_DERIVED,FORCE_SNAPSHOT_DERIVED,M1_BAR_PROXY,RECONSTRUCTED_FORCE_SNAPSHOT_DERIVED,0.35,FLOW_DIRECTIONAL_DISPLACEMENT,Déplacement directionnel proxy,Base scene: Déplacement directionnel proxy (FLOW_DIRECTIONAL_DISPLACEMENT).,"Reaction raw rotationnelle: respiration/rotation de zone, delta -1.4 pips, range 5.8 pips, 997 ticks.","Projection faible: effort/rotation absorbe le deplacement, delta/range=0.24.","KEEP nuance: scene utile, raw nuance la lecture sans la durcir en confirmation.",NUANCED_BY_RAW,NUANCED_BY_RAW,NUANCED_BY_RAW,0.750,SOURCE_QUALITY_USABLE,SOURCE_QUALITY_USABLE,0.870,B6_KEEP_CANDIDATE,RAW_ROTATION_CONFIRMED,-1.4,5.8,997,DIRECTIONAL_PROGRESS_MEMORY,DIRECTIONAL_PROGRESS_MEMORY|FORCE_SNAPSHOT_DERIVED|M1_BAR_PROXY|NUANCED_BY_RAW|RAW_ROTATION_CONFIRMED|SOURCE_QUALITY_USABLE,KEEP memoire: DIRECTIONAL_PROGRESS_MEMORY; KEEP nuance: raw nuance la scene mais qualite/texture suffisantes pour comparaison B6; provenance FORCE_SNAPSHOT_DERIVED; score memoire 0.870.,Comparer les scenes de progression / deplacement directionnel avec role raw explicite.,family=DIRECTIONAL_PROGRESS_MEMORY; session=ASIAN_SESSION; raw_texture=RAW_ROTATION_CONFIRMED; raw_agreement=NUANCED_BY_RAW; source_quality=SOURCE_QUALITY_USABLE; source_family=FORCE_SNAPSHOT_DERIVED; source_mode=M1_BAR_PROXY,FORCE_SNAPSHOT_DERIVED: reconstruction force_snapshots_v2; not recovered existing summary; proxy/reconstructed reading; not full footprint claim; NUANCED_BY_RAW: useful but not hard-confirmed raw; source_quality_raw=PARTIAL_PROXY_COVERAGE; confidence_cap=0.35; read-only; no DB write; no dashboard; no Telegram; no BUY/SELL; T0113 film card is comparative memory only; no prediction; no BUY/SELL; no probability of success
B6FC_20260512_0031_7D79B831,2026-05-12,2026-05-12T00:31:00+00:00,2026-05-12T00:34:00+00:00,ASIAN_SESSION,FORCE_SNAPSHOT_DERIVED,FORCE_SNAPSHOT_DERIVED,M1_BAR_PROXY,RECONSTRUCTED_FORCE_SNAPSHOT_DERIVED,0.35,FLOW_WEAK_DIRECTIONAL,Flux faible / transition proxy,Base scene: Flux faible / transition proxy (FLOW_WEAK_DIRECTIONAL).,"Reaction raw frictionnelle: activite lisible avec deplacement contraint, delta 0.1 pips, range 1.2 pips, 92 ticks.","Projection faible: effort/rotation absorbe le deplacement, delta/range=0.08.","KEEP nuance: scene utile, raw nuance la lecture sans la durcir en confirmation.",NUANCED_BY_RAW,NUANCED_BY_RAW,NUANCED_BY_RAW,0.680,SOURCE_QUALITY_USABLE,SOURCE_QUALITY_USABLE,0.770,B6_KEEP_CANDIDATE,RAW_FRICTION_CONFIRMED,0.1,1.2,92,FRICTION_ABSORPTION_MEMORY,FRICTION_ABSORPTION_MEMORY|FORCE_SNAPSHOT_DERIVED|M1_BAR_PROXY|NUANCED_BY_RAW|RAW_FRICTION_CONFIRMED|SOURCE_QUALITY_USABLE,KEEP memoire: FRICTION_ABSORPTION_MEMORY; KEEP nuance: raw nuance la scene mais qualite/texture suffisantes pour comparaison B6; provenance FORCE_SNAPSHOT_DERIVED; score memoire 0.770.,"Comparer les scenes d'effort visible sans resultat directionnel propre, absorption ou friction locale.",family=FRICTION_ABSORPTION_MEMORY; session=ASIAN_SESSION; raw_texture=RAW_FRICTION_CONFIRMED; raw_agreement=NUANCED_BY_RAW; source_quality=SOURCE_QUALITY_USABLE; source_family=FORCE_SNAPSHOT_DERIVED; source_mode=M1_BAR_PROXY,FORCE_SNAPSHOT_DERIVED: reconstruction force_snapshots_v2; not recovered existing summary; proxy/reconstructed reading; not full footprint claim; NUANCED_BY_RAW: useful but not hard-confirmed raw; source_quality_raw=PARTIAL_PROXY_COVERAGE; confidence_cap=0.35; read-only; no DB write; no dashboard; no Telegram; no BUY/SELL; T0113 film card is comparative memory only; no prediction; no BUY/SELL; no probability of success
B6FC_20260512_0037_61C60562,2026-05-12,2026-05-12T00:37:00+00:00,2026-05-12T01:37:00+00:00,ASIAN_SESSION,FORCE_SNAPSHOT_DERIVED,FORCE_SNAPSHOT_DERIVED,M1_BAR_PROXY,RECONSTRUCTED_FORCE_SNAPSHOT_DERIVED,0.35,FLOW_FRICTION_ABSORPTION_LIKE,Friction / absorption-like proxy,Base scene: Friction / absorption-like proxy (FLOW_FRICTION_ABSORPTION_LIKE).,"Reaction raw rotationnelle: respiration/rotation de zone, delta -14.9 pips, range 16.5 pips, 2995 ticks.",Projection directionnelle lisible: delta/range=0.90.,"KEEP nuance: scene utile, raw nuance la lecture sans la durcir en confirmation.",NUANCED_BY_RAW,NUANCED_BY_RAW,NUANCED_BY_RAW,0.760,SOURCE_QUALITY_USABLE,SOURCE_QUALITY_USABLE,0.880,B6_KEEP_CANDIDATE,RAW_ROTATION_CONFIRMED,-14.9,16.5,2995,FRICTION_ABSORPTION_MEMORY,FRICTION_ABSORPTION_MEMORY|FORCE_SNAPSHOT_DERIVED|M1_BAR_PROXY|NUANCED_BY_RAW|RAW_ROTATION_CONFIRMED|SOURCE_QUALITY_USABLE,KEEP memoire: FRICTION_ABSORPTION_MEMORY; KEEP nuance: raw nuance la scene mais qualite/texture suffisantes pour comparaison B6; provenance FORCE_SNAPSHOT_DERIVED; score memoire 0.880.,"Comparer les scenes d'effort visible sans resultat directionnel propre, absorption ou friction locale.",family=FRICTION_ABSORPTION_MEMORY; session=ASIAN_SESSION; raw_texture=RAW_ROTATION_CONFIRMED; raw_agreement=NUANCED_BY_RAW; source_quality=SOURCE_QUALITY_USABLE; source_family=FORCE_SNAPSHOT_DERIVED; source_mode=M1_BAR_PROXY,FORCE_SNAPSHOT_DERIVED: reconstruction force_snapshots_v2; not recovered existing summary; proxy/reconstructed reading; not full footprint claim; NUANCED_BY_RAW: useful but not hard-confirmed raw; source_quality_raw=PARTIAL_PROXY_COVERAGE; confidence_cap=0.35; read-only; no DB write; no dashboard; no Telegram; no BUY/SELL; T0113 film card is comparative memory only; no prediction; no BUY/SELL; no probability of success
B6FC_20260512_0137_7E3BFD09,2026-05-12,2026-05-12T01:37:00+00:00,2026-05-12T02:37:00+00:00,ASIAN_SESSION,FORCE_SNAPSHOT_DERIVED,FORCE_SNAPSHOT_DERIVED,M1_BAR_PROXY,RECONSTRUCTED_FORCE_SNAPSHOT_DERIVED,0.35,FLOW_WEAK_DIRECTIONAL,Flux faible / transition proxy,Base scene: Flux faible / transition proxy (FLOW_WEAK_DIRECTIONAL).,"Reaction raw rotationnelle: respiration/rotation de zone, delta 0.4 pips, range 11.1 pips, 2898 ticks.","Projection faible: effort/rotation absorbe le deplacement, delta/range=0.04.","KEEP nuance: scene utile, raw nuance la lecture sans la durcir en confirmation.",NUANCED_BY_RAW,NUANCED_BY_RAW,NUANCED_BY_RAW,0.760,SOURCE_QUALITY_USABLE,SOURCE_QUALITY_USABLE,0.880,B6_KEEP_CANDIDATE,RAW_ROTATION_CONFIRMED,0.4,11.1,2898,DIRECTIONAL_PROGRESS_MEMORY,DIRECTIONAL_PROGRESS_MEMORY|FORCE_SNAPSHOT_DERIVED|M1_BAR_PROXY|NUANCED_BY_RAW|RAW_ROTATION_CONFIRMED|SOURCE_QUALITY_USABLE,KEEP memoire: DIRECTIONAL_PROGRESS_MEMORY; KEEP nuance: raw nuance la scene mais qualite/texture suffisantes pour comparaison B6; provenance FORCE_SNAPSHOT_DERIVED; score memoire 0.880.,Comparer les scenes de progression / deplacement directionnel avec role raw explicite.,family=DIRECTIONAL_PROGRESS_MEMORY; session=ASIAN_SESSION; raw_texture=RAW_ROTATION_CONFIRMED; raw_agreement=NUANCED_BY_RAW; source_quality=SOURCE_QUALITY_USABLE; source_family=FORCE_SNAPSHOT_DERIVED; source_mode=M1_BAR_PROXY,FORCE_SNAPSHOT_DERIVED: reconstruction force_snapshots_v2; not recovered existing summary; proxy/reconstructed reading; not full footprint claim; NUANCED_BY_RAW: useful but not hard-confirmed raw; source_quality_raw=PARTIAL_PROXY_COVERAGE; confidence_cap=0.35; read-only; no DB write; no dashboard; no Telegram; no BUY/SELL; T0113 film card is comparative memory only; no prediction; no BUY/SELL; no probability of success
B6FC_20260512_0237_07EA2F23,2026-05-12,2026-05-12T02:37:00+00:00,2026-05-12T03:37:00+00:00,ASIAN_SESSION,FORCE_SNAPSHOT_DERIVED,FORCE_SNAPSHOT_DERIVED,M1_BAR_PROXY,RECONSTRUCTED_FORCE_SNAPSHOT_DERIVED,0.35,FLOW_DIRECTIONAL_DISPLACEMENT,Déplacement directionnel proxy,Base scene: Déplacement directionnel proxy (FLOW_DIRECTIONAL_DISPLACEMENT).,"Reaction raw rotationnelle: respiration/rotation de zone, delta -1.2 pips, range 9.7 pips, 1776 ticks.","Projection faible: effort/rotation absorbe le deplacement, delta/range=0.12.","KEEP nuance: scene utile, raw nuance la lecture sans la durcir en confirmation.",NUANCED_BY_RAW,NUANCED_BY_RAW,NUANCED_BY_RAW,0.760,SOURCE_QUALITY_USABLE,SOURCE_QUALITY_USABLE,0.880,B6_KEEP_CANDIDATE,RAW_ROTATION_CONFIRMED,-1.2,9.7,1776,DIRECTIONAL_PROGRESS_MEMORY,DIRECTIONAL_PROGRESS_MEMORY|FORCE_SNAPSHOT_DERIVED|M1_BAR_PROXY|NUANCED_BY_RAW|RAW_ROTATION_CONFIRMED|SOURCE_QUALITY_USABLE,KEEP memoire: DIRECTIONAL_PROGRESS_MEMORY; KEEP nuance: raw nuance la scene mais qualite/texture suffisantes pour comparaison B6; provenance FORCE_SNAPSHOT_DERIVED; score memoire 0.880.,Comparer les scenes de progression / deplacement directionnel avec role raw explicite.,family=DIRECTIONAL_PROGRESS_MEMORY; session=ASIAN_SESSION; raw_texture=RAW_ROTATION_CONFIRMED; raw_agreement=NUANCED_BY_RAW; source_quality=SOURCE_QUALITY_USABLE; source_family=FORCE_SNAPSHOT_DERIVED; source_mode=M1_BAR_PROXY,FORCE_SNAPSHOT_DERIVED: reconstruction force_snapshots_v2; not recovered existing summary; proxy/reconstructed reading; not full footprint claim; NUANCED_BY_RAW: useful but not hard-confirmed raw; source_quality_raw=PARTIAL_PROXY_COVERAGE; confidence_cap=0.35; read-only; no DB write; no dashboard; no Telegram; no BUY/SELL; T0113 film card is comparative memory only; no prediction; no BUY/SELL; no probability of success
B6FC_20260512_0337_FCB66BAD,2026-05-12,2026-05-12T03:37:00+00:00,2026-05-12T04:37:00+00:00,ASIAN_SESSION,FORCE_SNAPSHOT_DERIVED,FORCE_SNAPSHOT_DERIVED,M1_BAR_PROXY,RECONSTRUCTED_FORCE_SNAPSHOT_DERIVED,0.35,FLOW_DIRECTIONAL_DISPLACEMENT,Déplacement directionnel proxy,Base scene: Déplacement directionnel proxy (FLOW_DIRECTIONAL_DISPLACEMENT).,"Reaction raw rotationnelle: respiration/rotation de zone, delta 0.6 pips, range 6.3 pips, 1634 ticks.","Projection faible: effort/rotation absorbe le deplacement, delta/range=0.10.","KEEP nuance: scene utile, raw nuance la lecture sans la durcir en confirmation.",NUANCED_BY_RAW,NUANCED_BY_RAW,NUANCED_BY_RAW,0.760,SOURCE_QUALITY_USABLE,SOURCE_QUALITY_USABLE,0.880,B6_KEEP_CANDIDATE,RAW_ROTATION_CONFIRMED,0.6,6.3,1634,DIRECTIONAL_PROGRESS_MEMORY,DIRECTIONAL_PROGRESS_MEMORY|FORCE_SNAPSHOT_DERIVED|M1_BAR_PROXY|NUANCED_BY_RAW|RAW_ROTATION_CONFIRMED|SOURCE_QUALITY_USABLE,KEEP memoire: DIRECTIONAL_PROGRESS_MEMORY; KEEP nuance: raw nuance la scene mais qualite/texture suffisantes pour comparaison B6; provenance FORCE_SNAPSHOT_DERIVED; score memoire 0.880.,Comparer les scenes de progression / deplacement directionnel avec role raw explicite.,family=DIRECTIONAL_PROGRESS_MEMORY; session=ASIAN_SESSION; raw_texture=RAW_ROTATION_CONFIRMED; raw_agreement=NUANCED_BY_RAW; source_quality=SOURCE_QUALITY_USABLE; source_family=FORCE_SNAPSHOT_DERIVED; source_mode=M1_BAR_PROXY,FORCE_SNAPSHOT_DERIVED: reconstruction force_snapshots_v2; not recovered existing summary; proxy/reconstructed reading; not full footprint claim; NUANCED_BY_RAW: useful but not hard-confirmed raw; source_quality_raw=PARTIAL_PROXY_COVERAGE; confidence_cap=0.35; read-only; no DB write; no dashboard; no Telegram; no BUY/SELL; T0113 film card is comparative memory only; no prediction; no BUY/SELL; no probability of success
B6FC_20260512_0437_B9AC9407,2026-05-12,2026-05-12T04:37:00+00:00,2026-05-12T05:37:00+00:00,ASIAN_SESSION,FORCE_SNAPSHOT_DERIVED,FORCE_SNAPSHOT_DERIVED,M1_BAR_PROXY,RECONSTRUCTED_FORCE_SNAPSHOT_DERIVED,0.35,FLOW_WEAK_DIRECTIONAL,Flux faible / transition proxy,Base scene: Flux faible / transition proxy (FLOW_WEAK_DIRECTIONAL).,"Reaction raw rotationnelle: respiration/rotation de zone, delta -12.3 pips, range 14.3 pips, 2022 ticks.",Projection directionnelle lisible: delta/range=0.86.,"KEEP nuance: scene utile, raw nuance la lecture sans la durcir en confirmation.",NUANCED_BY_RAW,NUANCED_BY_RAW,NUANCED_BY_RAW,0.760,SOURCE_QUALITY_USABLE,SOURCE_QUALITY_USABLE,0.880,B6_KEEP_CANDIDATE,RAW_ROTATION_CONFIRMED,-12.3,14.3,2022,DIRECTIONAL_PROGRESS_MEMORY,DIRECTIONAL_PROGRESS_MEMORY|FORCE_SNAPSHOT_DERIVED|M1_BAR_PROXY|NUANCED_BY_RAW|RAW_ROTATION_CONFIRMED|SOURCE_QUALITY_USABLE,KEEP memoire: DIRECTIONAL_PROGRESS_MEMORY; KEEP nuance: raw nuance la scene mais qualite/texture suffisantes pour comparaison B6; provenance FORCE_SNAPSHOT_DERIVED; score memoire 0.880.,Comparer les scenes de progression / deplacement directionnel avec role raw explicite.,family=DIRECTIONAL_PROGRESS_MEMORY; session=ASIAN_SESSION; raw_texture=RAW_ROTATION_CONFIRMED; raw_agreement=NUANCED_BY_RAW; source_quality=SOURCE_QUALITY_USABLE; source_family=FORCE_SNAPSHOT_DERIVED; source_mode=M1_BAR_PROXY,FORCE_SNAPSHOT_DERIVED: reconstruction force_snapshots_v2; not recovered existing summary; proxy/reconstructed reading; not full footprint claim; NUANCED_BY_RAW: useful but not hard-confirmed raw; source_quality_raw=PARTIAL_PROXY_COVERAGE; confidence_cap=0.35; read-only; no DB write; no dashboard; no Telegram; no BUY/SELL; T0113 film card is comparative memory only; no prediction; no BUY/SELL; no probability of success
B6FC_20260512_0537_E95E390A,2026-05-12,2026-05-12T05:37:00+00:00,2026-05-12T06:37:00+00:00,ASIAN_SESSION,FORCE_SNAPSHOT_DERIVED,FORCE_SNAPSHOT_DERIVED,M1_BAR_PROXY,RECONSTRUCTED_FORCE_SNAPSHOT_DERIVED,0.35,FLOW_WEAK_DIRECTIONAL,Flux faible / transition proxy,Base scene: Flux faible / transition proxy (FLOW_WEAK_DIRECTIONAL).,"Reaction raw progressive: delta -13.9 pips, range 22.8 pips, 4118 ticks.","Projection partielle: mouvement utile mais encore nuance par la texture, delta/range=0.61.","Judgment technique: B6_KEEP_CANDIDATE, CONFIRMED_BY_RAW, SOURCE_QUALITY_USABLE.",CONFIRMED_BY_RAW,CONFIRMED_BY_RAW,CONFIRMED_BY_RAW,0.760,SOURCE_QUALITY_USABLE,SOURCE_QUALITY_USABLE,0.880,B6_KEEP_CANDIDATE,RAW_PROGRESS_CONFIRMED,-13.9,22.8,4118,DIRECTIONAL_PROGRESS_MEMORY,DIRECTIONAL_PROGRESS_MEMORY|FORCE_SNAPSHOT_DERIVED|M1_BAR_PROXY|CONFIRMED_BY_RAW|RAW_PROGRESS_CONFIRMED|SOURCE_QUALITY_USABLE,"KEEP memoire: DIRECTIONAL_PROGRESS_MEMORY; KEEP prioritaire: scene confirmee raw, texture RAW_PROGRESS_CONFIRMED, provenance FORCE_SNAPSHOT_DERIVED, score memoire 0.880.",Comparer les scenes de progression / deplacement directionnel avec role raw explicite.,family=DIRECTIONAL_PROGRESS_MEMORY; session=ASIAN_SESSION; raw_texture=RAW_PROGRESS_CONFIRMED; raw_agreement=CONFIRMED_BY_RAW; source_quality=SOURCE_QUALITY_USABLE; source_family=FORCE_SNAPSHOT_DERIVED; source_mode=M1_BAR_PROXY,FORCE_SNAPSHOT_DERIVED: reconstruction force_snapshots_v2; not recovered existing summary; proxy/reconstructed reading; not full footprint claim; CONFIRMED_BY_RAW: raw supports proxy reading; source_quality_raw=PARTIAL_PROXY_COVERAGE; confidence_cap=0.35; read-only; no DB write; no dashboard; no Telegram; no BUY/SELL; T0113 film card is comparative memory only; no prediction; no BUY/SELL; no probability of success
B6FC_20260512_0637_161DE090,2026-05-12,2026-05-12T06:37:00+00:00,2026-05-12T07:37:00+00:00,ASIAN_SESSION,FORCE_SNAPSHOT_DERIVED,FORCE_SNAPSHOT_DERIVED,M1_BAR_PROXY,RECONSTRUCTED_FORCE_SNAPSHOT_DERIVED,0.35,FLOW_ROTATIONAL,Rotation / respiration de zone,Base scene: Rotation / respiration de zone (FLOW_ROTATIONAL).,"Reaction raw rotationnelle: respiration/rotation de zone, delta -27.5 pips, range 28.6 pips, 4159 ticks.",Projection directionnelle lisible: delta/range=0.96.,"KEEP nuance: scene utile, raw nuance la lecture sans la durcir en confirmation.",NUANCED_BY_RAW,NUANCED_BY_RAW,NUANCED_BY_RAW,0.760,SOURCE_QUALITY_USABLE,SOURCE_QUALITY_USABLE,0.880,B6_KEEP_CANDIDATE,RAW_ROTATION_CONFIRMED,-27.5,28.6,4159,ROTATION_BREATH_MEMORY,ROTATION_BREATH_MEMORY|FORCE_SNAPSHOT_DERIVED|M1_BAR_PROXY|NUANCED_BY_RAW|RAW_ROTATION_CONFIRMED|SOURCE_QUALITY_USABLE,KEEP memoire: ROTATION_BREATH_MEMORY; KEEP nuance: raw nuance la scene mais qualite/texture suffisantes pour comparaison B6; provenance FORCE_SNAPSHOT_DERIVED; score memoire 0.880.,"Comparer les respirations de zone, rotations et transitions sans durcir en prediction.",family=ROTATION_BREATH_MEMORY; session=ASIAN_SESSION; raw_texture=RAW_ROTATION_CONFIRMED; raw_agreement=NUANCED_BY_RAW; source_quality=SOURCE_QUALITY_USABLE; source_family=FORCE_SNAPSHOT_DERIVED; source_mode=M1_BAR_PROXY,FORCE_SNAPSHOT_DERIVED: reconstruction force_snapshots_v2; not recovered existing summary; proxy/reconstructed reading; not full footprint claim; NUANCED_BY_RAW: useful but not hard-confirmed raw; source_quality_raw=PARTIAL_PROXY_COVERAGE; confidence_cap=0.35; read-only; no DB write; no dashboard; no Telegram; no BUY/SELL; T0113 film card is comparative memory only; no prediction; no BUY/SELL; no probability of success
B6FC_20260512_0737_A36BB4BC,2026-05-12,2026-05-12T07:37:00+00:00,2026-05-12T08:37:00+00:00,ASIA_LONDON_HANDOVER,FORCE_SNAPSHOT_DERIVED,FORCE_SNAPSHOT_DERIVED,M1_BAR_PROXY,RECONSTRUCTED_FORCE_SNAPSHOT_DERIVED,0.35,FLOW_DIRECTIONAL_DISPLACEMENT,Déplacement directionnel proxy,Base scene: Déplacement directionnel proxy (FLOW_DIRECTIONAL_DISPLACEMENT).,"Reaction raw progressive: delta -23.1 pips, range 33.6 pips, 4727 ticks.",Projection directionnelle lisible: delta/range=0.69.,"Judgment technique: B6_KEEP_CANDIDATE, CONFIRMED_BY_RAW, SOURCE_QUALITY_USABLE.",CONFIRMED_BY_RAW,CONFIRMED_BY_RAW,CONFIRMED_BY_RAW,0.760,SOURCE_QUALITY_USABLE,SOURCE_QUALITY_USABLE,0.880,B6_KEEP_CANDIDATE,RAW_PROGRESS_CONFIRMED,-23.1,33.6,4727,DIRECTIONAL_PROGRESS_MEMORY,DIRECTIONAL_PROGRESS_MEMORY|FORCE_SNAPSHOT_DERIVED|M1_BAR_PROXY|CONFIRMED_BY_RAW|RAW_PROGRESS_CONFIRMED|SOURCE_QUALITY_USABLE,"KEEP memoire: DIRECTIONAL_PROGRESS_MEMORY; KEEP prioritaire: scene confirmee raw, texture RAW_PROGRESS_CONFIRMED, provenance FORCE_SNAPSHOT_DERIVED, score memoire 0.880.",Comparer les scenes de progression / deplacement directionnel avec role raw explicite.,family=DIRECTIONAL_PROGRESS_MEMORY; session=ASIA_LONDON_HANDOVER; raw_texture=RAW_PROGRESS_CONFIRMED; raw_agreement=CONFIRMED_BY_RAW; source_quality=SOURCE_QUALITY_USABLE; source_family=FORCE_SNAPSHOT_DERIVED; source_mode=M1_BAR_PROXY,FORCE_SNAPSHOT_DERIVED: reconstruction force_snapshots_v2; not recovered existing summary; proxy/reconstructed reading; not full footprint claim; CONFIRMED_BY_RAW: raw supports proxy reading; source_quality_raw=PARTIAL_PROXY_COVERAGE; confidence_cap=0.35; read-only; no DB write; no dashboard; no Telegram; no BUY/SELL; T0113 film card is comparative memory only; no prediction; no BUY/SELL; no probability of success
B6FC_20260512_0837_3ED2E151,2026-05-12,2026-05-12T08:37:00+00:00,2026-05-12T09:37:00+00:00,LONDON_IGNITION,FORCE_SNAPSHOT_DERIVED,FORCE_SNAPSHOT_DERIVED,M1_BAR_PROXY,RECONSTRUCTED_FORCE_SNAPSHOT_DERIVED,0.35,FLOW_WEAK_DIRECTIONAL,Flux faible / transition proxy,Base scene: Flux faible / transition proxy (FLOW_WEAK_DIRECTIONAL).,"Reaction raw rotationnelle: respiration/rotation de zone, delta 23 pips, range 34.1 pips, 4783 ticks.",Projection directionnelle lisible: delta/range=0.67.,"KEEP nuance: scene utile, raw nuance la lecture sans la durcir en confirmation.",NUANCED_BY_RAW,NUANCED_BY_RAW,NUANCED_BY_RAW,0.760,SOURCE_QUALITY_USABLE,SOURCE_QUALITY_USABLE,0.880,B6_KEEP_CANDIDATE,RAW_ROTATION_CONFIRMED,23.0,34.1,4783,DIRECTIONAL_PROGRESS_MEMORY,DIRECTIONAL_PROGRESS_MEMORY|FORCE_SNAPSHOT_DERIVED|M1_BAR_PROXY|NUANCED_BY_RAW|RAW_ROTATION_CONFIRMED|SOURCE_QUALITY_USABLE,KEEP memoire: DIRECTIONAL_PROGRESS_MEMORY; KEEP nuance: raw nuance la scene mais qualite/texture suffisantes pour comparaison B6; provenance FORCE_SNAPSHOT_DERIVED; score memoire 0.880.,Comparer les scenes de progression / deplacement directionnel avec role raw explicite.,family=DIRECTIONAL_PROGRESS_MEMORY; session=LONDON_IGNITION; raw_texture=RAW_ROTATION_CONFIRMED; raw_agreement=NUANCED_BY_RAW; source_quality=SOURCE_QUALITY_USABLE; source_family=FORCE_SNAPSHOT_DERIVED; source_mode=M1_BAR_PROXY,FORCE_SNAPSHOT_DERIVED: reconstruction force_snapshots_v2; not recovered existing summary; proxy/reconstructed reading; not full footprint claim; NUANCED_BY_RAW: useful but not hard-confirmed raw; source_quality_raw=PARTIAL_PROXY_COVERAGE; confidence_cap=0.35; read-only; no DB write; no dashboard; no Telegram; no BUY/SELL; T0113 film card is comparative memory only; no prediction; no BUY/SELL; no probability of success
B6FC_20260512_0937_CF4A12B4,2026-05-12,2026-05-12T09:37:00+00:00,2026-05-12T10:37:00+00:00,LONDON_IGNITION,FORCE_SNAPSHOT_DERIVED,FORCE_SNAPSHOT_DERIVED,M1_BAR_PROXY,RECONSTRUCTED_FORCE_SNAPSHOT_DERIVED,0.35,FLOW_DIRECTIONAL_DISPLACEMENT,Déplacement directionnel proxy,Base scene: Déplacement directionnel proxy (FLOW_DIRECTIONAL_DISPLACEMENT).,"Reaction raw rotationnelle: respiration/rotation de zone, delta 15.9 pips, range 21.3 pips, 3660 ticks.",Projection directionnelle lisible: delta/range=0.75.,"KEEP nuance: scene utile, raw nuance la lecture sans la durcir en confirmation.",NUANCED_BY_RAW,NUANCED_BY_RAW,NUANCED_BY_RAW,0.760,SOURCE_QUALITY_USABLE,SOURCE_QUALITY_USABLE,0.880,B6_KEEP_CANDIDATE,RAW_ROTATION_CONFIRMED,15.9,21.3,3660,DIRECTIONAL_PROGRESS_MEMORY,DIRECTIONAL_PROGRESS_MEMORY|FORCE_SNAPSHOT_DERIVED|M1_BAR_PROXY|NUANCED_BY_RAW|RAW_ROTATION_CONFIRMED|SOURCE_QUALITY_USABLE,KEEP memoire: DIRECTIONAL_PROGRESS_MEMORY; KEEP nuance: raw nuance la scene mais qualite/texture suffisantes pour comparaison B6; provenance FORCE_SNAPSHOT_DERIVED; score memoire 0.880.,Comparer les scenes de progression / deplacement directionnel avec role raw explicite.,family=DIRECTIONAL_PROGRESS_MEMORY; session=LONDON_IGNITION; raw_texture=RAW_ROTATION_CONFIRMED; raw_agreement=NUANCED_BY_RAW; source_quality=SOURCE_QUALITY_USABLE; source_family=FORCE_SNAPSHOT_DERIVED; source_mode=M1_BAR_PROXY,FORCE_SNAPSHOT_DERIVED: reconstruction force_snapshots_v2; not recovered existing summary; proxy/reconstructed reading; not full footprint claim; NUANCED_BY_RAW: useful but not hard-confirmed raw; source_quality_raw=PARTIAL_PROXY_COVERAGE; confidence_cap=0.35; read-only; no DB write; no dashboard; no Telegram; no BUY/SELL; T0113 film card is comparative memory only; no prediction; no BUY/SELL; no probability of success
B6FC_20260512_1037_3A1AF089,2026-05-12,2026-05-12T10:37:00+00:00,2026-05-12T11:37:00+00:00,LONDON_IGNITION,FORCE_SNAPSHOT_DERIVED,FORCE_SNAPSHOT_DERIVED,M1_BAR_PROXY,RECONSTRUCTED_FORCE_SNAPSHOT_DERIVED,0.35,FLOW_DIRECTIONAL_DISPLACEMENT,Déplacement directionnel proxy,Base scene: Déplacement directionnel proxy (FLOW_DIRECTIONAL_DISPLACEMENT).,"Reaction raw progressive: delta -7.8 pips, range 25.7 pips, 4170 ticks.","Projection partielle: mouvement utile mais encore nuance par la texture, delta/range=0.30.","Judgment technique: B6_KEEP_CANDIDATE, CONFIRMED_BY_RAW, SOURCE_QUALITY_USABLE.",CONFIRMED_BY_RAW,CONFIRMED_BY_RAW,CONFIRMED_BY_RAW,0.760,SOURCE_QUALITY_USABLE,SOURCE_QUALITY_USABLE,0.880,B6_KEEP_CANDIDATE,RAW_PROGRESS_CONFIRMED,-7.8,25.7,4170,DIRECTIONAL_PROGRESS_MEMORY,DIRECTIONAL_PROGRESS_MEMORY|FORCE_SNAPSHOT_DERIVED|M1_BAR_PROXY|CONFIRMED_BY_RAW|RAW_PROGRESS_CONFIRMED|SOURCE_QUALITY_USABLE,"KEEP memoire: DIRECTIONAL_PROGRESS_MEMORY; KEEP prioritaire: scene confirmee raw, texture RAW_PROGRESS_CONFIRMED, provenance FORCE_SNAPSHOT_DERIVED, score memoire 0.880.",Comparer les scenes de progression / deplacement directionnel avec role raw explicite.,family=DIRECTIONAL_PROGRESS_MEMORY; session=LONDON_IGNITION; raw_texture=RAW_PROGRESS_CONFIRMED; raw_agreement=CONFIRMED_BY_RAW; source_quality=SOURCE_QUALITY_USABLE; source_family=FORCE_SNAPSHOT_DERIVED; source_mode=M1_BAR_PROXY,FORCE_SNAPSHOT_DERIVED: reconstruction force_snapshots_v2; not recovered existing summary; proxy/reconstructed reading; not full footprint claim; CONFIRMED_BY_RAW: raw supports proxy reading; source_quality_raw=PARTIAL_PROXY_COVERAGE; confidence_cap=0.35; read-only; no DB write; no dashboard; no Telegram; no BUY/SELL; T0113 film card is comparative memory only; no prediction; no BUY/SELL; no probability of success
B6FC_20260512_1137_92DF47A7,2026-05-12,2026-05-12T11:37:00+00:00,2026-05-12T12:37:00+00:00,LONDON_MIDDAY_TRANSITION,FORCE_SNAPSHOT_DERIVED,FORCE_SNAPSHOT_DERIVED,M1_BAR_PROXY,RECONSTRUCTED_FORCE_SNAPSHOT_DERIVED,0.35,FLOW_DIRECTIONAL_DISPLACEMENT,Déplacement directionnel proxy,Base scene: Déplacement directionnel proxy (FLOW_DIRECTIONAL_DISPLACEMENT).,"Reaction raw rotationnelle: respiration/rotation de zone, delta -12.8 pips, range 31.8 pips, 5207 ticks.","Projection partielle: mouvement utile mais encore nuance par la texture, delta/range=0.40.","KEEP nuance: scene utile, raw nuance la lecture sans la durcir en confirmation.",NUANCED_BY_RAW,NUANCED_BY_RAW,NUANCED_BY_RAW,0.760,SOURCE_QUALITY_USABLE,SOURCE_QUALITY_USABLE,0.880,B6_KEEP_CANDIDATE,RAW_ROTATION_CONFIRMED,-12.8,31.8,5207,DIRECTIONAL_PROGRESS_MEMORY,DIRECTIONAL_PROGRESS_MEMORY|FORCE_SNAPSHOT_DERIVED|M1_BAR_PROXY|NUANCED_BY_RAW|RAW_ROTATION_CONFIRMED|SOURCE_QUALITY_USABLE,KEEP memoire: DIRECTIONAL_PROGRESS_MEMORY; KEEP nuance: raw nuance la scene mais qualite/texture suffisantes pour comparaison B6; provenance FORCE_SNAPSHOT_DERIVED; score memoire 0.880.,Comparer les scenes de progression / deplacement directionnel avec role raw explicite.,family=DIRECTIONAL_PROGRESS_MEMORY; session=LONDON_MIDDAY_TRANSITION; raw_texture=RAW_ROTATION_CONFIRMED; raw_agreement=NUANCED_BY_RAW; source_quality=SOURCE_QUALITY_USABLE; source_family=FORCE_SNAPSHOT_DERIVED; source_mode=M1_BAR_PROXY,FORCE_SNAPSHOT_DERIVED: reconstruction force_snapshots_v2; not recovered existing summary; proxy/reconstructed reading; not full footprint claim; NUANCED_BY_RAW: useful but not hard-confirmed raw; source_quality_raw=PARTIAL_PROXY_COVERAGE; confidence_cap=0.35; read-only; no DB write; no dashboard; no Telegram; no BUY/SELL; T0113 film card is comparative memory only; no prediction; no BUY/SELL; no probability of success
B6FC_20260512_1237_7C2C3E93,2026-05-12,2026-05-12T12:37:00+00:00,2026-05-12T13:25:00+00:00,LONDON_MIDDAY_TRANSITION,FORCE_SNAPSHOT_DERIVED,FORCE_SNAPSHOT_DERIVED,M1_BAR_PROXY,RECONSTRUCTED_FORCE_SNAPSHOT_DERIVED,0.35,FLOW_DIRECTIONAL_DISPLACEMENT,Déplacement directionnel proxy,Base scene: Déplacement directionnel proxy (FLOW_DIRECTIONAL_DISPLACEMENT).,"Reaction raw rotationnelle: respiration/rotation de zone, delta -4 pips, range 25.5 pips, 4826 ticks.","Projection faible: effort/rotation absorbe le deplacement, delta/range=0.16.","KEEP nuance: scene utile, raw nuance la lecture sans la durcir en confirmation.",NUANCED_BY_RAW,NUANCED_BY_RAW,NUANCED_BY_RAW,0.760,SOURCE_QUALITY_USABLE,SOURCE_QUALITY_USABLE,0.880,B6_KEEP_CANDIDATE,RAW_ROTATION_CONFIRMED,-4.0,25.5,4826,DIRECTIONAL_PROGRESS_MEMORY,DIRECTIONAL_PROGRESS_MEMORY|FORCE_SNAPSHOT_DERIVED|M1_BAR_PROXY|NUANCED_BY_RAW|RAW_ROTATION_CONFIRMED|SOURCE_QUALITY_USABLE,KEEP memoire: DIRECTIONAL_PROGRESS_MEMORY; KEEP nuance: raw nuance la scene mais qualite/texture suffisantes pour comparaison B6; provenance FORCE_SNAPSHOT_DERIVED; score memoire 0.880.,Comparer les scenes de progression / deplacement directionnel avec role raw explicite.,family=DIRECTIONAL_PROGRESS_MEMORY; session=LONDON_MIDDAY_TRANSITION; raw_texture=RAW_ROTATION_CONFIRMED; raw_agreement=NUANCED_BY_RAW; source_quality=SOURCE_QUALITY_USABLE; source_family=FORCE_SNAPSHOT_DERIVED; source_mode=M1_BAR_PROXY,FORCE_SNAPSHOT_DERIVED: reconstruction force_snapshots_v2; not recovered existing summary; proxy/reconstructed reading; not full footprint claim; NUANCED_BY_RAW: useful but not hard-confirmed raw; source_quality_raw=PARTIAL_PROXY_COVERAGE; confidence_cap=0.35; read-only; no DB write; no dashboard; no Telegram; no BUY/SELL; T0113 film card is comparative memory only; no prediction; no BUY/SELL; no probability of success
B6FC_20260512_1327_62485E5E,2026-05-12,2026-05-12T13:27:00+00:00,2026-05-12T13:52:00+00:00,LONDON_NY_OVERLAP,FORCE_SNAPSHOT_DERIVED,FORCE_SNAPSHOT_DERIVED,M1_BAR_PROXY,RECONSTRUCTED_FORCE_SNAPSHOT_DERIVED,0.35,FLOW_FRICTION_ABSORPTION_LIKE,Friction / absorption-like proxy,Base scene: Friction / absorption-like proxy (FLOW_FRICTION_ABSORPTION_LIKE).,"Reaction raw progressive: delta -10.7 pips, range 21.7 pips, 2909 ticks.","Projection partielle: mouvement utile mais encore nuance par la texture, delta/range=0.49.","Judgment technique: B6_KEEP_CANDIDATE, CONFIRMED_BY_RAW, SOURCE_QUALITY_USABLE.",CONFIRMED_BY_RAW,CONFIRMED_BY_RAW,CONFIRMED_BY_RAW,0.760,SOURCE_QUALITY_USABLE,SOURCE_QUALITY_USABLE,0.880,B6_KEEP_CANDIDATE,RAW_PROGRESS_CONFIRMED,-10.7,21.7,2909,FRICTION_ABSORPTION_MEMORY,FRICTION_ABSORPTION_MEMORY|FORCE_SNAPSHOT_DERIVED|M1_BAR_PROXY|CONFIRMED_BY_RAW|RAW_PROGRESS_CONFIRMED|SOURCE_QUALITY_USABLE,"KEEP memoire: FRICTION_ABSORPTION_MEMORY; KEEP prioritaire: scene confirmee raw, texture RAW_PROGRESS_CONFIRMED, provenance FORCE_SNAPSHOT_DERIVED, score memoire 0.880.","Comparer les scenes d'effort visible sans resultat directionnel propre, absorption ou friction locale.",family=FRICTION_ABSORPTION_MEMORY; session=LONDON_NY_OVERLAP; raw_texture=RAW_PROGRESS_CONFIRMED; raw_agreement=CONFIRMED_BY_RAW; source_quality=SOURCE_QUALITY_USABLE; source_family=FORCE_SNAPSHOT_DERIVED; source_mode=M1_BAR_PROXY,FORCE_SNAPSHOT_DERIVED: reconstruction force_snapshots_v2; not recovered existing summary; proxy/reconstructed reading; not full footprint claim; CONFIRMED_BY_RAW: raw supports proxy reading; source_quality_raw=PARTIAL_PROXY_COVERAGE; confidence_cap=0.35; read-only; no DB write; no dashboard; no Telegram; no BUY/SELL; T0113 film card is comparative memory only; no prediction; no BUY/SELL; no probability of success
B6FC_20260512_1412_C91C9520,2026-05-12,2026-05-12T14:12:00+00:00,2026-05-12T14:58:00+00:00,LONDON_NY_OVERLAP,FORCE_SNAPSHOT_DERIVED,FORCE_SNAPSHOT_DERIVED,M1_BAR_PROXY,RECONSTRUCTED_FORCE_SNAPSHOT_DERIVED,0.35,FLOW_ROTATIONAL,Rotation / respiration de zone,Base scene: Rotation / respiration de zone (FLOW_ROTATIONAL).,"Reaction raw rotationnelle: respiration/rotation de zone, delta -9.7 pips, range 23.5 pips, 5057 ticks.","Projection partielle: mouvement utile mais encore nuance par la texture, delta/range=0.41.","KEEP nuance: scene utile, raw nuance la lecture sans la durcir en confirmation.",NUANCED_BY_RAW,NUANCED_BY_RAW,NUANCED_BY_RAW,0.760,SOURCE_QUALITY_USABLE,SOURCE_QUALITY_USABLE,0.880,B6_KEEP_CANDIDATE,RAW_ROTATION_CONFIRMED,-9.7,23.5,5057,ROTATION_BREATH_MEMORY,ROTATION_BREATH_MEMORY|FORCE_SNAPSHOT_DERIVED|M1_BAR_PROXY|NUANCED_BY_RAW|RAW_ROTATION_CONFIRMED|SOURCE_QUALITY_USABLE,KEEP memoire: ROTATION_BREATH_MEMORY; KEEP nuance: raw nuance la scene mais qualite/texture suffisantes pour comparaison B6; provenance FORCE_SNAPSHOT_DERIVED; score memoire 0.880.,"Comparer les respirations de zone, rotations et transitions sans durcir en prediction.",family=ROTATION_BREATH_MEMORY; session=LONDON_NY_OVERLAP; raw_texture=RAW_ROTATION_CONFIRMED; raw_agreement=NUANCED_BY_RAW; source_quality=SOURCE_QUALITY_USABLE; source_family=FORCE_SNAPSHOT_DERIVED; source_mode=M1_BAR_PROXY,FORCE_SNAPSHOT_DERIVED: reconstruction force_snapshots_v2; not recovered existing summary; proxy/reconstructed reading; not full footprint claim; NUANCED_BY_RAW: useful but not hard-confirmed raw; source_quality_raw=PARTIAL_PROXY_COVERAGE; confidence_cap=0.35; read-only; no DB write; no dashboard; no Telegram; no BUY/SELL; T0113 film card is comparative memory only; no prediction; no BUY/SELL; no probability of success
B6FC_20260513_0000_21A85D85,2026-05-13,2026-05-13T00:00:00+00:00,2026-05-13T01:00:00+00:00,ASIAN_SESSION,FORCE_SNAPSHOT_DERIVED,FORCE_SNAPSHOT_DERIVED,TF5_BAR_PROXY,RECONSTRUCTED_FORCE_SNAPSHOT_DERIVED,0.25,FLOW_DIRECTIONAL_DISPLACEMENT,Déplacement directionnel proxy,Base scene: Déplacement directionnel proxy (FLOW_DIRECTIONAL_DISPLACEMENT).,"Reaction raw rotationnelle: respiration/rotation de zone, delta 1 pips, range 8.6 pips, 2942 ticks.","Projection faible: effort/rotation absorbe le deplacement, delta/range=0.12.",REVIEW: scene lisible mais doit rester en revue avant indexation forte.,NUANCED_BY_RAW,NUANCED_BY_RAW,NUANCED_BY_RAW,0.620,SOURCE_QUALITY_USABLE,SOURCE_QUALITY_USABLE,0.710,B6_REVIEW_CANDIDATE,RAW_ROTATION_CONFIRMED,1.0,8.6,2942,DIRECTIONAL_PROGRESS_MEMORY,DIRECTIONAL_PROGRESS_MEMORY|FORCE_SNAPSHOT_DERIVED|TF5_BAR_PROXY|NUANCED_BY_RAW|RAW_ROTATION_CONFIRMED|SOURCE_QUALITY_USABLE,REVIEW memoire: DIRECTIONAL_PROGRESS_MEMORY; scene comparable mais a relire; REVIEW: scene lisible pour comparaison apres relecture; ne pas durcir NUANCED_BY_RAW en verite raw; provenance FORCE_SNAPSHOT_DERIVED; score memoire 0.710.,Comparer les scenes de progression / deplacement directionnel avec role raw explicite.,family=DIRECTIONAL_PROGRESS_MEMORY; session=ASIAN_SESSION; raw_texture=RAW_ROTATION_CONFIRMED; raw_agreement=NUANCED_BY_RAW; source_quality=SOURCE_QUALITY_USABLE; source_family=FORCE_SNAPSHOT_DERIVED; source_mode=TF5_BAR_PROXY,FORCE_SNAPSHOT_DERIVED: reconstruction force_snapshots_v2; not recovered existing summary; proxy/reconstructed reading; not full footprint claim; NUANCED_BY_RAW: useful but not hard-confirmed raw; source_quality_raw=FULL_DAY_TF5_PROXY; confidence_cap=0.25; read-only; no DB write; no dashboard; no Telegram; no BUY/SELL; T0113 film card is comparative memory only; no prediction; no BUY/SELL; no probability of success
B6FC_20260513_0100_34AEBAC6,2026-05-13,2026-05-13T01:00:00+00:00,2026-05-13T02:00:00+00:00,ASIAN_SESSION,FORCE_SNAPSHOT_DERIVED,FORCE_SNAPSHOT_DERIVED,TF5_BAR_PROXY,RECONSTRUCTED_FORCE_SNAPSHOT_DERIVED,0.25,FLOW_DIRECTIONAL_DISPLACEMENT,Déplacement directionnel proxy,Base scene: Déplacement directionnel proxy (FLOW_DIRECTIONAL_DISPLACEMENT).,"Reaction raw progressive: delta 6.2 pips, range 17 pips, 2958 ticks.","Projection partielle: mouvement utile mais encore nuance par la texture, delta/range=0.36.","Judgment technique: B6_KEEP_CANDIDATE, CONFIRMED_BY_RAW, SOURCE_QUALITY_USABLE.",CONFIRMED_BY_RAW,CONFIRMED_BY_RAW,CONFIRMED_BY_RAW,0.680,SOURCE_QUALITY_USABLE,SOURCE_QUALITY_USABLE,0.770,B6_KEEP_CANDIDATE,RAW_PROGRESS_CONFIRMED,6.2,17.0,2958,DIRECTIONAL_PROGRESS_MEMORY,DIRECTIONAL_PROGRESS_MEMORY|FORCE_SNAPSHOT_DERIVED|TF5_BAR_PROXY|CONFIRMED_BY_RAW|RAW_PROGRESS_CONFIRMED|SOURCE_QUALITY_USABLE,"KEEP memoire: DIRECTIONAL_PROGRESS_MEMORY; KEEP prioritaire: scene confirmee raw, texture RAW_PROGRESS_CONFIRMED, provenance FORCE_SNAPSHOT_DERIVED, score memoire 0.770.",Comparer les scenes de progression / deplacement directionnel avec role raw explicite.,family=DIRECTIONAL_PROGRESS_MEMORY; session=ASIAN_SESSION; raw_texture=RAW_PROGRESS_CONFIRMED; raw_agreement=CONFIRMED_BY_RAW; source_quality=SOURCE_QUALITY_USABLE; source_family=FORCE_SNAPSHOT_DERIVED; source_mode=TF5_BAR_PROXY,FORCE_SNAPSHOT_DERIVED: reconstruction force_snapshots_v2; not recovered existing summary; proxy/reconstructed reading; not full footprint claim; CONFIRMED_BY_RAW: raw supports proxy reading; source_quality_raw=FULL_DAY_TF5_PROXY; confidence_cap=0.25; read-only; no DB write; no dashboard; no Telegram; no BUY/SELL; T0113 film card is comparative memory only; no prediction; no BUY/SELL; no probability of success
B6FC_20260513_0200_5821F72C,2026-05-13,2026-05-13T02:00:00+00:00,2026-05-13T03:00:00+00:00,ASIAN_SESSION,FORCE_SNAPSHOT_DERIVED,FORCE_SNAPSHOT_DERIVED,TF5_BAR_PROXY,RECONSTRUCTED_FORCE_SNAPSHOT_DERIVED,0.25,FLOW_DIRECTIONAL_DISPLACEMENT,Déplacement directionnel proxy,Base scene: Déplacement directionnel proxy (FLOW_DIRECTIONAL_DISPLACEMENT).,"Reaction raw progressive: delta -2.8 pips, range 9.5 pips, 2007 ticks.","Projection partielle: mouvement utile mais encore nuance par la texture, delta/range=0.29.","Judgment technique: B6_KEEP_CANDIDATE, CONFIRMED_BY_RAW, SOURCE_QUALITY_USABLE.",CONFIRMED_BY_RAW,CONFIRMED_BY_RAW,CONFIRMED_BY_RAW,0.680,SOURCE_QUALITY_USABLE,SOURCE_QUALITY_USABLE,0.770,B6_KEEP_CANDIDATE,RAW_PROGRESS_CONFIRMED,-2.8,9.5,2007,DIRECTIONAL_PROGRESS_MEMORY,DIRECTIONAL_PROGRESS_MEMORY|FORCE_SNAPSHOT_DERIVED|TF5_BAR_PROXY|CONFIRMED_BY_RAW|RAW_PROGRESS_CONFIRMED|SOURCE_QUALITY_USABLE,"KEEP memoire: DIRECTIONAL_PROGRESS_MEMORY; KEEP prioritaire: scene confirmee raw, texture RAW_PROGRESS_CONFIRMED, provenance FORCE_SNAPSHOT_DERIVED, score memoire 0.770.",Comparer les scenes de progression / deplacement directionnel avec role raw explicite.,family=DIRECTIONAL_PROGRESS_MEMORY; session=ASIAN_SESSION; raw_texture=RAW_PROGRESS_CONFIRMED; raw_agreement=CONFIRMED_BY_RAW; source_quality=SOURCE_QUALITY_USABLE; source_family=FORCE_SNAPSHOT_DERIVED; source_mode=TF5_BAR_PROXY,FORCE_SNAPSHOT_DERIVED: reconstruction force_snapshots_v2; not recovered existing summary; proxy/reconstructed reading; not full footprint claim; CONFIRMED_BY_RAW: raw supports proxy reading; source_quality_raw=FULL_DAY_TF5_PROXY; confidence_cap=0.25; read-only; no DB write; no dashboard; no Telegram; no BUY/SELL; T0113 film card is comparative memory only; no prediction; no BUY/SELL; no probability of success
B6FC_20260513_0300_DBF11E35,2026-05-13,2026-05-13T03:00:00+00:00,2026-05-13T04:00:00+00:00,ASIAN_SESSION,FORCE_SNAPSHOT_DERIVED,FORCE_SNAPSHOT_DERIVED,TF5_BAR_PROXY,RECONSTRUCTED_FORCE_SNAPSHOT_DERIVED,0.25,FLOW_DIRECTIONAL_DISPLACEMENT,Déplacement directionnel proxy,Base scene: Déplacement directionnel proxy (FLOW_DIRECTIONAL_DISPLACEMENT).,"Reaction raw rotationnelle: respiration/rotation de zone, delta -1.4 pips, range 9.2 pips, 2080 ticks.","Projection faible: effort/rotation absorbe le deplacement, delta/range=0.15.",REVIEW: scene lisible mais doit rester en revue avant indexation forte.,NUANCED_BY_RAW,NUANCED_BY_RAW,NUANCED_BY_RAW,0.620,SOURCE_QUALITY_USABLE,SOURCE_QUALITY_USABLE,0.710,B6_REVIEW_CANDIDATE,RAW_ROTATION_CONFIRMED,-1.4,9.2,2080,DIRECTIONAL_PROGRESS_MEMORY,DIRECTIONAL_PROGRESS_MEMORY|FORCE_SNAPSHOT_DERIVED|TF5_BAR_PROXY|NUANCED_BY_RAW|RAW_ROTATION_CONFIRMED|SOURCE_QUALITY_USABLE,REVIEW memoire: DIRECTIONAL_PROGRESS_MEMORY; scene comparable mais a relire; REVIEW: scene lisible pour comparaison apres relecture; ne pas durcir NUANCED_BY_RAW en verite raw; provenance FORCE_SNAPSHOT_DERIVED; score memoire 0.710.,Comparer les scenes de progression / deplacement directionnel avec role raw explicite.,family=DIRECTIONAL_PROGRESS_MEMORY; session=ASIAN_SESSION; raw_texture=RAW_ROTATION_CONFIRMED; raw_agreement=NUANCED_BY_RAW; source_quality=SOURCE_QUALITY_USABLE; source_family=FORCE_SNAPSHOT_DERIVED; source_mode=TF5_BAR_PROXY,FORCE_SNAPSHOT_DERIVED: reconstruction force_snapshots_v2; not recovered existing summary; proxy/reconstructed reading; not full footprint claim; NUANCED_BY_RAW: useful but not hard-confirmed raw; source_quality_raw=FULL_DAY_TF5_PROXY; confidence_cap=0.25; read-only; no DB write; no dashboard; no Telegram; no BUY/SELL; T0113 film card is comparative memory only; no prediction; no BUY/SELL; no probability of success
B6FC_20260513_0400_9DE663F7,2026-05-13,2026-05-13T04:00:00+00:00,2026-05-13T05:00:00+00:00,ASIAN_SESSION,FORCE_SNAPSHOT_DERIVED,FORCE_SNAPSHOT_DERIVED,TF5_BAR_PROXY,RECONSTRUCTED_FORCE_SNAPSHOT_DERIVED,0.25,FLOW_WEAK_DIRECTIONAL,Flux faible / transition proxy,Base scene: Flux faible / transition proxy (FLOW_WEAK_DIRECTIONAL).,"Reaction raw rotationnelle: respiration/rotation de zone, delta -2.7 pips, range 6.2 pips, 1444 ticks.","Projection partielle: mouvement utile mais encore nuance par la texture, delta/range=0.44.",REVIEW: scene lisible mais doit rester en revue avant indexation forte.,NUANCED_BY_RAW,NUANCED_BY_RAW,NUANCED_BY_RAW,0.620,SOURCE_QUALITY_USABLE,SOURCE_QUALITY_USABLE,0.710,B6_REVIEW_CANDIDATE,RAW_ROTATION_CONFIRMED,-2.7,6.2,1444,DIRECTIONAL_PROGRESS_MEMORY,DIRECTIONAL_PROGRESS_MEMORY|FORCE_SNAPSHOT_DERIVED|TF5_BAR_PROXY|NUANCED_BY_RAW|RAW_ROTATION_CONFIRMED|SOURCE_QUALITY_USABLE,REVIEW memoire: DIRECTIONAL_PROGRESS_MEMORY; scene comparable mais a relire; REVIEW: scene lisible pour comparaison apres relecture; ne pas durcir NUANCED_BY_RAW en verite raw; provenance FORCE_SNAPSHOT_DERIVED; score memoire 0.710.,Comparer les scenes de progression / deplacement directionnel avec role raw explicite.,family=DIRECTIONAL_PROGRESS_MEMORY; session=ASIAN_SESSION; raw_texture=RAW_ROTATION_CONFIRMED; raw_agreement=NUANCED_BY_RAW; source_quality=SOURCE_QUALITY_USABLE; source_family=FORCE_SNAPSHOT_DERIVED; source_mode=TF5_BAR_PROXY,FORCE_SNAPSHOT_DERIVED: reconstruction force_snapshots_v2; not recovered existing summary; proxy/reconstructed reading; not full footprint claim; NUANCED_BY_RAW: useful but not hard-confirmed raw; source_quality_raw=FULL_DAY_TF5_PROXY; confidence_cap=0.25; read-only; no DB write; no dashboard; no Telegram; no BUY/SELL; T0113 film card is comparative memory only; no prediction; no BUY/SELL; no probability of success
B6FC_20260513_0500_6CAA25F1,2026-05-13,2026-05-13T05:00:00+00:00,2026-05-13T06:00:00+00:00,ASIAN_SESSION,FORCE_SNAPSHOT_DERIVED,FORCE_SNAPSHOT_DERIVED,TF5_BAR_PROXY,RECONSTRUCTED_FORCE_SNAPSHOT_DERIVED,0.25,FLOW_WEAK_DIRECTIONAL,Flux faible / transition proxy,Base scene: Flux faible / transition proxy (FLOW_WEAK_DIRECTIONAL).,"Reaction raw rotationnelle: respiration/rotation de zone, delta 10.7 pips, range 15.6 pips, 2227 ticks.",Projection directionnelle lisible: delta/range=0.69.,REVIEW: scene lisible mais doit rester en revue avant indexation forte.,NUANCED_BY_RAW,NUANCED_BY_RAW,NUANCED_BY_RAW,0.620,SOURCE_QUALITY_USABLE,SOURCE_QUALITY_USABLE,0.710,B6_REVIEW_CANDIDATE,RAW_ROTATION_CONFIRMED,10.7,15.6,2227,DIRECTIONAL_PROGRESS_MEMORY,DIRECTIONAL_PROGRESS_MEMORY|FORCE_SNAPSHOT_DERIVED|TF5_BAR_PROXY|NUANCED_BY_RAW|RAW_ROTATION_CONFIRMED|SOURCE_QUALITY_USABLE,REVIEW memoire: DIRECTIONAL_PROGRESS_MEMORY; scene comparable mais a relire; REVIEW: scene lisible pour comparaison apres relecture; ne pas durcir NUANCED_BY_RAW en verite raw; provenance FORCE_SNAPSHOT_DERIVED; score memoire 0.710.,Comparer les scenes de progression / deplacement directionnel avec role raw explicite.,family=DIRECTIONAL_PROGRESS_MEMORY; session=ASIAN_SESSION; raw_texture=RAW_ROTATION_CONFIRMED; raw_agreement=NUANCED_BY_RAW; source_quality=SOURCE_QUALITY_USABLE; source_family=FORCE_SNAPSHOT_DERIVED; source_mode=TF5_BAR_PROXY,FORCE_SNAPSHOT_DERIVED: reconstruction force_snapshots_v2; not recovered existing summary; proxy/reconstructed reading; not full footprint claim; NUANCED_BY_RAW: useful but not hard-confirmed raw; source_quality_raw=FULL_DAY_TF5_PROXY; confidence_cap=0.25; read-only; no DB write; no dashboard; no Telegram; no BUY/SELL; T0113 film card is comparative memory only; no prediction; no BUY/SELL; no probability of success
B6FC_20260513_0600_E731D73E,2026-05-13,2026-05-13T06:00:00+00:00,2026-05-13T07:00:00+00:00,ASIAN_SESSION,FORCE_SNAPSHOT_DERIVED,FORCE_SNAPSHOT_DERIVED,TF5_BAR_PROXY,RECONSTRUCTED_FORCE_SNAPSHOT_DERIVED,0.25,FLOW_WEAK_DIRECTIONAL,Flux faible / transition proxy,Base scene: Flux faible / transition proxy (FLOW_WEAK_DIRECTIONAL).,"Reaction raw rotationnelle: respiration/rotation de zone, delta -17.5 pips, range 27.5 pips, 3476 ticks.","Projection partielle: mouvement utile mais encore nuance par la texture, delta/range=0.64.",REVIEW: scene lisible mais doit rester en revue avant indexation forte.,NUANCED_BY_RAW,NUANCED_BY_RAW,NUANCED_BY_RAW,0.620,SOURCE_QUALITY_USABLE,SOURCE_QUALITY_USABLE,0.710,B6_REVIEW_CANDIDATE,RAW_ROTATION_CONFIRMED,-17.5,27.5,3476,DIRECTIONAL_PROGRESS_MEMORY,DIRECTIONAL_PROGRESS_MEMORY|FORCE_SNAPSHOT_DERIVED|TF5_BAR_PROXY|NUANCED_BY_RAW|RAW_ROTATION_CONFIRMED|SOURCE_QUALITY_USABLE,REVIEW memoire: DIRECTIONAL_PROGRESS_MEMORY; scene comparable mais a relire; REVIEW: scene lisible pour comparaison apres relecture; ne pas durcir NUANCED_BY_RAW en verite raw; provenance FORCE_SNAPSHOT_DERIVED; score memoire 0.710.,Comparer les scenes de progression / deplacement directionnel avec role raw explicite.,family=DIRECTIONAL_PROGRESS_MEMORY; session=ASIAN_SESSION; raw_texture=RAW_ROTATION_CONFIRMED; raw_agreement=NUANCED_BY_RAW; source_quality=SOURCE_QUALITY_USABLE; source_family=FORCE_SNAPSHOT_DERIVED; source_mode=TF5_BAR_PROXY,FORCE_SNAPSHOT_DERIVED: reconstruction force_snapshots_v2; not recovered existing summary; proxy/reconstructed reading; not full footprint claim; NUANCED_BY_RAW: useful but not hard-confirmed raw; source_quality_raw=FULL_DAY_TF5_PROXY; confidence_cap=0.25; read-only; no DB write; no dashboard; no Telegram; no BUY/SELL; T0113 film card is comparative memory only; no prediction; no BUY/SELL; no probability of success
B6FC_20260513_0700_C66F0CA0,2026-05-13,2026-05-13T07:00:00+00:00,2026-05-13T08:00:00+00:00,ASIA_LONDON_HANDOVER,FORCE_SNAPSHOT_DERIVED,FORCE_SNAPSHOT_DERIVED,TF5_BAR_PROXY,RECONSTRUCTED_FORCE_SNAPSHOT_DERIVED,0.25,FLOW_DIRECTIONAL_DISPLACEMENT,Déplacement directionnel proxy,Base scene: Déplacement directionnel proxy (FLOW_DIRECTIONAL_DISPLACEMENT).,"Reaction raw progressive: delta -6.5 pips, range 18.3 pips, 3844 ticks.","Projection partielle: mouvement utile mais encore nuance par la texture, delta/range=0.36.","Judgment technique: B6_KEEP_CANDIDATE, CONFIRMED_BY_RAW, SOURCE_QUALITY_USABLE.",CONFIRMED_BY_RAW,CONFIRMED_BY_RAW,CONFIRMED_BY_RAW,0.680,SOURCE_QUALITY_USABLE,SOURCE_QUALITY_USABLE,0.770,B6_KEEP_CANDIDATE,RAW_PROGRESS_CONFIRMED,-6.5,18.3,3844,DIRECTIONAL_PROGRESS_MEMORY,DIRECTIONAL_PROGRESS_MEMORY|FORCE_SNAPSHOT_DERIVED|TF5_BAR_PROXY|CONFIRMED_BY_RAW|RAW_PROGRESS_CONFIRMED|SOURCE_QUALITY_USABLE,"KEEP memoire: DIRECTIONAL_PROGRESS_MEMORY; KEEP prioritaire: scene confirmee raw, texture RAW_PROGRESS_CONFIRMED, provenance FORCE_SNAPSHOT_DERIVED, score memoire 0.770.",Comparer les scenes de progression / deplacement directionnel avec role raw explicite.,family=DIRECTIONAL_PROGRESS_MEMORY; session=ASIA_LONDON_HANDOVER; raw_texture=RAW_PROGRESS_CONFIRMED; raw_agreement=CONFIRMED_BY_RAW; source_quality=SOURCE_QUALITY_USABLE; source_family=FORCE_SNAPSHOT_DERIVED; source_mode=TF5_BAR_PROXY,FORCE_SNAPSHOT_DERIVED: reconstruction force_snapshots_v2; not recovered existing summary; proxy/reconstructed reading; not full footprint claim; CONFIRMED_BY_RAW: raw supports proxy reading; source_quality_raw=FULL_DAY_TF5_PROXY; confidence_cap=0.25; read-only; no DB write; no dashboard; no Telegram; no BUY/SELL; T0113 film card is comparative memory only; no prediction; no BUY/SELL; no probability of success
B6FC_20260513_0800_D74616C9,2026-05-13,2026-05-13T08:00:00+00:00,2026-05-13T09:00:00+00:00,LONDON_IGNITION,FORCE_SNAPSHOT_DERIVED,FORCE_SNAPSHOT_DERIVED,TF5_BAR_PROXY,RECONSTRUCTED_FORCE_SNAPSHOT_DERIVED,0.25,FLOW_DIRECTIONAL_DISPLACEMENT,Déplacement directionnel proxy,Base scene: Déplacement directionnel proxy (FLOW_DIRECTIONAL_DISPLACEMENT).,"Reaction raw rotationnelle: respiration/rotation de zone, delta -1.4 pips, range 14.5 pips, 3230 ticks.","Projection faible: effort/rotation absorbe le deplacement, delta/range=0.10.",REVIEW: scene lisible mais doit rester en revue avant indexation forte.,NUANCED_BY_RAW,NUANCED_BY_RAW,NUANCED_BY_RAW,0.620,SOURCE_QUALITY_USABLE,SOURCE_QUALITY_USABLE,0.710,B6_REVIEW_CANDIDATE,RAW_ROTATION_CONFIRMED,-1.4,14.5,3230,DIRECTIONAL_PROGRESS_MEMORY,DIRECTIONAL_PROGRESS_MEMORY|FORCE_SNAPSHOT_DERIVED|TF5_BAR_PROXY|NUANCED_BY_RAW|RAW_ROTATION_CONFIRMED|SOURCE_QUALITY_USABLE,REVIEW memoire: DIRECTIONAL_PROGRESS_MEMORY; scene comparable mais a relire; REVIEW: scene lisible pour comparaison apres relecture; ne pas durcir NUANCED_BY_RAW en verite raw; provenance FORCE_SNAPSHOT_DERIVED; score memoire 0.710.,Comparer les scenes de progression / deplacement directionnel avec role raw explicite.,family=DIRECTIONAL_PROGRESS_MEMORY; session=LONDON_IGNITION; raw_texture=RAW_ROTATION_CONFIRMED; raw_agreement=NUANCED_BY_RAW; source_quality=SOURCE_QUALITY_USABLE; source_family=FORCE_SNAPSHOT_DERIVED; source_mode=TF5_BAR_PROXY,FORCE_SNAPSHOT_DERIVED: reconstruction force_snapshots_v2; not recovered existing summary; proxy/reconstructed reading; not full footprint claim; NUANCED_BY_RAW: useful but not hard-confirmed raw; source_quality_raw=FULL_DAY_TF5_PROXY; confidence_cap=0.25; read-only; no DB write; no dashboard; no Telegram; no BUY/SELL; T0113 film card is comparative memory only; no prediction; no BUY/SELL; no probability of success
B6FC_20260513_0900_4358CD75,2026-05-13,2026-05-13T09:00:00+00:00,2026-05-13T10:00:00+00:00,LONDON_IGNITION,FORCE_SNAPSHOT_DERIVED,FORCE_SNAPSHOT_DERIVED,TF5_BAR_PROXY,RECONSTRUCTED_FORCE_SNAPSHOT_DERIVED,0.25,FLOW_DIRECTIONAL_DISPLACEMENT,Déplacement directionnel proxy,Base scene: Déplacement directionnel proxy (FLOW_DIRECTIONAL_DISPLACEMENT).,"Reaction raw rotationnelle: respiration/rotation de zone, delta -1.6 pips, range 16.9 pips, 3372 ticks.","Projection faible: effort/rotation absorbe le deplacement, delta/range=0.09.",REVIEW: scene lisible mais doit rester en revue avant indexation forte.,NUANCED_BY_RAW,NUANCED_BY_RAW,NUANCED_BY_RAW,0.620,SOURCE_QUALITY_USABLE,SOURCE_QUALITY_USABLE,0.710,B6_REVIEW_CANDIDATE,RAW_ROTATION_CONFIRMED,-1.6,16.9,3372,DIRECTIONAL_PROGRESS_MEMORY,DIRECTIONAL_PROGRESS_MEMORY|FORCE_SNAPSHOT_DERIVED|TF5_BAR_PROXY|NUANCED_BY_RAW|RAW_ROTATION_CONFIRMED|SOURCE_QUALITY_USABLE,REVIEW memoire: DIRECTIONAL_PROGRESS_MEMORY; scene comparable mais a relire; REVIEW: scene lisible pour comparaison apres relecture; ne pas durcir NUANCED_BY_RAW en verite raw; provenance FORCE_SNAPSHOT_DERIVED; score memoire 0.710.,Comparer les scenes de progression / deplacement directionnel avec role raw explicite.,family=DIRECTIONAL_PROGRESS_MEMORY; session=LONDON_IGNITION; raw_texture=RAW_ROTATION_CONFIRMED; raw_agreement=NUANCED_BY_RAW; source_quality=SOURCE_QUALITY_USABLE; source_family=FORCE_SNAPSHOT_DERIVED; source_mode=TF5_BAR_PROXY,FORCE_SNAPSHOT_DERIVED: reconstruction force_snapshots_v2; not recovered existing summary; proxy/reconstructed reading; not full footprint claim; NUANCED_BY_RAW: useful but not hard-confirmed raw; source_quality_raw=FULL_DAY_TF5_PROXY; confidence_cap=0.25; read-only; no DB write; no dashboard; no Telegram; no BUY/SELL; T0113 film card is comparative memory only; no prediction; no BUY/SELL; no probability of success
B6FC_20260513_1000_A485F05E,2026-05-13,2026-05-13T10:00:00+00:00,2026-05-13T11:00:00+00:00,LONDON_IGNITION,FORCE_SNAPSHOT_DERIVED,FORCE_SNAPSHOT_DERIVED,TF5_BAR_PROXY,RECONSTRUCTED_FORCE_SNAPSHOT_DERIVED,0.25,FLOW_WEAK_DIRECTIONAL,Flux faible / transition proxy,Base scene: Flux faible / transition proxy (FLOW_WEAK_DIRECTIONAL).,"Reaction raw progressive: delta -12 pips, range 27.4 pips, 4486 ticks.","Projection partielle: mouvement utile mais encore nuance par la texture, delta/range=0.44.","Judgment technique: B6_KEEP_CANDIDATE, CONFIRMED_BY_RAW, SOURCE_QUALITY_USABLE.",CONFIRMED_BY_RAW,CONFIRMED_BY_RAW,CONFIRMED_BY_RAW,0.680,SOURCE_QUALITY_USABLE,SOURCE_QUALITY_USABLE,0.770,B6_KEEP_CANDIDATE,RAW_PROGRESS_CONFIRMED,-12.0,27.4,4486,DIRECTIONAL_PROGRESS_MEMORY,DIRECTIONAL_PROGRESS_MEMORY|FORCE_SNAPSHOT_DERIVED|TF5_BAR_PROXY|CONFIRMED_BY_RAW|RAW_PROGRESS_CONFIRMED|SOURCE_QUALITY_USABLE,"KEEP memoire: DIRECTIONAL_PROGRESS_MEMORY; KEEP prioritaire: scene confirmee raw, texture RAW_PROGRESS_CONFIRMED, provenance FORCE_SNAPSHOT_DERIVED, score memoire 0.770.",Comparer les scenes de progression / deplacement directionnel avec role raw explicite.,family=DIRECTIONAL_PROGRESS_MEMORY; session=LONDON_IGNITION; raw_texture=RAW_PROGRESS_CONFIRMED; raw_agreement=CONFIRMED_BY_RAW; source_quality=SOURCE_QUALITY_USABLE; source_family=FORCE_SNAPSHOT_DERIVED; source_mode=TF5_BAR_PROXY,FORCE_SNAPSHOT_DERIVED: reconstruction force_snapshots_v2; not recovered existing summary; proxy/reconstructed reading; not full footprint claim; CONFIRMED_BY_RAW: raw supports proxy reading; source_quality_raw=FULL_DAY_TF5_PROXY; confidence_cap=0.25; read-only; no DB write; no dashboard; no Telegram; no BUY/SELL; T0113 film card is comparative memory only; no prediction; no BUY/SELL; no probability of success
B6FC_20260513_1100_7E64D65D,2026-05-13,2026-05-13T11:00:00+00:00,2026-05-13T12:00:00+00:00,LONDON_MIDDAY_TRANSITION,FORCE_SNAPSHOT_DERIVED,FORCE_SNAPSHOT_DERIVED,TF5_BAR_PROXY,RECONSTRUCTED_FORCE_SNAPSHOT_DERIVED,0.25,FLOW_ROTATIONAL,Rotation / respiration de zone,Base scene: Rotation / respiration de zone (FLOW_ROTATIONAL).,"Reaction raw rotationnelle: respiration/rotation de zone, delta -1.7 pips, range 10.8 pips, 3274 ticks.","Projection faible: effort/rotation absorbe le deplacement, delta/range=0.16.",REVIEW: scene lisible mais doit rester en revue avant indexation forte.,NUANCED_BY_RAW,NUANCED_BY_RAW,NUANCED_BY_RAW,0.620,SOURCE_QUALITY_USABLE,SOURCE_QUALITY_USABLE,0.710,B6_REVIEW_CANDIDATE,RAW_ROTATION_CONFIRMED,-1.7,10.8,3274,ROTATION_BREATH_MEMORY,ROTATION_BREATH_MEMORY|FORCE_SNAPSHOT_DERIVED|TF5_BAR_PROXY|NUANCED_BY_RAW|RAW_ROTATION_CONFIRMED|SOURCE_QUALITY_USABLE,REVIEW memoire: ROTATION_BREATH_MEMORY; scene comparable mais a relire; REVIEW: scene lisible pour comparaison apres relecture; ne pas durcir NUANCED_BY_RAW en verite raw; provenance FORCE_SNAPSHOT_DERIVED; score memoire 0.710.,"Comparer les respirations de zone, rotations et transitions sans durcir en prediction.",family=ROTATION_BREATH_MEMORY; session=LONDON_MIDDAY_TRANSITION; raw_texture=RAW_ROTATION_CONFIRMED; raw_agreement=NUANCED_BY_RAW; source_quality=SOURCE_QUALITY_USABLE; source_family=FORCE_SNAPSHOT_DERIVED; source_mode=TF5_BAR_PROXY,FORCE_SNAPSHOT_DERIVED: reconstruction force_snapshots_v2; not recovered existing summary; proxy/reconstructed reading; not full footprint claim; NUANCED_BY_RAW: useful but not hard-confirmed raw; source_quality_raw=FULL_DAY_TF5_PROXY; confidence_cap=0.25; read-only; no DB write; no dashboard; no Telegram; no BUY/SELL; T0113 film card is comparative memory only; no prediction; no BUY/SELL; no probability of success
B6FC_20260513_1200_B4657282,2026-05-13,2026-05-13T12:00:00+00:00,2026-05-13T13:00:00+00:00,LONDON_MIDDAY_TRANSITION,FORCE_SNAPSHOT_DERIVED,FORCE_SNAPSHOT_DERIVED,TF5_BAR_PROXY,RECONSTRUCTED_FORCE_SNAPSHOT_DERIVED,0.25,FLOW_DIRECTIONAL_DISPLACEMENT,Déplacement directionnel proxy,Base scene: Déplacement directionnel proxy (FLOW_DIRECTIONAL_DISPLACEMENT).,"Reaction raw progressive: delta -7.7 pips, range 25.6 pips, 5051 ticks.","Projection partielle: mouvement utile mais encore nuance par la texture, delta/range=0.30.","Judgment technique: B6_KEEP_CANDIDATE, CONFIRMED_BY_RAW, SOURCE_QUALITY_USABLE.",CONFIRMED_BY_RAW,CONFIRMED_BY_RAW,CONFIRMED_BY_RAW,0.680,SOURCE_QUALITY_USABLE,SOURCE_QUALITY_USABLE,0.770,B6_KEEP_CANDIDATE,RAW_PROGRESS_CONFIRMED,-7.7,25.6,5051,DIRECTIONAL_PROGRESS_MEMORY,DIRECTIONAL_PROGRESS_MEMORY|FORCE_SNAPSHOT_DERIVED|TF5_BAR_PROXY|CONFIRMED_BY_RAW|RAW_PROGRESS_CONFIRMED|SOURCE_QUALITY_USABLE,"KEEP memoire: DIRECTIONAL_PROGRESS_MEMORY; KEEP prioritaire: scene confirmee raw, texture RAW_PROGRESS_CONFIRMED, provenance FORCE_SNAPSHOT_DERIVED, score memoire 0.770.",Comparer les scenes de progression / deplacement directionnel avec role raw explicite.,family=DIRECTIONAL_PROGRESS_MEMORY; session=LONDON_MIDDAY_TRANSITION; raw_texture=RAW_PROGRESS_CONFIRMED; raw_agreement=CONFIRMED_BY_RAW; source_quality=SOURCE_QUALITY_USABLE; source_family=FORCE_SNAPSHOT_DERIVED; source_mode=TF5_BAR_PROXY,FORCE_SNAPSHOT_DERIVED: reconstruction force_snapshots_v2; not recovered existing summary; proxy/reconstructed reading; not full footprint claim; CONFIRMED_BY_RAW: raw supports proxy reading; source_quality_raw=FULL_DAY_TF5_PROXY; confidence_cap=0.25; read-only; no DB write; no dashboard; no Telegram; no BUY/SELL; T0113 film card is comparative memory only; no prediction; no BUY/SELL; no probability of success
B6FC_20260513_1300_6C1F81BE,2026-05-13,2026-05-13T13:00:00+00:00,2026-05-13T14:00:00+00:00,LONDON_NY_OVERLAP,FORCE_SNAPSHOT_DERIVED,FORCE_SNAPSHOT_DERIVED,TF5_BAR_PROXY,RECONSTRUCTED_FORCE_SNAPSHOT_DERIVED,0.25,FLOW_ROTATIONAL,Rotation / respiration de zone,Base scene: Rotation / respiration de zone (FLOW_ROTATIONAL).,"Reaction raw rotationnelle: respiration/rotation de zone, delta 14.9 pips, range 24.7 pips, 5592 ticks.","Projection partielle: mouvement utile mais encore nuance par la texture, delta/range=0.60.",REVIEW: scene lisible mais doit rester en revue avant indexation forte.,NUANCED_BY_RAW,NUANCED_BY_RAW,NUANCED_BY_RAW,0.620,SOURCE_QUALITY_USABLE,SOURCE_QUALITY_USABLE,0.710,B6_REVIEW_CANDIDATE,RAW_ROTATION_CONFIRMED,14.9,24.7,5592,ROTATION_BREATH_MEMORY,ROTATION_BREATH_MEMORY|FORCE_SNAPSHOT_DERIVED|TF5_BAR_PROXY|NUANCED_BY_RAW|RAW_ROTATION_CONFIRMED|SOURCE_QUALITY_USABLE,REVIEW memoire: ROTATION_BREATH_MEMORY; scene comparable mais a relire; REVIEW: scene lisible pour comparaison apres relecture; ne pas durcir NUANCED_BY_RAW en verite raw; provenance FORCE_SNAPSHOT_DERIVED; score memoire 0.710.,"Comparer les respirations de zone, rotations et transitions sans durcir en prediction.",family=ROTATION_BREATH_MEMORY; session=LONDON_NY_OVERLAP; raw_texture=RAW_ROTATION_CONFIRMED; raw_agreement=NUANCED_BY_RAW; source_quality=SOURCE_QUALITY_USABLE; source_family=FORCE_SNAPSHOT_DERIVED; source_mode=TF5_BAR_PROXY,FORCE_SNAPSHOT_DERIVED: reconstruction force_snapshots_v2; not recovered existing summary; proxy/reconstructed reading; not full footprint claim; NUANCED_BY_RAW: useful but not hard-confirmed raw; source_quality_raw=FULL_DAY_TF5_PROXY; confidence_cap=0.25; read-only; no DB write; no dashboard; no Telegram; no BUY/SELL; T0113 film card is comparative memory only; no prediction; no BUY/SELL; no probability of success
B6FC_20260513_1400_9D2DD582,2026-05-13,2026-05-13T14:00:00+00:00,2026-05-13T15:00:00+00:00,LONDON_NY_OVERLAP,FORCE_SNAPSHOT_DERIVED,FORCE_SNAPSHOT_DERIVED,TF5_BAR_PROXY,RECONSTRUCTED_FORCE_SNAPSHOT_DERIVED,0.25,FLOW_WEAK_DIRECTIONAL,Flux faible / transition proxy,Base scene: Flux faible / transition proxy (FLOW_WEAK_DIRECTIONAL).,"Reaction raw rotationnelle: respiration/rotation de zone, delta 2.8 pips, range 15.8 pips, 5061 ticks.","Projection faible: effort/rotation absorbe le deplacement, delta/range=0.18.",REVIEW: scene lisible mais doit rester en revue avant indexation forte.,NUANCED_BY_RAW,NUANCED_BY_RAW,NUANCED_BY_RAW,0.620,SOURCE_QUALITY_USABLE,SOURCE_QUALITY_USABLE,0.710,B6_REVIEW_CANDIDATE,RAW_ROTATION_CONFIRMED,2.8,15.8,5061,DIRECTIONAL_PROGRESS_MEMORY,DIRECTIONAL_PROGRESS_MEMORY|FORCE_SNAPSHOT_DERIVED|TF5_BAR_PROXY|NUANCED_BY_RAW|RAW_ROTATION_CONFIRMED|SOURCE_QUALITY_USABLE,REVIEW memoire: DIRECTIONAL_PROGRESS_MEMORY; scene comparable mais a relire; REVIEW: scene lisible pour comparaison apres relecture; ne pas durcir NUANCED_BY_RAW en verite raw; provenance FORCE_SNAPSHOT_DERIVED; score memoire 0.710.,Comparer les scenes de progression / deplacement directionnel avec role raw explicite.,family=DIRECTIONAL_PROGRESS_MEMORY; session=LONDON_NY_OVERLAP; raw_texture=RAW_ROTATION_CONFIRMED; raw_agreement=NUANCED_BY_RAW; source_quality=SOURCE_QUALITY_USABLE; source_family=FORCE_SNAPSHOT_DERIVED; source_mode=TF5_BAR_PROXY,FORCE_SNAPSHOT_DERIVED: reconstruction force_snapshots_v2; not recovered existing summary; proxy/reconstructed reading; not full footprint claim; NUANCED_BY_RAW: useful but not hard-confirmed raw; source_quality_raw=FULL_DAY_TF5_PROXY; confidence_cap=0.25; read-only; no DB write; no dashboard; no Telegram; no BUY/SELL; T0113 film card is comparative memory only; no prediction; no BUY/SELL; no probability of success
B6FC_20260513_1500_A1C60A46,2026-05-13,2026-05-13T15:00:00+00:00,2026-05-13T16:00:00+00:00,LONDON_NY_OVERLAP,FORCE_SNAPSHOT_DERIVED,FORCE_SNAPSHOT_DERIVED,TF5_BAR_PROXY,RECONSTRUCTED_FORCE_SNAPSHOT_DERIVED,0.25,FLOW_DIRECTIONAL_DISPLACEMENT,Déplacement directionnel proxy,Base scene: Déplacement directionnel proxy (FLOW_DIRECTIONAL_DISPLACEMENT).,"Reaction raw rotationnelle: respiration/rotation de zone, delta 2.7 pips, range 16.6 pips, 4518 ticks.","Projection faible: effort/rotation absorbe le deplacement, delta/range=0.16.",REVIEW: scene lisible mais doit rester en revue avant indexation forte.,NUANCED_BY_RAW,NUANCED_BY_RAW,NUANCED_BY_RAW,0.620,SOURCE_QUALITY_USABLE,SOURCE_QUALITY_USABLE,0.710,B6_REVIEW_CANDIDATE,RAW_ROTATION_CONFIRMED,2.7,16.6,4518,DIRECTIONAL_PROGRESS_MEMORY,DIRECTIONAL_PROGRESS_MEMORY|FORCE_SNAPSHOT_DERIVED|TF5_BAR_PROXY|NUANCED_BY_RAW|RAW_ROTATION_CONFIRMED|SOURCE_QUALITY_USABLE,REVIEW memoire: DIRECTIONAL_PROGRESS_MEMORY; scene comparable mais a relire; REVIEW: scene lisible pour comparaison apres relecture; ne pas durcir NUANCED_BY_RAW en verite raw; provenance FORCE_SNAPSHOT_DERIVED; score memoire 0.710.,Comparer les scenes de progression / deplacement directionnel avec role raw explicite.,family=DIRECTIONAL_PROGRESS_MEMORY; session=LONDON_NY_OVERLAP; raw_texture=RAW_ROTATION_CONFIRMED; raw_agreement=NUANCED_BY_RAW; source_quality=SOURCE_QUALITY_USABLE; source_family=FORCE_SNAPSHOT_DERIVED; source_mode=TF5_BAR_PROXY,FORCE_SNAPSHOT_DERIVED: reconstruction force_snapshots_v2; not recovered existing summary; proxy/reconstructed reading; not full footprint claim; NUANCED_BY_RAW: useful but not hard-confirmed raw; source_quality_raw=FULL_DAY_TF5_PROXY; confidence_cap=0.25; read-only; no DB write; no dashboard; no Telegram; no BUY/SELL; T0113 film card is comparative memory only; no prediction; no BUY/SELL; no probability of success
B6FC_20260513_1600_0A37C900,2026-05-13,2026-05-13T16:00:00+00:00,2026-05-13T17:00:00+00:00,NY_AFTERNOON,FORCE_SNAPSHOT_DERIVED,FORCE_SNAPSHOT_DERIVED,TF5_BAR_PROXY,RECONSTRUCTED_FORCE_SNAPSHOT_DERIVED,0.25,FLOW_DIRECTIONAL_DISPLACEMENT,Déplacement directionnel proxy,Base scene: Déplacement directionnel proxy (FLOW_DIRECTIONAL_DISPLACEMENT).,"Reaction raw rotationnelle: respiration/rotation de zone, delta -3.1 pips, range 15.6 pips, 4350 ticks.","Projection faible: effort/rotation absorbe le deplacement, delta/range=0.20.",REVIEW: scene lisible mais doit rester en revue avant indexation forte.,NUANCED_BY_RAW,NUANCED_BY_RAW,NUANCED_BY_RAW,0.620,SOURCE_QUALITY_USABLE,SOURCE_QUALITY_USABLE,0.710,B6_REVIEW_CANDIDATE,RAW_ROTATION_CONFIRMED,-3.1,15.6,4350,DIRECTIONAL_PROGRESS_MEMORY,DIRECTIONAL_PROGRESS_MEMORY|FORCE_SNAPSHOT_DERIVED|TF5_BAR_PROXY|NUANCED_BY_RAW|RAW_ROTATION_CONFIRMED|SOURCE_QUALITY_USABLE,REVIEW memoire: DIRECTIONAL_PROGRESS_MEMORY; scene comparable mais a relire; REVIEW: scene lisible pour comparaison apres relecture; ne pas durcir NUANCED_BY_RAW en verite raw; provenance FORCE_SNAPSHOT_DERIVED; score memoire 0.710.,Comparer les scenes de progression / deplacement directionnel avec role raw explicite.,family=DIRECTIONAL_PROGRESS_MEMORY; session=NY_AFTERNOON; raw_texture=RAW_ROTATION_CONFIRMED; raw_agreement=NUANCED_BY_RAW; source_quality=SOURCE_QUALITY_USABLE; source_family=FORCE_SNAPSHOT_DERIVED; source_mode=TF5_BAR_PROXY,FORCE_SNAPSHOT_DERIVED: reconstruction force_snapshots_v2; not recovered existing summary; proxy/reconstructed reading; not full footprint claim; NUANCED_BY_RAW: useful but not hard-confirmed raw; source_quality_raw=FULL_DAY_TF5_PROXY; confidence_cap=0.25; read-only; no DB write; no dashboard; no Telegram; no BUY/SELL; T0113 film card is comparative memory only; no prediction; no BUY/SELL; no probability of success
B6FC_20260513_1700_10F2213C,2026-05-13,2026-05-13T17:00:00+00:00,2026-05-13T18:00:00+00:00,NY_AFTERNOON,FORCE_SNAPSHOT_DERIVED,FORCE_SNAPSHOT_DERIVED,TF5_BAR_PROXY,RECONSTRUCTED_FORCE_SNAPSHOT_DERIVED,0.25,FLOW_ROTATIONAL,Rotation / respiration de zone,Base scene: Rotation / respiration de zone (FLOW_ROTATIONAL).,"Reaction raw progressive: delta -2.7 pips, range 8.4 pips, 3142 ticks.","Projection partielle: mouvement utile mais encore nuance par la texture, delta/range=0.32.","Judgment technique: B6_KEEP_CANDIDATE, CONFIRMED_BY_RAW, SOURCE_QUALITY_USABLE.",CONFIRMED_BY_RAW,CONFIRMED_BY_RAW,CONFIRMED_BY_RAW,0.680,SOURCE_QUALITY_USABLE,SOURCE_QUALITY_USABLE,0.770,B6_KEEP_CANDIDATE,RAW_PROGRESS_CONFIRMED,-2.7,8.4,3142,DIRECTIONAL_PROGRESS_MEMORY,DIRECTIONAL_PROGRESS_MEMORY|FORCE_SNAPSHOT_DERIVED|TF5_BAR_PROXY|CONFIRMED_BY_RAW|RAW_PROGRESS_CONFIRMED|SOURCE_QUALITY_USABLE,"KEEP memoire: DIRECTIONAL_PROGRESS_MEMORY; KEEP prioritaire: scene confirmee raw, texture RAW_PROGRESS_CONFIRMED, provenance FORCE_SNAPSHOT_DERIVED, score memoire 0.770.",Comparer les scenes de progression / deplacement directionnel avec role raw explicite.,family=DIRECTIONAL_PROGRESS_MEMORY; session=NY_AFTERNOON; raw_texture=RAW_PROGRESS_CONFIRMED; raw_agreement=CONFIRMED_BY_RAW; source_quality=SOURCE_QUALITY_USABLE; source_family=FORCE_SNAPSHOT_DERIVED; source_mode=TF5_BAR_PROXY,FORCE_SNAPSHOT_DERIVED: reconstruction force_snapshots_v2; not recovered existing summary; proxy/reconstructed reading; not full footprint claim; CONFIRMED_BY_RAW: raw supports proxy reading; source_quality_raw=FULL_DAY_TF5_PROXY; confidence_cap=0.25; read-only; no DB write; no dashboard; no Telegram; no BUY/SELL; T0113 film card is comparative memory only; no prediction; no BUY/SELL; no probability of success
B6FC_20260513_1800_6A79228A,2026-05-13,2026-05-13T18:00:00+00:00,2026-05-13T19:00:00+00:00,NY_AFTERNOON,FORCE_SNAPSHOT_DERIVED,FORCE_SNAPSHOT_DERIVED,TF5_BAR_PROXY,RECONSTRUCTED_FORCE_SNAPSHOT_DERIVED,0.25,FLOW_DIRECTIONAL_DISPLACEMENT,Déplacement directionnel proxy,Base scene: Déplacement directionnel proxy (FLOW_DIRECTIONAL_DISPLACEMENT).,"Reaction raw progressive: delta 7.9 pips, range 8.9 pips, 3359 ticks.",Projection directionnelle lisible: delta/range=0.89.,"Judgment technique: B6_KEEP_CANDIDATE, CONFIRMED_BY_RAW, SOURCE_QUALITY_USABLE.",CONFIRMED_BY_RAW,CONFIRMED_BY_RAW,CONFIRMED_BY_RAW,0.680,SOURCE_QUALITY_USABLE,SOURCE_QUALITY_USABLE,0.770,B6_KEEP_CANDIDATE,RAW_PROGRESS_CONFIRMED,7.9,8.9,3359,DIRECTIONAL_PROGRESS_MEMORY,DIRECTIONAL_PROGRESS_MEMORY|FORCE_SNAPSHOT_DERIVED|TF5_BAR_PROXY|CONFIRMED_BY_RAW|RAW_PROGRESS_CONFIRMED|SOURCE_QUALITY_USABLE,"KEEP memoire: DIRECTIONAL_PROGRESS_MEMORY; KEEP prioritaire: scene confirmee raw, texture RAW_PROGRESS_CONFIRMED, provenance FORCE_SNAPSHOT_DERIVED, score memoire 0.770.",Comparer les scenes de progression / deplacement directionnel avec role raw explicite.,family=DIRECTIONAL_PROGRESS_MEMORY; session=NY_AFTERNOON; raw_texture=RAW_PROGRESS_CONFIRMED; raw_agreement=CONFIRMED_BY_RAW; source_quality=SOURCE_QUALITY_USABLE; source_family=FORCE_SNAPSHOT_DERIVED; source_mode=TF5_BAR_PROXY,FORCE_SNAPSHOT_DERIVED: reconstruction force_snapshots_v2; not recovered existing summary; proxy/reconstructed reading; not full footprint claim; CONFIRMED_BY_RAW: raw supports proxy reading; source_quality_raw=FULL_DAY_TF5_PROXY; confidence_cap=0.25; read-only; no DB write; no dashboard; no Telegram; no BUY/SELL; T0113 film card is comparative memory only; no prediction; no BUY/SELL; no probability of success
B6FC_20260513_1900_BE0D1B78,2026-05-13,2026-05-13T19:00:00+00:00,2026-05-13T20:00:00+00:00,NY_AFTERNOON,FORCE_SNAPSHOT_DERIVED,FORCE_SNAPSHOT_DERIVED,TF5_BAR_PROXY,RECONSTRUCTED_FORCE_SNAPSHOT_DERIVED,0.25,FLOW_WEAK_DIRECTIONAL,Flux faible / transition proxy,Base scene: Flux faible / transition proxy (FLOW_WEAK_DIRECTIONAL).,"Reaction raw rotationnelle: respiration/rotation de zone, delta 3.3 pips, range 5.9 pips, 2938 ticks.","Projection partielle: mouvement utile mais encore nuance par la texture, delta/range=0.56.",REVIEW: scene lisible mais doit rester en revue avant indexation forte.,NUANCED_BY_RAW,NUANCED_BY_RAW,NUANCED_BY_RAW,0.620,SOURCE_QUALITY_USABLE,SOURCE_QUALITY_USABLE,0.710,B6_REVIEW_CANDIDATE,RAW_ROTATION_CONFIRMED,3.3,5.9,2938,DIRECTIONAL_PROGRESS_MEMORY,DIRECTIONAL_PROGRESS_MEMORY|FORCE_SNAPSHOT_DERIVED|TF5_BAR_PROXY|NUANCED_BY_RAW|RAW_ROTATION_CONFIRMED|SOURCE_QUALITY_USABLE,REVIEW memoire: DIRECTIONAL_PROGRESS_MEMORY; scene comparable mais a relire; REVIEW: scene lisible pour comparaison apres relecture; ne pas durcir NUANCED_BY_RAW en verite raw; provenance FORCE_SNAPSHOT_DERIVED; score memoire 0.710.,Comparer les scenes de progression / deplacement directionnel avec role raw explicite.,family=DIRECTIONAL_PROGRESS_MEMORY; session=NY_AFTERNOON; raw_texture=RAW_ROTATION_CONFIRMED; raw_agreement=NUANCED_BY_RAW; source_quality=SOURCE_QUALITY_USABLE; source_family=FORCE_SNAPSHOT_DERIVED; source_mode=TF5_BAR_PROXY,FORCE_SNAPSHOT_DERIVED: reconstruction force_snapshots_v2; not recovered existing summary; proxy/reconstructed reading; not full footprint claim; NUANCED_BY_RAW: useful but not hard-confirmed raw; source_quality_raw=FULL_DAY_TF5_PROXY; confidence_cap=0.25; read-only; no DB write; no dashboard; no Telegram; no BUY/SELL; T0113 film card is comparative memory only; no prediction; no BUY/SELL; no probability of success
B6FC_20260514_1503_9F070D34,2026-05-14,2026-05-14T15:03:00+00:00,2026-05-14T16:03:00+00:00,LONDON_NY_OVERLAP,FORCE_SNAPSHOT_DERIVED,FORCE_SNAPSHOT_DERIVED,M1_BAR_PROXY,RECONSTRUCTED_FORCE_SNAPSHOT_DERIVED,0.35,FLOW_ROTATIONAL,Rotation / respiration de zone,Base scene: Rotation / respiration de zone (FLOW_ROTATIONAL).,"Reaction raw rotationnelle: respiration/rotation de zone, delta -8.6 pips, range 12.8 pips, 4156 ticks.",Projection directionnelle lisible: delta/range=0.67.,"KEEP nuance: scene utile, raw nuance la lecture sans la durcir en confirmation.",NUANCED_BY_RAW,NUANCED_BY_RAW,NUANCED_BY_RAW,0.760,SOURCE_QUALITY_USABLE,SOURCE_QUALITY_USABLE,0.880,B6_KEEP_CANDIDATE,RAW_ROTATION_CONFIRMED,-8.6,12.8,4156,ROTATION_BREATH_MEMORY,ROTATION_BREATH_MEMORY|FORCE_SNAPSHOT_DERIVED|M1_BAR_PROXY|NUANCED_BY_RAW|RAW_ROTATION_CONFIRMED|SOURCE_QUALITY_USABLE,KEEP memoire: ROTATION_BREATH_MEMORY; KEEP nuance: raw nuance la scene mais qualite/texture suffisantes pour comparaison B6; provenance FORCE_SNAPSHOT_DERIVED; score memoire 0.880.,"Comparer les respirations de zone, rotations et transitions sans durcir en prediction.",family=ROTATION_BREATH_MEMORY; session=LONDON_NY_OVERLAP; raw_texture=RAW_ROTATION_CONFIRMED; raw_agreement=NUANCED_BY_RAW; source_quality=SOURCE_QUALITY_USABLE; source_family=FORCE_SNAPSHOT_DERIVED; source_mode=M1_BAR_PROXY,FORCE_SNAPSHOT_DERIVED: reconstruction force_snapshots_v2; not recovered existing summary; proxy/reconstructed reading; not full footprint claim; NUANCED_BY_RAW: useful but not hard-confirmed raw; source_quality_raw=PARTIAL_PROXY_COVERAGE; confidence_cap=0.35; read-only; no DB write; no dashboard; no Telegram; no BUY/SELL; T0113 film card is comparative memory only; no prediction; no BUY/SELL; no probability of success
B6FC_20260514_1603_ECAD93DC,2026-05-14,2026-05-14T16:03:00+00:00,2026-05-14T17:03:00+00:00,NY_AFTERNOON,FORCE_SNAPSHOT_DERIVED,FORCE_SNAPSHOT_DERIVED,M1_BAR_PROXY,RECONSTRUCTED_FORCE_SNAPSHOT_DERIVED,0.35,FLOW_DIRECTIONAL_DISPLACEMENT,Déplacement directionnel proxy,Base scene: Déplacement directionnel proxy (FLOW_DIRECTIONAL_DISPLACEMENT).,"Reaction raw progressive: delta -30.4 pips, range 43.7 pips, 5199 ticks.",Projection directionnelle lisible: delta/range=0.70.,"Judgment technique: B6_KEEP_CANDIDATE, CONFIRMED_BY_RAW, SOURCE_QUALITY_USABLE.",CONFIRMED_BY_RAW,CONFIRMED_BY_RAW,CONFIRMED_BY_RAW,0.760,SOURCE_QUALITY_USABLE,SOURCE_QUALITY_USABLE,0.880,B6_KEEP_CANDIDATE,RAW_PROGRESS_CONFIRMED,-30.4,43.7,5199,DIRECTIONAL_PROGRESS_MEMORY,DIRECTIONAL_PROGRESS_MEMORY|FORCE_SNAPSHOT_DERIVED|M1_BAR_PROXY|CONFIRMED_BY_RAW|RAW_PROGRESS_CONFIRMED|SOURCE_QUALITY_USABLE,"KEEP memoire: DIRECTIONAL_PROGRESS_MEMORY; KEEP prioritaire: scene confirmee raw, texture RAW_PROGRESS_CONFIRMED, provenance FORCE_SNAPSHOT_DERIVED, score memoire 0.880.",Comparer les scenes de progression / deplacement directionnel avec role raw explicite.,family=DIRECTIONAL_PROGRESS_MEMORY; session=NY_AFTERNOON; raw_texture=RAW_PROGRESS_CONFIRMED; raw_agreement=CONFIRMED_BY_RAW; source_quality=SOURCE_QUALITY_USABLE; source_family=FORCE_SNAPSHOT_DERIVED; source_mode=M1_BAR_PROXY,FORCE_SNAPSHOT_DERIVED: reconstruction force_snapshots_v2; not recovered existing summary; proxy/reconstructed reading; not full footprint claim; CONFIRMED_BY_RAW: raw supports proxy reading; source_quality_raw=PARTIAL_PROXY_COVERAGE; confidence_cap=0.35; read-only; no DB write; no dashboard; no Telegram; no BUY/SELL; T0113 film card is comparative memory only; no prediction; no BUY/SELL; no probability of success
B6FC_20260514_1703_CD416919,2026-05-14,2026-05-14T17:03:00+00:00,2026-05-14T18:03:00+00:00,NY_AFTERNOON,FORCE_SNAPSHOT_DERIVED,FORCE_SNAPSHOT_DERIVED,M1_BAR_PROXY,RECONSTRUCTED_FORCE_SNAPSHOT_DERIVED,0.35,FLOW_WEAK_DIRECTIONAL,Flux faible / transition proxy,Base scene: Flux faible / transition proxy (FLOW_WEAK_DIRECTIONAL).,"Reaction raw progressive: delta -41 pips, range 41.9 pips, 4354 ticks.",Projection directionnelle lisible: delta/range=0.98.,"Judgment technique: B6_KEEP_CANDIDATE, CONFIRMED_BY_RAW, SOURCE_QUALITY_USABLE.",CONFIRMED_BY_RAW,CONFIRMED_BY_RAW,CONFIRMED_BY_RAW,0.760,SOURCE_QUALITY_USABLE,SOURCE_QUALITY_USABLE,0.880,B6_KEEP_CANDIDATE,RAW_PROGRESS_CONFIRMED,-41.0,41.9,4354,DIRECTIONAL_PROGRESS_MEMORY,DIRECTIONAL_PROGRESS_MEMORY|FORCE_SNAPSHOT_DERIVED|M1_BAR_PROXY|CONFIRMED_BY_RAW|RAW_PROGRESS_CONFIRMED|SOURCE_QUALITY_USABLE,"KEEP memoire: DIRECTIONAL_PROGRESS_MEMORY; KEEP prioritaire: scene confirmee raw, texture RAW_PROGRESS_CONFIRMED, provenance FORCE_SNAPSHOT_DERIVED, score memoire 0.880.",Comparer les scenes de progression / deplacement directionnel avec role raw explicite.,family=DIRECTIONAL_PROGRESS_MEMORY; session=NY_AFTERNOON; raw_texture=RAW_PROGRESS_CONFIRMED; raw_agreement=CONFIRMED_BY_RAW; source_quality=SOURCE_QUALITY_USABLE; source_family=FORCE_SNAPSHOT_DERIVED; source_mode=M1_BAR_PROXY,FORCE_SNAPSHOT_DERIVED: reconstruction force_snapshots_v2; not recovered existing summary; proxy/reconstructed reading; not full footprint claim; CONFIRMED_BY_RAW: raw supports proxy reading; source_quality_raw=PARTIAL_PROXY_COVERAGE; confidence_cap=0.35; read-only; no DB write; no dashboard; no Telegram; no BUY/SELL; T0113 film card is comparative memory only; no prediction; no BUY/SELL; no probability of success
B6FC_20260514_1803_D795A8DB,2026-05-14,2026-05-14T18:03:00+00:00,2026-05-14T19:03:00+00:00,NY_AFTERNOON,FORCE_SNAPSHOT_DERIVED,FORCE_SNAPSHOT_DERIVED,M1_BAR_PROXY,RECONSTRUCTED_FORCE_SNAPSHOT_DERIVED,0.35,FLOW_DIRECTIONAL_DISPLACEMENT,Déplacement directionnel proxy,Base scene: Déplacement directionnel proxy (FLOW_DIRECTIONAL_DISPLACEMENT).,"Reaction raw rotationnelle: respiration/rotation de zone, delta 3.4 pips, range 12.4 pips, 3436 ticks.","Projection partielle: mouvement utile mais encore nuance par la texture, delta/range=0.27.","KEEP nuance: scene utile, raw nuance la lecture sans la durcir en confirmation.",NUANCED_BY_RAW,NUANCED_BY_RAW,NUANCED_BY_RAW,0.760,SOURCE_QUALITY_USABLE,SOURCE_QUALITY_USABLE,0.880,B6_KEEP_CANDIDATE,RAW_ROTATION_CONFIRMED,3.4,12.4,3436,DIRECTIONAL_PROGRESS_MEMORY,DIRECTIONAL_PROGRESS_MEMORY|FORCE_SNAPSHOT_DERIVED|M1_BAR_PROXY|NUANCED_BY_RAW|RAW_ROTATION_CONFIRMED|SOURCE_QUALITY_USABLE,KEEP memoire: DIRECTIONAL_PROGRESS_MEMORY; KEEP nuance: raw nuance la scene mais qualite/texture suffisantes pour comparaison B6; provenance FORCE_SNAPSHOT_DERIVED; score memoire 0.880.,Comparer les scenes de progression / deplacement directionnel avec role raw explicite.,family=DIRECTIONAL_PROGRESS_MEMORY; session=NY_AFTERNOON; raw_texture=RAW_ROTATION_CONFIRMED; raw_agreement=NUANCED_BY_RAW; source_quality=SOURCE_QUALITY_USABLE; source_family=FORCE_SNAPSHOT_DERIVED; source_mode=M1_BAR_PROXY,FORCE_SNAPSHOT_DERIVED: reconstruction force_snapshots_v2; not recovered existing summary; proxy/reconstructed reading; not full footprint claim; NUANCED_BY_RAW: useful but not hard-confirmed raw; source_quality_raw=PARTIAL_PROXY_COVERAGE; confidence_cap=0.35; read-only; no DB write; no dashboard; no Telegram; no BUY/SELL; T0113 film card is comparative memory only; no prediction; no BUY/SELL; no probability of success
B6FC_20260514_1903_E8F0918A,2026-05-14,2026-05-14T19:03:00+00:00,2026-05-14T20:03:00+00:00,NY_AFTERNOON,FORCE_SNAPSHOT_DERIVED,FORCE_SNAPSHOT_DERIVED,M1_BAR_PROXY,RECONSTRUCTED_FORCE_SNAPSHOT_DERIVED,0.35,FLOW_DIRECTIONAL_DISPLACEMENT,Déplacement directionnel proxy,Base scene: Déplacement directionnel proxy (FLOW_DIRECTIONAL_DISPLACEMENT).,"Reaction raw progressive: delta -3.7 pips, range 12.1 pips, 2837 ticks.","Projection partielle: mouvement utile mais encore nuance par la texture, delta/range=0.31.","Judgment technique: B6_KEEP_CANDIDATE, CONFIRMED_BY_RAW, SOURCE_QUALITY_USABLE.",CONFIRMED_BY_RAW,CONFIRMED_BY_RAW,CONFIRMED_BY_RAW,0.760,SOURCE_QUALITY_USABLE,SOURCE_QUALITY_USABLE,0.880,B6_KEEP_CANDIDATE,RAW_PROGRESS_CONFIRMED,-3.7,12.1,2837,DIRECTIONAL_PROGRESS_MEMORY,DIRECTIONAL_PROGRESS_MEMORY|FORCE_SNAPSHOT_DERIVED|M1_BAR_PROXY|CONFIRMED_BY_RAW|RAW_PROGRESS_CONFIRMED|SOURCE_QUALITY_USABLE,"KEEP memoire: DIRECTIONAL_PROGRESS_MEMORY; KEEP prioritaire: scene confirmee raw, texture RAW_PROGRESS_CONFIRMED, provenance FORCE_SNAPSHOT_DERIVED, score memoire 0.880.",Comparer les scenes de progression / deplacement directionnel avec role raw explicite.,family=DIRECTIONAL_PROGRESS_MEMORY; session=NY_AFTERNOON; raw_texture=RAW_PROGRESS_CONFIRMED; raw_agreement=CONFIRMED_BY_RAW; source_quality=SOURCE_QUALITY_USABLE; source_family=FORCE_SNAPSHOT_DERIVED; source_mode=M1_BAR_PROXY,FORCE_SNAPSHOT_DERIVED: reconstruction force_snapshots_v2; not recovered existing summary; proxy/reconstructed reading; not full footprint claim; CONFIRMED_BY_RAW: raw supports proxy reading; source_quality_raw=PARTIAL_PROXY_COVERAGE; confidence_cap=0.35; read-only; no DB write; no dashboard; no Telegram; no BUY/SELL; T0113 film card is comparative memory only; no prediction; no BUY/SELL; no probability of success
